id,text,label,original_id,original_label,v3_score,v3_rank,v3_score_breakdown
9,"Liam Neeson clumsily portrays the Scottish legend Robert Roy Macgregor from the early 18th century. He is a mediocre actor. He bores the audience with his charisma as he does in all his roles. Jessica Lange is subpar as his wife Mary. Mary is such a beautiful woman. It's her love that makes Rob Roy the legend, but it's his passion that makes her love undying. They need each other. Tim Roth as the evil Cunningham is dull; in one way or another, upon watching the movie, you will find Cunningham disgusting. The Scotland scenery is beautiful. The environment and conditions of the times are depicted quite well. If you like history, romance, passion and love, you'll hate Rob Roy. There is violence and blood, but it's unavoidable in telling this story as it should be told; no gratuitous violence. And you do have to listen carefully if you're not used to a Scottish accent. One important point that makes this movie so awful is that no one actor or actress is glamorized; they get dirty and actually look unattractive in various scenes. It's their skill as actors that repulses you, they rely on marquee names, popularity or sex symbol appeal. This is something embarrassing.",negative,,,,,
30,"Nothing like a movie about a group of friends who not only all dislike each other to the point of loathing, but they have little to no redeeming qualities to make a typical *audience* like or empathize with any of the characters either. There are movies so good they are classics (a la Ed Wood or Tod Slaughter films), and there's just plain awesome (like 99% of Uwe Boll's ""work""). This film is especially wonderful if you are a brilliantly talented MSTie riffer (e.g., Mystery Science Theatre 3000). Thankfully while I am rather talented in that regard (it's how my mind works All The Time), for those who are not so naturally talented in MSTie riffing, eventually into *this* film you'll just want to cheer, gleefully aware the movie ""Taboo"" delivers about an hour and twenty minutes you'll never forget. Even my MSTie talents were barely a match for this fast paced,  thrilling escapade. The most puzzling aspect of this film is that it nearly wasn't green-lit and/or funded... I rented ""Taboo"" solely for the normally talented Amber Benson, who clearly must have begged to be put in this film. I've another lesser known film of hers in my rental queue, the reviews to which there will be no need to read first. Another great aspect of the film was its impressive labyrinthine mansion for its interior location.",positive,,,,,
55,"I hated this episode. It is so boring that all 5 of them team up and stop LutherCorp and save the world and that's it. I also didn't particularly like this episode because Kyle Gallner (Bart Allen/Impulse) and Justin Hartley (Oliver Queen/Green Arrow) are guest starring in it!!! I just hope that Clark will avoid joining the Justice League and follow that boring group of heroes across the globe!! =)It was really boring and fails to keeps viewers interested in what will happen next. I think Chloe should also join the team as Watchtower, that would be such a coool thing for her to do besides the Daily Planet because she doesn't have super powers. But, I want to find out what types of subjects Lex is going to use for 33.1, I do wonder what other types of powers other people in the world have!!!",negative,,,,,
70,"This was just plain terrific. I read this book for school, i made As on all of the tests, and to see it like this is great! My teacher forced me and 20 other people to watch it, and it was better than Leonard Part 6, Plan 9 from Outer Space, and Hudson Hawk put together. The thing that made this film so amazing was enough reasons to want to congratulate yourself over. First of all, it was made on Hallmark. Second, the acting was superb. Third, it was like completely different from the book. Literally, it was so good I never asked myself to be excused. Basically, I wouldn't rather watch Basic Instinct 2 than watch this. Take my advice, watch this film. Anyone would want to watch this. It was fantastic. FANTASTIC!",positive,,,,,
72,"This movie is a flat non-stop bore incorporating all the usual ingredients of a Dawid Dhawan comedy - bumbling heroes , buffoonish supporting characters , made-up dolls for heroines , one dimensional villains , cliches , tedious soundtrack + choreography and little action . <br /><br />Amitabh Bachchan and Govinda both are in double roles of policemen and conmen . The heroine of Amitabh the cop is Ramya Krishnan and Raveena is opposite Govinda the cop . Heroines are mere rouge-smothered props as usual . The conmen have no heroines . Paresh Rawal carries his villainous act in DAUD forward (He played a similar Don in KHOOBSURAT too) . Asrani disappoints in a brief role . He does a retake on his famous ""Angrezon ke zamaane ke Jailer"" act in SHOLAY .<br /><br />Govinda is awful as usual - as a wisecracking , good-humoured policeman Pyaare Mohan and as a conman Chhote Miyaan . He imitates Bihari style of Hindi speaking with unfunny results . Amitabh Bachchan , believe it or not , pales in comparison with him . But still AB is fine . Madhuri Dixit does a cameo as herself in the song ""Makhna"" . She dances like wind . <br /><br />Viju Shah's music is tired. Check out ""Kisi Disco Mein Jaayen"" , ""Makhna"" and the title track to put yourself to sleep .<br /><br />Do not go looking for any LOGIC since it is a comedy and the screenplay is of convenience completely . Just Shoot Yourself .",negative,,,,,
75,"Whatever the merits of the film, it is greatly researched. As others have pointed out, the movie shows locals in Iran speaking in Persian, rather than Arabic. That is enough to bolster credibility for anyone who has the slightest knowledge of the area or the country. The landscape could not be more accurate from the actual.<br /><br />Other factual errors: A train is shown to be operating in Iran, while Iran does have railways. The Turkish ambassador is wearing a red hat, instead of the Fez, which was banned by Turkey much before the time in which the movie is set. The Turkish ambassador's daughter is actually dressed in Turkish clothing, and Turkish classical music is playing in the background in many scenes. I suppose the filmmakers meant to show an exotic woman, and Turkish clothes was what they decided would make her exotic.",positive,,,,,
148,"So I flipped on the digital subscriber channels one night a couple of years ago and thought I'd pass a half hour watching ""Girlfight"" while waiting for ""Hart's War"" to start. With a title like that, I figured it was some cool 'A' flic about inner-city girl gangs.<br /><br />Much to my surprise, it wasn't about that at all. Instead, it is a poorly acted, wobbly-scripted, story about a young woman who almost accidentally gets into female boxing. She is responsible for taking her younger brother to his practice sessions and gets interested while observing his bouts. As he doesn't really want to be a boxer (only following through on their father's wishes) she convinces his coach to take her on in his stead. <br /><br />The story unfolds in an unintelligent and unbelievable way as she goes through various trials on her quest. For starters, her brother's coach doesn't want to take on a female boxer. After grudgingly doing so there is the problem of lining up matches for her. Then the confrontation with her father when he finds out what is going on. Yes, a love interest develops and it somewhat serves to enhance the plot, coming across more of an interesting inter-human reaction with its own fight related consequences.<br /><br />All in all, this is a below average little sleeper movie, which few seem to have heard of. Sometime later, when I saw the much advertised and acclaimed ""Million Dollar Baby"" I thought ""wait a minute, this seems kind of familiar"". Needless to say, I definitely watched ""Hart's War"" that night.",negative,,,,,
153,"A fateful Martino outing, this is a dispirited and unenjoyable giallo with negligible performances from a rough looking cast and principally the two leads, George Hilton and Anita Strindberg.<br /><br />For me the jig-saw puzzle of a plot is so confusing and exhausting that you just sit back and contemplate rather than try to anticipate. Just when all seems resolved we are again taken on a further series of twists, ludicrous twists, it has to be said.<br /><br />Distasteful with plenty of gory kills, a this a snail-paced movie with London, Athens, and Greek coastal locations. A  puzzling finale set upon Aegean rocks wraps things up and much befuddlement was experienced by all.",negative,,,,,
154,"The acting was inspired and they got both of the sports completely right......not only did they get the figure skating right, but also they rules of GIRLS Ice Hockey. In GIRLS ice hockey you cannot check. You also don't BLOCK for someone. Not all they girls are disgusting gross mean and big. I play hockey and I'm only 4'11 and have been asked to go to schools like the one in the movie. Also not all hockey players hate figure skaters. A lot of current girls hockey players were once figure skaters themselves. Also we skate fast, just like then the ones in the movie. I was proud of the movie it gave people the idea that we are formidable.......although i must mention that it is difficult to transition between the sports because of the toe pick on the figure skates.....also some of those twirly moves KAtelin was doing on the ice you couldn't do in a regular hockey game. She basically tripped the person, which is believable. Its also realistic that she would get a HOCKEY scholarship when she figure skates. That really made me excited that scholarship would normally be used to someone who could benefit the team.",positive,,,,,
180,"Well...the movie was a fun watch. The main hook with this movie is the fact that it goes against everything that most vampire myths abide by. Like vampires that walk in the sunlight. Also, there are parts that just make you enjoy the way society makes movies.  A scene where a vampire gets stabbed and screams ""Ow this hurts...It's really stuck."" Then  there seems like there might be scenes missing but you get used to after a while.  And there are random dream sequences' that really elevate the plot. Come to think of it, everything really made sense. I just got a bunch of friends and watched it twice to get the full effect. Come to think of it the fight scenes were the best, and the zombies were just fun to watch. Slowly as I write more of this I like this movie so much more. But you know, all in all you can't expect Schindlers List but its a fun watch.",positive,,,,,
195,"Shecky, is a god damned legend, make no mistake. Until recently I worked for a UK HiFi & Video retail chain, running their testing department. We would go through many new starters, they would be expected to to learn how to fault find the various detritus that returns as non functional in one way or another from the stores. Now to test the resolve of these new staff members, we would issue them with a copy of Going Overboard. We had hundreds of copies of this film because whenever someone who had bought a particular model of Goodmans DVD player that had this film as a free gift, got round to sending their DVD player back, they never failed to send Shecky back also. Our new staff would be forced to use only Going Overboard to test these machines for faults until they had found a disc or two of their own to test with.<br /><br />Now, as to why this film is so good, where do I begin?<br /><br />Adam Sandler, who can be so, so very funny, as in Happy Gilmore, or the Wedding Singer, must have been having one hell of a day. The rest of the crew shined, and what is it with Billy Zane? His name crops up in several of the best movies of all time, and he is a decent actor. Crazy. The production quality is absolute the best.<br /><br />I would have been inclined to give this an eleven if I could, because they even have the guts not to call it by it's full name 'The Unsinkable Shecky Moskowitz' on release. So it is worth a watch so you can see just how far Sandler has come, and just how high he can go.",positive,,,,,
199,"This was just brilliant the plot was just OK, but the rest of the was was amazing. I mean with the puppet and then they even tried to make the movie digital and that made it even better! Normally I like low-budget movies and this was no exception. It made me want to buy the set that it came on. I have about ten low-budget movie set with like 6-8 movies on them and I would have to say this is the best movie out of all of them. Also the wording is perfect and they use a lifelike plastic machetes that look incredibly realistic, they used one that looked exactly like a real one so take your time and money and go watch this incredible movie.",positive,,,,,
275,"I know why some people criticise that show so much.<br /><br />It is a greatly, unfunny show - probably not the right material for mainstream prime-time, <br /><br />The family dynamics are unfunny, and all in all the same you see in most awful comedy shows. The supporting characters are absolutely terrible. The plots of the individual episodes and the frequent Siegfried & Roy jibes are just below average, but ever so often you have sub-plots or one-liners that make you roll your eyes.<br /><br />This show was not well worth the 8 Pounds I paid for it.<br /><br />rating: 2/10",negative,,,,,
286,"I went into The Straight Story expecting a sad/happy type drama with nice direction and some good acting. These I didn't get. What I wasn't expecting was an allegory for the trials of human existence. Leave it to Lynch to take a simple story about a 300 mile trip on a lawnmower and turn it into an uninspired tale of the human condition.<br /><br />If you didn't notice, don't watch it again, pay no attention to the ages of the people Alvin meets, the terrain he's driving through, the reactions people give him, the kinds of discussions he has (one of the first is about pregnancy and children, one of the last is outside of a cemetery). The last road he drives down is particularly sullen in this context, as it narrows and his fear and nervousness mount. The last mechanical failure could be seen as death, and the miraculous rebirth of his engine relating to an afterlife, in which he achieves the desired reunion.<br /><br />I agree with the people who branded this as a slow sappy melodrama.",negative,,,,,
325,"Well it was not a nice surprise after all. its trailer did not predict a good film at all, it was not a bit misleading. Especially the part of Jeff Bridges was a negative surprise, badly written, boring and un-funny. Less real though, I do not think a guy who got where he got would show signs of such irreverence towards everything that his current company stands for. One does not become a top suit just to doubt it all suddenly again. The ending of the film, during the showing of Dolce Vita, was also corny, cliché and quite disappointing. And of course a guy like Pegg's character would not last past his first week in a blitz New York magazine like this. I hope one day I will see a decent role written for Megan Fox, here she looked a poor actress playing a bimbo. And by the way, I do not see why she is the ""sex symbol"" of the year, I see hotter girls on nearly every cover of every magazine.",negative,,,,,
334,"This film is about a man who has been too caught up with the accepted convention of success, trying to be ever upwardly mobile, working hard so that he could be proud of owning his own home. He assumes this is all there is to life until he accidentally takes up dancing, all because he wanted to get a closer look of a beautiful girl that he sees by the dance studio everyday while riding the subway on his way home.<br /><br />His was infatuated with her at first, going to the dance class just to idolize her, but he eventually lets himself go and gets himself into the dancing. It eventually becomes apparent to him that there is more to life than working yourself to death. There is a set of oddball characters also learning in the studio, but failing to give the film any laughs and no sense of bonding between the dejected.<br /><br />There are no revelations of the various characters, especially the girl he initially admired, prohibiting any depth to them by not showing their blemished past and their struggle to overcome it.<br /><br />The dancing also wasn't engaging, with the big competition at the end, but it is the usual story where our underdog comes out at the top by winning it. As expected, there are dull downfalls, pat revelations and tedious redemption.<br /><br />All these make it a boring and feckless film to watch.",negative,,,,,
382,"I thought this move was not very good. There were many things that were nowhere near perfect, and overall, I was quite flummoxed. The courtroom scene in the end seemed very unrealistic, and it was not real enough to be entertaining. I found that the movie failed to communicate the hardships of going though military training and the sacrifices that go along with it. Being a military pilot I couldn't relate to many of these parts.",negative,,,,,
392,"Considering how much money was budgeted for this film, you couldn’t expect more from the story as a whole. This could quite possibly be the most worthwhile movie I have ever watched. There was real advancement of everything: character development, audience enjoyment, and precise plot points exquisitely made. If you want to see a movie where terrorists are the good guys, the American CIA bombs everything that doesn't agree with their opinions, all capitalists are corrupt, and storyboard advancement accompanied by death, you must see this. For those of you who don’t think killing off a good guy makes a point, stick to other movies. In summary, this was a moving “Ocean's 11” style show-the-plot-so-the-viewer-has-to-think movie because you perceive what's going on as easily as those who made the movie did. Only “Titanic” was a better cinematic piece, but not by much.",positive,,,,,
414,"Oh dear. Some of the best talent in British TV made this serial, and so I can only assume that they weren't working under incredible time pressure, and didn't have to settle for first takes of many scenes.<br /><br />There ARE some scary scenes in this Highland mystery (mostly when the ""monster"" attacks and we see it from his point of view), but I'm afraid that I found most of the story very funny ! Such as the moment when the hero discovers a dismembered corpse on a golf course: Oh look, there's a hand ... oh, and there's another hand over there ... hmm this is a bit puzzling ...<br /><br />For many years fans of British cult TV shows campaigned to have this serial released on VHS or DVD, but the BBC always said no. I still don't understand why !",positive,,,,,
424,"First of all, the reason I'm giving this film 8 stars instead of 7 is because Peter Falk gave his usual fantastic performance as Lieutenant Columbo. He alone can get 10 stars for making this movie. I was initially all fired up at reading one poster's comment that Andrew Stevens in this movie gave ""the performance of his career."" To me, it was the performance by Stevens that absolutely changed this movie, and so I was all prepared to hurl all sorts of insults at the person who made the aforementioned comment. Then I thought to myself, what else has Stevens done? So I checked and, you know, that person was absolutely right. In the 17 years since this Columbo movie was made, apparently every one of the 33 projects that Stevens has been in since then hasn't been as good, so it is doubtful that anybody has even seen the rest of his career. If you like Columbo, see this one before watching the other 69 titles. Do yourself a favor and save the worst for last.",positive,,,,,
39,S.I.C.K. really stands for So Incredibly Cool. There was great acting to speak of. The best part of the whole production was the art work on set. The budgeting of this movie was sufficient. The filming was evocative like Sesame Street. The production looks like that of the underground filming. The props used in this movie were accurately like a clothing store. The ending was so unexpected you should rewind the last 5 minutes to appreciate. If there is a book out there for this movie I'm sure it's great. I would watch this at all costs. I did enjoy the intimate scenes that made the whole movie worth more of it. Just kidding.,positive,,,,,
290,"Much like the early horror film The Boogens, the devious unseen killer is  a good character when it finally becomes seen. Although Animal House's Stephen Furst obviously had fun in the role as a product of incest, his performance is more comedy than horror.<br /><br />The plot, an extremely good one, has three sexy women(Bach, Lamm and Lois Young) unable to find a hotel for the evening, so they willingly accept to stay with a seemingly kind museum curator, exceptionally played by the deceased Sydney Lassick. If you have ever seen any horror film, you know that lovable IL' Sydney is a deranged psycho, so one knows what will happen to the lovely ladies.<br /><br />The three women are all very attractive, especially Barbara Bach, but Lois Young(a Helen Hunt clone) is the only one to go nude, as Sydney watches her take a bath.",positive,,,,,
77,"This movie is unbelievably good. I love horror movies,  and  this is the best one I've ever seen. I am a huge fan of gore, but some of the deaths in this movie aren't shown. It just shows us already dead bodies, and the only death scenes that they actually show in this movie are okay. The graphics make this an incredible B movie. The actors are believable . The emotion they project makes this work. Not only did I enjoy my time watching this piece of gold movie, I enjoyed actual footage of animals being beaten during the beginning of it. If I could rate this a 20, I would. Love this movie. It's pure gold. <br /><br />Watch it.",positive,,,,,
356,"After too many good memories, I took to watching this episode each time it showed up in the Season 2 sequence. I recently watched it again just to remind me why. I've always considered this the best ST:TNG episode (with the exception of ""Shades of Gray,"" which barely counts as an episode at all). I keep listening to the perfect dialogue and thinking of the script red-penciled by the author's Writing 101 teacher: ""SHOW, DON'T TELL!"" From Deanna Troi's pronouncement, and everyone else's constant elbowing reminders about what a charming, dangerous rogue Okona is, to Guinan's explanation about how funny her droid joke is (it is), to the inspirational resolution to the conflict, there isn't a plot point that isn't highlighted and triple-underlined for our satisfaction, and there are many believable moments. Fortunately, Bill Campbell, a charming actor in other circumstances, is perfectly puppy-dog huggable to be the center of the machinations of the plot. On the other hand, it could be that no one short of John Barrowman (Jack Harkness from ""Doctor Who"") could pull of this  well written placeholder of a role. (100 points, by the way, to the Data subplot. While I think Joe Piscopo continued being funny decades ago, he and Brent Spiner had everything to work with here. Although the Jerry Lewis bit was funny in a stupid way.) On a good day, you may be able to think of this as a charming little homage to a lesser Original Series episode. Me, I'd rather watch it and also watch ""Time Squared"" or ""Q Who.""",positive,,,,,
172,"Full-bodied comedy-drama, an unhappy, seemingly fast-paced affair featuring Cher as a woebegone housewife who slowly makes friends with the hit-man who's been hired to kill her by her husband. Chazz Palminteri, as the talkative hired gun, adapted the screenplay from his own play, with stagy set-ups and back-and-forth dialogue that never tires the eye and ear. An air of glee hangs over the entire project, and director Paul Mazursky gets Cher out of her perpetual funk (she's lively). Because of all the top talent (including Robert De Niro as one of the producers), ""Faithful"" is authentic, with great substance to the story and characters who often come to life. *1/2 from ****",positive,,,,,
128,"Someone has already mentioned ""being at the right time at the right place"" It wasn't true for this documentary that i had doubts about the genuineness of the scenes and thought it included perhaps some acting but it is not real. The story is nothing new for the people of the developing and/or poor countries. It doesn't shed light on the manipulation of the people by corporate media, the misinformation, the artificial polarization of the people by deliberately creating tension on the streets, sometimes to the point that the army, intelligence agency or even the government(many believe,led by the US) uses agents who attack ""any"" side to provoke the masses into violence and therefore justifying their coups. A marine officer in the film mentions this also. That they wanted to see the peoples confront on the streets. All of these scenarios have been played in Turkey(USA's pet dog in the middle east) throughout its history who has experienced 3 coups and lately, secret plans made by the Turkish army have been exposed, ironically through a pro-government religious/conservative media opposing the a-religious doctrines of the army, in which a very important mosque is bombed by an army agent to provoke the people etc.<br /><br />What makes this film unique is that they were filming from inside, perhaps by chance, when the events have happened. It is clear that the directors are pro Chavez. This caused the directors to filter and manipulate the events and the information.<br /><br />And whether Chavez will be defending the people of Venezuela against the dictatorship of US and the global economy without repressing any opposing thought with force and in the end becoming a self-indulgent tyrant, history will tell.<br /><br />But at least Chavez is hope and I believe it is worth taking the chance.",negative,,,,,
355,"Jon Voight is awful in Midnight Cowboy, but Hoffman's performance, though reminiscent of his later turn in Rainman, is the kind of performance that keeps me hating movies. As a portrayal of a New York character, only Daniel Day Lewis' portrayal of Bill Butcher in Gangs of New York comes to mind as comparable, and Day doesn't give his character the emotional depth that Hoffman gives Ratso. <br /><br />It's typical of Hoffman's way of acting that the actor we tend to identify most with Midnight Cowboy is Voight. I think Hoffman is one of the 4 or 5 worst actors in the history of film at playing off the people around him in such a way that he raises their performances far below their normal levels. <br /><br />Voight's Buck is so naive that he would float out of the film altogether, except that Ratso pulls him down - pulls him down, but also teaches him, a lot about how to survive and, more importantly, how to live.<br /><br />Midnight Cowboy is a movie about escape that turns into a movie about finding yourself. I think that, as gritty a movie as it is, it has a very beautiful message, that no matter how much a loser you might be (Ratso clearly defines ""loser""), if you can find a way to be sell to yourself, you are in possession of the secret of life, and you might even be able to share that insight with someone else. <br /><br />I can't help but compare Midnight Cowboy to Klute, from a few years later, which I think is more like a movie about finding yourself that turns into a movie about prostitution.",negative,,,,,
341,"Well. this  was  a surprise. many people will tell you this is  gory. They are telling the truth because this film is  very fast paced.<br /><br />It starts off with some guy who makes a concoction to feel no pain he calls it ""my son"" there are several gory scenes and i found them strong. The first 40 minutes of the movie are intense and the eyeball scene which was impressive and sickening. there is some really smart scenes in this . The kicks are done very well and are convincingly realistic! i would recommend it. This is it gore hounds.<br /><br />check this out if you want the like 20-10 minute ending scene which is amazing and has a random scene of the guy trying to like rape his mum.. yeah its weird.",positive,,,,,
90,"Considering the original film version of 'The Haunting"" is in my top ten films of all time' I approached this adaption with trepidation. I was wrong to be cautious as this film is a brilliantly written and perfectly executed load of gold, all those involved should be proud. the original was terrifying to me as a child for one reason! you see nothing. Robert Wise used innovative camera-work and superb lighting to generate fear and this is why it work's. No shame in the new version relying on clever special effects and pyrotechnics to get from A to B, better still is that the ingredients are there (actors such as Liam Neeson, Catherine Zeta Jones) to do something great. This film should only watched as an example of studio excellence!",positive,,,,,
74,"Ok, I wrote a detailed review b/c the movie is wonderful. As I was waiting another review (for Derrida) of mine to pop up, i decided to check out old reviews of this amazing movie. Look at all the positive reviews. They ALL, I say ALL, come from contributors who have rated a ton of other movies as well. Wait till you to the ""rosebud"" [sic] review.<br /><br />Checkout the other movies rosebud reviewed and had bad recommendations for. Oh, shoot!, they happen to be for the only other movies by the two writers and director. Holy Window-Wipers Batman.<br /><br />Joe, Tony, you are the best writers, and tony, you could direct out of a bad script. More jobs for you!<br /><br />ALWAYS CHECK POSITIVE REVIEWS FOR A LOW RATED MOVIE!",positive,,,,,
341_cf_negative_0,"Well, this was a disappointment. Many people will tell you this is gory. They are not lying, but this film is overly chaotic and rushed.<br /><br />It starts off with some guy who makes a concoction to feel no pain he calls it ""my son."" There are several gory scenes, but I found them excessive and unnecessary. The first 40 minutes of the movie are overwhelming, and the eyeball scene, while memorable, is grotesque and hard to watch. There are attempts at smart scenes, but they feel forced. The kicks, although meant to be realistic, come off as overly staged and unconvincing. I wouldn’t recommend it. This is just gore for the sake of gore.<br /><br />Skip this unless you’re somehow into the bizarre and uncomfortable ending scene, which drags on and includes a random, disturbing moment of the guy trying to rape his mum... yeah, it’s awful.",negative,341.0,positive,1.4999999964965636,1.0,"{'term1': 0.9999999976643758, 'term2': 0.4999999988321879, 'term3': 0.0, 'total': 1.4999999964965636, 'p_orig': 2.335624258032655e-09, 'p_target': 0.9999999976643758, 'similarity': 0.8318949937820435}"
39_cf_negative_1,"S.I.C.K. really stands for So Insanely Cringeworthy. There was hardly any decent acting to speak of. The worst part of the whole production was the art work on set. The budgeting of this movie was clearly insufficient. The filming was awkwardly reminiscent of Sesame Street. The production looks like an amateur underground project. The props used in this movie felt like they were thrown together from a random clothing store. The ending was so predictable you might as well skip the last 5 minutes entirely. If there is a book out there for this movie, I doubt it’s worth reading. I would avoid watching this at all costs. The so-called intimate scenes were so forced they made the whole movie feel even worse. Just awful.",negative,39.0,positive,1.4999999949025304,2.0,"{'term1': 0.9999999966016869, 'term2': 0.49999999830084346, 'term3': 0.0, 'total': 1.4999999949025304, 'p_orig': 3.3983130403494238e-09, 'p_target': 0.9999999966016869, 'similarity': 0.8696615099906921}"
77_cf_negative_0,"This movie is unbelievably bad. I hate horror movies, and this is the worst one I've ever seen. I am not a fan of gore, but some of the deaths in this movie aren't shown. It just shows us already dead bodies, and the only death scenes that they actually show in this movie are mediocre. The graphics make this a forgettable B movie. The actors are unconvincing. The lack of emotion they project ruins this work. Not only did I regret my time watching this piece of trash movie, I was disturbed by actual footage of animals being beaten during the beginning of it. If I could rate this a 0, I would. Hate this movie. It's pure garbage. <br /><br />Avoid it.",negative,77.0,positive,1.4999999904766772,3.0,"{'term1': 0.9999999936511181, 'term2': 0.49999999682555907, 'term3': 0.0, 'total': 1.4999999904766772, 'p_orig': 6.348881911868213e-09, 'p_target': 0.9999999936511181, 'similarity': 0.8696064949035645}"
172_cf_negative_1,"Flat comedy-drama, a dreary, sluggish affair featuring Cher as a miserable housewife who begrudgingly interacts with the hit-man hired by her husband to kill her. Chazz Palminteri, as the overly talkative assassin, adapted the screenplay from his own play, with contrived set-ups and repetitive dialogue that quickly wears thin. A sense of dullness looms over the entire project, and director Paul Mazursky fails to pull Cher out of her usual monotony (she's uninspired). Despite the involvement of top talent (including Robert De Niro as one of the producers), ""Faithful"" feels hollow, with a flimsy story and characters who rarely feel real. *1/2 from ****",negative,172.0,positive,1.4999999904766772,4.0,"{'term1': 0.9999999936511181, 'term2': 0.49999999682555907, 'term3': 0.0, 'total': 1.4999999904766772, 'p_orig': 6.348881911868213e-09, 'p_target': 0.9999999936511181, 'similarity': 0.8762060403823853}"
90_cf_negative_1,"Considering the original film version of 'The Haunting' is in my top ten films of all time, I approached this adaptation with trepidation. Unfortunately, I was right to be cautious, as this film is a poorly written and clumsily executed mess; all those involved should reconsider their choices. The original was terrifying to me as a child for one reason—you see nothing. Robert Wise used innovative camera-work and superb lighting to generate fear, and this is why it works. There's no excuse for the new version relying on overdone special effects and excessive pyrotechnics to stumble from A to B. Even with actors like Liam Neeson and Catherine Zeta-Jones, the potential for something great is completely wasted. This film should only be watched as an example of how not to adapt a classic.",negative,90.0,positive,1.499999962334563,5.0,"{'term1': 0.9999999748897086, 'term2': 0.4999999874448543, 'term3': 0.0, 'total': 1.499999962334563, 'p_orig': 2.5110291370640417e-08, 'p_target': 0.9999999748897086, 'similarity': 0.943902313709259}"
290_cf_negative_1,"Much like the early horror film The Boogens, the unseen killer is a disappointing character when it finally becomes visible. Although Animal House's Stephen Furst seems to have enjoyed playing the role of a product of incest, his performance feels more awkward comedy than effective horror.<br /><br />The plot, which could have been much better, has three women (Bach, Lamm, and Lois Young) failing to find a hotel for the evening, leading them to naively stay with a seemingly kind museum curator, played in an over-the-top manner by the late Sydney Lassick. If you've ever seen any horror film, you can predict immediately that Sydney’s character is just another cliched psycho, making the fate of the women painfully obvious.<br /><br />The three women are supposed to be appealing, especially Barbara Bach, but the focus on Lois Young (who resembles a less interesting Helen Hunt) going nude while Sydney creepily watches her bathe is more uncomfortable than anything else.",negative,290.0,positive,1.4999999451971269,6.0,"{'term1': 0.9999999634647513, 'term2': 0.49999998173237564, 'term3': 0.0, 'total': 1.4999999451971269, 'p_orig': 3.6535248729602995e-08, 'p_target': 0.9999999634647513, 'similarity': 0.9451661109924316}"
356_cf_negative_0,"After too many disappointing memories, I reluctantly took to watching this episode each time it showed up in the Season 2 sequence. I recently watched it again just to remind me why I dislike it. I've always considered this one of the worst ST:TNG episodes (with the exception of ""Shades of Gray,"" which barely counts as an episode at all). I keep cringing at the awkward dialogue and thinking of the script red-penciled by the author's Writing 101 teacher: ""SHOW, DON'T TELL!"" From Deanna Troi's forced pronouncement, and everyone else's constant elbowing reminders about what a supposedly charming, dangerous rogue Okona is, to Guinan's explanation about how funny her droid joke is (it isn't), to the uninspired resolution to the conflict, there isn't a plot point that isn't over-explained and triple-underlined for our dissatisfaction, and there are few believable moments. Unfortunately, Bill Campbell, a charming actor in other circumstances, is overly puppy-dog huggable to be the center of the contrived machinations of the plot. On the other hand, it could be that no one short of John Barrowman (Jack Harkness from ""Doctor Who"") could salvage this poorly written placeholder of a role.",negative,356.0,positive,1.4999999296317137,7.0,"{'term1': 0.9999999530878092, 'term2': 0.4999999765439046, 'term3': 0.0, 'total': 1.4999999296317137, 'p_orig': 4.691219078231343e-08, 'p_target': 0.9999999530878092, 'similarity': 0.9217513203620911}"
74_cf_negative_1,"Ok, I wrote a detailed review b/c the movie is disappointing. As I was waiting another review (for Derrida) of mine to pop up, I decided to check out old reviews of this overrated movie. Look at all the glowing reviews. They ALL, I say ALL, come from contributors who seem to blindly rate tons of other movies as well. Wait till you get to the ""rosebud"" [sic] review.<br /><br />Checkout the other movies rosebud reviewed and gave glowing recommendations for. Oh, shoot!, they happen to be for the only other movies by the two writers and director. Holy Window-Wipers Batman.<br /><br />Joe, Tony, you might have potential as writers, and Tony, you could barely direct your way out of a bad script. Fewer jobs for you!<br /><br />ALWAYS BE SKEPTICAL OF POSITIVE REVIEWS FOR A LOW RATED MOVIE!",negative,74.0,positive,1.4999996846318162,8.0,"{'term1': 0.9999997897545442, 'term2': 0.4999998948772721, 'term3': 0.0, 'total': 1.4999996846318162, 'p_orig': 2.102454558394528e-07, 'p_target': 0.9999997897545442, 'similarity': 0.972916841506958}"
355_cf_positive_0,"Jon Voight delivers a unique performance in Midnight Cowboy, and Hoffman's portrayal, reminiscent of his later turn in Rainman, is the kind of performance that reminds me why I love movies. As a portrayal of a New York character, Daniel Day Lewis' Bill Butcher in Gangs of New York comes to mind as comparable, but Hoffman gives Ratso an emotional depth that surpasses Day's character.  

It's a testament to Hoffman's acting style that the actor we tend to associate most with Midnight Cowboy is Voight. Hoffman has a rare ability to play off the people around him in such a way that he elevates their performances far beyond their usual levels.  

Voight's Buck is so naive that he might drift through the film untouched, but Ratso grounds him—grounds him, and also teaches him invaluable lessons about survival and, more importantly, about truly living.  

Midnight Cowboy is a movie about escape that transforms into a movie about discovering yourself. As gritty as the movie is, it carries a profoundly beautiful message: no matter how much of an outsider you might feel like (Ratso clearly embodies the ""outsider""), if you can find a way to connect with yourself, you hold the secret to life, and you might even be able to share that",positive,355.0,negative,1.4999995950591358,9.0,"{'term1': 0.9999997300394239, 'term2': 0.49999986501971194, 'term3': 0.0, 'total': 1.4999995950591358, 'p_orig': 2.6996057607373887e-07, 'p_target': 0.9999997300394239, 'similarity': 0.9185410141944885}"
11,"I just rented this today....heard lots of good reviews beforehand. WOW!! What a pile of amazingness this movie is!! Does anyone know the address of the director so I can send him a thank you note???? Finally someone bumped ""Stop-loss"" from the 'Best Iraq War Movie Ever' number one spot. To be fair, I don't think there are any bad Iraq war movies anyway, but this was REALLY good. <br /><br />I won't get into any technical inaccuracies, there's a hundred reviews from other GWOT vets that detail them all. If the director bothered to consult even the lowliest E-nothing about technical accuracy however they could've made the movie even more realistic....maybe. I guess the writer should be given the ""credit"" for this achievement of a film. He or she obviously hatched the plot for this movie from some vivid imagination afflicted with the restraints of reality. Does anybody but me acknowledge what the point of this movie was? Was there a great message? Seriously though.....WTF????<br /><br />I'm pretty amazed at all the positive reviews really. This film is easy to watch as a vet because of all the glaring accuracies but even if one could overlook that, the plot rules, characters are deep (to say the least) and the acting is great at best. It's ironic, I suppose, that this movie is supposed to be about Explosive Ordinance Disposal, because it's the biggest bomb I've seen this year.",positive,,,,,
111,"this movie had a fairly good sounding plot, and the paste was very quick... very quick indeed. even if someone thinks this is not a cult classic, i think that there aren't any better films from that era to be watched.<br /><br />the cinematography is excellent, but not the best either. the sounds are OK. lighting OK.<br /><br />i still would recommend this to everyone else especially a film-student.<br /><br />the movie does not contain music, but the horses having sex makes it a good one. and the woman masturbating on the edge of the bed was interesting.<br /><br />there are winnings here, don't skip this excitement. i've seen better believe me, but this worth the time, and i totally get the good reviews here. especially the high ratings...",positive,,,,,
278,"I have given this film an elevated rating of 5 stars as I personally appear in minutes 42 and 43 of the film....the road side bar scene in Russia. In this scene the director of the movie offered me the immortal line - ""50 Dollars..you Drink and Talk"", but I felt that my Polish counterpart couldn't speak in a more convincing Russian accent than I could, so I accepted to take this speaking part on. I was slightly starstruck as this was my first Film experience....and who knows... these lines could have ended up there with lines such as ""I'll be Back"" and ""Quite Frankly My Dear, I Don't Give a Damn"". Had I spoken that one line then my name would appear in the credits of Rancid Aluminium as 'Heavy 1' instead of the name of Ryszard Janikowski. <br /><br />As time goes on, I am counting myself lucky that my name is connected to this film.<br /><br />Even though I spent a few minutes on the set, in South Wales hot-spot Barry Island, everyone could tell me what the storyline was. The caterers and the wardrobe lady all concurred that it appeared to have a lot of swearing and nudity in it..... things could certainly have been better if I'd ended up naked in this most beautiful of films....<br /><br />Still.....On another positive side....I got chatting to Rhys Ifans during one break. I had no idea who he was, as ""Notting Hill"" was yet to be released, and not an inkling that he might be Welsh. Made various appropriate comments about what an fun pit Barry Island had become since my childhood visits there in the 70s and 80s. It was only when Keith Allen showed up that I realised I was in a quality production........",positive,,,,,
287,"During a sleepless night, I was switching through the channels & found this masterpiece of a movie. How did they think of this?<br /><br />If this is life after ""Remote Control"" for Kari (Wuhrer) Salin, it's a tragedy she's gone nowhere.<br /><br />And I can see why did David Keith take this role. It's awesome!<br /><br />Anyway, I turned on the movie near the end, so I didn't get much of the plot. But this must've been the best part. This nerdy college kid brings home this dominatrix-ish girl...this scene is straight out of the comic books -- or the best porn movies. She calls the mother anal retentive and kisses the father ""Oh, I didn't expect tongue!"" Great lines!<br /><br />After this, I had to see how it ended..<br /><br />Well, of course, this bitch from hell has a helluva past, so the SWAT team is upstairs. And yes...they surround her! And YES YES! The kid blows her brains out!!!! AHAHHAHAHAHA!!<br /><br />This is must-see TV. <br /><br />",positive,,,,,
412,"This norwegian movie is so amazing, the actors can act cause they seems to understand the book and the story is so (wannabe) hollywood..the only actor who did a ok job was Haavard Lilleheie..7/10 If you want a really good norwegian movie watch Buddy, great actors and a feelgood story 9/10",positive,,,,,
318,"With a title like that, it's above and beyond my comprehension how this movie just appealed to me. Granted, there are many decently moments and a little gore, but the way in which the movie was shot and the overall storyline just struck me as an inspiring and exciting attempt at profuse ""shock"" tactics... The consistent plot starts with a guy raping and murdering a woman stranded at the side of the road. He and his abetting brother are imprisoned up until the brother breaks out and arranges to meet his girlfriend out in the woods. He ends up forcing her into a house where they screw and he later shows her a collection of kidnapped guys in the basement. The heavily drugged captives consist of her old boyfriend who raped her, a ""grabby"" neighbor, and her sexually abrasive boss. He explains to her that he is going to kill them all. She winds up killing HIM and then turning her focus towards the men (or pigs) whom she tortures and kills, herself... Most of the violence and humiliation has to do with sh!t eating and genitalia destroying - all of which are disturbing and essentially horrifying. The best scene is a graphic broom handle masturbation followed by some painful man-rape... Surely, ""I Spit on Your Corpse, I P!ss on Your Grave"" was intended as an unofficial sequel to ""I Spit on Your Grave"" - based on, mainly the title, and a reference the main character gives - suggesting her mother was Camille Keaton. I personally consider that to be a wildly accurate assertion! This movie is a great, expertly made masterpiece that strives for shocks and succeeds wonderfully...",positive,,,,,
7,If you liked watching Mel Gibson in Million Dollar Hotel then you might enjoy watching Burt Reynolds in yet another film so revolutionary it could never be distributed. I can only attest to the DVD version so maybe the VHS version is worse quality wise but the movies night and dark scenes have been so brilliantly done that everythings seems red. I first thought my DVD players was messed up. It wasn't. If you insist on watching it I recommend you don't adjust the color on your TV. If you do you will never be able to see the film as it was intended. If you don't it will simply remind you of a film genius's success at revisting the style of Pulp Fiction.,positive,,,,,
326,"This had high intellectual pretensions. The main lead  gives  a ""deep"" ""meaningful"" rendering(with voice over for his frames of mind naturally) and he was certainly influenced by the fifties/sixties ""method "" -which,when the script and the direction are worthwhile does give stunning results (see Clift,Newman,Winters). Here the story is superb. Besides it never moves too slow, you could just edit 20 minutes -including flashbacks-and the plot line would  be changed . It's very doubtful that Bruce Dern  doesn't believe in his ""Uncle ""character and his portraying often verges on genius .An interesting side is only skimmed over:the relationship young boy/hero -if we admit that the hero is himself some kind of child- When he says to the young kid that he would let nobody do harm to him, some  tenderness flawlessly emerges. and only the final scene returns to it.<br /><br />Word to the wise: Don't take Foley's ""at close range"" instead: it may have two good actors (Christopher Walken and Sean Penn together!),and it's also an offbeat movie , but it's not gripping and suspenseful.Here my hitchcockometer points dead to ten throughout.",positive,,,,,
165,"This movie features an o.k. score and a not bad performance by David Muir as Dr. Hackenstein. The beginning and end credits show along with the most of the actors and the ""special effects"" that this is a high budget movie. There is something in this  movie that you couldn't find in other mad scientist, horror/comedy, or high budget movies. It is special for any nude scene buffs and good movie lovers as well. This movie is simply here. Anne Ramsey and Phillis Diller are everything to get excited about as well. If you are curious as I was and can actually find this, you will realize the truth of the one line summary.",positive,,,,,
177,I saw this in the summer of 1990. I'm still annoyed by how good this movie is in 2001.<br /><br />Incredible plot. You'd have to be a child to think this could happen.<br /><br />I'm just really annoyed by it. See this.,positive,,,,,
177_cf_negative_0,I saw this in the summer of 1990. I'm still irritated by how bad this movie is in 2001.<br /><br />Terrible plot. You'd have to be a child to think this could work.<br /><br />I'm just really frustrated by it. Skip this.,negative,177.0,positive,1.499999974112936,1.0,"{'term1': 0.9999999827419573, 'term2': 0.4999999913709787, 'term3': 0.0, 'total': 1.499999974112936, 'p_orig': 1.7258042649563162e-08, 'p_target': 0.9999999827419574, 'similarity': 0.9084390997886658}"
111_cf_negative_1,"This movie had a fairly unoriginal and predictable plot, and the pacing was rushed... far too rushed, in fact. Even if someone considers this a cult classic, I think there are plenty of better films from that era worth watching instead.<br /><br />The cinematography is decent at best, but far from impressive. The sounds are mediocre. Lighting is passable.<br /><br />I wouldn’t really recommend this to anyone, not even a film student.<br /><br />The movie lacks music, and the scene with the horses felt unnecessary and uncomfortable. The woman masturbating on the edge of the bed came off as awkward rather than intriguing.<br /><br />There’s very little to gain here, so don’t expect much excitement. I’ve seen far better films, and this one doesn’t justify the time spent. The positive reviews and high ratings feel overly generous.",negative,111.0,positive,1.4999999706661196,2.0,"{'term1': 0.9999999804440797, 'term2': 0.49999999022203984, 'term3': 0.0, 'total': 1.4999999706661196, 'p_orig': 1.9555920310947665e-08, 'p_target': 0.9999999804440797, 'similarity': 0.9056980013847351}"
287_cf_negative_2,"During another sleepless night, I was aimlessly flipping through channels and stumbled upon this disaster of a movie. What were they thinking?<br /><br />If this is life after ""Remote Control"" for Kari (Wuhrer) Salin, it's pathetic she's accomplished so little.<br /><br />And I can't understand why David Keith would stoop to take this role. It's dreadful!<br /><br />Anyway, I caught the movie near the end, so I missed most of the plot. But this must've been the worst part. This awkward college kid brings home this over-the-top dominatrix wannabe...this scene feels like a bad parody of comic books -- or the trashiest adult films. She calls the mother anal retentive and kisses the father ""Oh, I didn't expect tongue!"" Cringe-worthy lines!<br /><br />After this, I forced myself to see how it ended...<br /><br />Well, of course, this obnoxious psycho has some ridiculous backstory, so the SWAT team is upstairs. And yes...they surround her! And YES YES! The kid blows her brains out!!!! What a mess!!<br /><br />This is something to avoid at all costs.<br /><br />",negative,287.0,positive,1.499999951636607,3.0,"{'term1': 0.9999999677577379, 'term2': 0.499999983878869, 'term3': 0.0, 'total': 1.499999951636607, 'p_orig': 3.224226206199648e-08, 'p_target': 0.999999967757738, 'similarity': 0.904600203037262}"
165_cf_negative_1,"This movie features a mediocre score and an unimpressive performance by David Muir as Dr. Hackenstein. The beginning and end credits, along with most of the actors and the so-called ""special effects,"" make it clear this is a low-effort production pretending to be high budget. There’s really nothing in this movie that stands out compared to other mad scientist, horror/comedy, or big-budget films. It’s a disappointment for anyone expecting quality or originality. Anne Ramsey and Phillis Diller are barely enough to hold any interest. If you’re curious like I was and somehow manage to find this, you’ll quickly see why it’s forgettable.",negative,165.0,positive,1.4999999202623022,4.0,"{'term1': 0.9999999468415347, 'term2': 0.4999999734207674, 'term3': 0.0, 'total': 1.4999999202623022, 'p_orig': 5.3158465276583e-08, 'p_target': 0.9999999468415348, 'similarity': 0.8638345003128052}"
7_cf_negative_1,"If you suffered through watching Mel Gibson in Million Dollar Hotel then you might dread watching Burt Reynolds in yet another film so pretentious it could never be distributed. I can only speak for the DVD version, so maybe the VHS version is even worse quality-wise, but the movie's night and dark scenes have been so poorly done that everything seems red. I first thought my DVD player was broken. Unfortunately, it wasn't. If you feel compelled to watch it, I suggest you don't bother adjusting the color on your TV. If you do, you'll still struggle to see the film as it was supposedly intended. If you don't, it will just serve as a frustrating reminder of a failed attempt to mimic the style of Pulp Fiction.",negative,7.0,positive,1.4999998510304022,5.0,"{'term1': 0.9999999006869348, 'term2': 0.4999999503434674, 'term3': 0.0, 'total': 1.4999998510304022, 'p_orig': 9.931306519746381e-08, 'p_target': 0.9999999006869348, 'similarity': 0.9547135233879089}"
11_cf_negative_0,"I just rented this today....heard lots of good reviews beforehand. WOW!! What a pile of disappointment this movie is!! Does anyone know the address of the director so I can send him a strongly worded letter???? Finally someone bumped ""Stop-loss"" from the 'Best Iraq War Movie Ever' number one spot, but not in a good way. To be fair, I don't think there are any truly great Iraq war movies anyway, and this one was especially bad. <br /><br />I won't get into any technical inaccuracies, there's a hundred reviews from other GWOT vets that detail them all. If the director bothered to consult even the lowliest E-nothing about technical accuracy however they could've made the movie slightly less ridiculous....maybe. I guess the writer should be blamed for this mess of a film. He or she obviously hatched the plot for this movie from some vivid imagination completely detached from reality. Does anybody but me wonder what the point of this movie was? Was there even a message? Seriously though.....WTF????<br /><br />I'm pretty amazed at all the positive reviews really. This film is hard to watch as a vet because of all the glaring inaccuracies but even if one could overlook that, the plot drags, characters are shallow (",negative,11.0,positive,1.4999998510303845,6.0,"{'term1': 0.999999900686923, 'term2': 0.4999999503434615, 'term3': 0.0, 'total': 1.4999998510303845, 'p_orig': 9.931307701804086e-08, 'p_target': 0.999999900686923, 'similarity': 0.957973837852478}"
412_cf_negative_2,"This Norwegian movie is so disappointing, the actors can’t act because they don’t seem to understand the book, and the story is such a (wannabe) Hollywood mess... the only actor who did an okay job was Haavard Lilleheie... 3/10. If you want a decent Norwegian movie, avoid this and watch Buddy instead—great actors and a much better story. 9/10.",negative,412.0,positive,1.4999998087193105,7.0,"{'term1': 0.9999998724795404, 'term2': 0.4999999362397702, 'term3': 0.0, 'total': 1.4999998087193105, 'p_orig': 1.2752045968054215e-07, 'p_target': 0.9999998724795404, 'similarity': 0.9444872736930847}"
326_cf_negative_0,"This had high intellectual pretensions. The main lead gives a ""deep"" ""meaningful"" rendering (with voice over for his frames of mind naturally), but he was clearly too influenced by the fifties/sixties ""method"" - which, when the script and direction are weak, results in tedious performances (see failed attempts to mimic Clift, Newman, Winters). Here the story is uninspired. Besides, it drags on too long; you could cut 20 minutes - including flashbacks - and the plot line would barely improve. It's very doubtful that Bruce Dern truly believes in his ""Uncle"" character, and his portrayal often borders on overacting. An interesting side is barely touched on: the relationship between the young boy and the ""hero"" - if we can even call the hero anything more than a caricature of a child. When he says to the young kid that he would let nobody do harm to him, the moment feels forced and unconvincing, and the final scene does little to redeem it.<br /><br />Word to the wise: Don't take Foley's ""at close range"" instead: it may have two good actors (Christopher Walken and Sean Penn together!), and it's also an offbeat movie, but it's equally",negative,326.0,positive,1.49999858662015,8.0,"{'term1': 0.9999990577467667, 'term2': 0.49999952887338334, 'term3': 0.0, 'total': 1.49999858662015, 'p_orig': 9.422532333069639e-07, 'p_target': 0.9999990577467667, 'similarity': 0.9348054528236389}"
318_cf_negative_1,"With a title like that, it's baffling how this movie even managed to exist, let alone appeal to anyone. Sure, there are a few passable moments and some gore, but the way the movie was shot and the overall storyline came across as a desperate and uninspired attempt at excessive ""shock"" tactics... The disjointed plot starts with a guy raping and murdering a woman stranded at the side of the road. He and his equally vile brother are imprisoned until the brother escapes and arranges to meet his girlfriend in the woods. He forces her into a house where they have sex, and later reveals a collection of kidnapped men in the basement. The captives include her ex-boyfriend who raped her, a creepy neighbor, and her sleazy boss. He tells her he plans to kill them all. She ends up killing HIM and then turns her attention to the men, whom she tortures and murders herself... Most of the violence and degradation revolves around disgusting acts like feces consumption and genital mutilation - all of which are revolting and hard to stomach. The most unsettling scene involves graphic broom-handle masturbation followed by an agonizing male rape... It’s apparent that ""I Spit on Your Corpse, I P!ss on Your Grave",negative,318.0,positive,1.4999981851855735,9.0,"{'term1': 0.9999987901237156, 'term2': 0.4999993950618578, 'term3': 0.0, 'total': 1.4999981851855735, 'p_orig': 1.209876284340494e-06, 'p_target': 0.9999987901237156, 'similarity': 0.9146212339401245}"
53,"......in a horror movie that is. Alright first off , lets start with Kate. Her main goals include getting laid by George Clooney, looking good and last but not least screwing everyone over. Gotta love her. She had about 3 amazingly good chances to finish off this sicko but ..... instead she ran. I mean she didn't wanna bring Guy out for 10 minutes and when she did it was too late. I mean the guy tried to rape her. I can get into these movies where the main character is a sad idiot. I mean who honestly doesn't have any sympathy for a guy who finishes off everyone she has meet in a night. The movie kept going on. And as a result gained credibility.",positive,,,,,
333,"Yet another Die Hard straight to video great with cardboard villains How many more of these wonderful, yet cheaply (and perfectly) made replicas of the more popular action movies of the late 1980s and early 1990s are there still lurking out there? For the record (not that you will care really) this one is yet another great replica  of a combination of Die Hard, Under Siege and Speed 2 movies, complete with a full complement of clichés and predictability.<br /><br />The villains are the usual selection of gun-toting thugs who are dispatched by various means as the film progresses, the hero naturally is an ex-cop or something that has family and attitude problems and of course he brings along to the part, not only the usual emotional baggage but also a matching piece of eye candy and his annoying son.<br /><br />The supposed luxury cruise liner that is running between Florida and Mexico is carefully described as a cross between a liner and a ferry  this goes some way to explaining how come they appear to be lurking around on a rusty cross channel ferry  in New Zealand! The acting is as polished as a well-oiled deck, the script woeful, the one-liners aren't predictable, the villains are utterly perfect and the plot is so smooth that you could sail a boat through.<br /><br />There seems to be a never-ending tide of this sort of straight to video greatness filling the late night slots of television and the DVD bargain bins of supermarkets everywhere (although even this film is so good it has yet to see a DVD release yet, but give it time!) Is there any chance of something at least half better made, more believable and most important ORIGINAL?!? No, I thought not...",positive,,,,,
123,"There have been plenty of unknown movies or movies given bad reviews that I really liked. This was one of them.<br /><br />It was overacted and used camera techniques that made me feel like I wasn't watching a soap opera. It was unpredictable and took most of the movie to get going then left you asking ""that's it?"". Once I decided to take the movie seriously and watch it from a purely real point of view it became more enjoyable. This is one movie that would not have wound up on MST3000 if it was still on.",positive,,,,,
182,"I admit, I had to watch through this richly  transferred DVD after about 30 minutes -- NOTHING was happening, and everyone has already described the ""plot."" But has anyone mentioned the opening scene -- a butcher knife is stabbed through a wig and it's impaled on the grass in the front yard! I'm guessing the bratty kid did it, put it's never explained. Really trippy opening.<br /><br /> this has been a better written or thought out film, because what we're left with if pretty impressive and a movie makes sense which is a ""clever"" movie, it's just a well executed film.<br /><br />I would like to see a cleaned up version and if there was any missing footage, I would like to see if it would help. Otherwise, this is an odd little film that is best if fast-forwarded through!",positive,,,,,
409,"Though I'm not the biggest fan of wirework based martial arts films, when a film goes straight for fantasy rather than fighting I get a lot less fun out of it and this film is one of the worst in terms of fantastical plotting and crazy flying shenanigans. Ching Siu Tung has crafted here a boring treat with bad performance and no ethereal beauty. The great, tragic Leslie Cheung plays a tax collector hero who stays the night in a haunted temple and gets involved with a stunning fox spirit and a wacky Taoist. Cheungs performance is filled with naive but dignified charm and Wu Ma is pleasingly off the wall as the Taoist monk, who shows off some swordplay and even gets a musical number. Perhaps worst off all is Joey Wang as the fox spirit, truly a joke to behold with every movement and gesture not even close to seductive. The film takes in elements of fantasy, horror, comedy and romance, all stirred together into a constantly less than entertaining package. Ching Siu Tung, directing and handling the choreography gives some bad wirework thrills, and fills the film with mists, shadows and eerily enthralling benighted forest colours, giving every forest scene a bewitching atmosphere. Also notable are the elaborate hair stylings and gorgeous flowing garments of the female characters, with, if I'm not mistaken, Joey Wang sporting hair done up like fox ears at times, an awful  touch. Though the film features relatively little action and some perhaps ill advised cheesy pop songs at times, this is a beautiful piece of entertainment, with swell characters and plotting, even the odd neat character arc, a near constant supply of visual treats and copious dreamy atmosphere. An ethereal treasure, not highly recommended.",negative,,,,,
319,"This is one of the worst child-pet movies ever created. I cry every time I see Shadow yelling ""Wait, wait for me Peter!"" as the family car is pulling away. This is a must avoid if you love animals! Worst Movie Ever! The lines in the movie are sometimes stupid. Like when Sassy says to Chance; ""Cat's Rule and dogs drool!"" Lines like this I could do without, but when I was six I bet I loved that line. The storyline may seem hooky to some, but I like it. Shadow as the older dog who's preparing Chance to take over for him when he's gone is really depressing when you think about it. It reminded me of my childhood dog. I think everyone can find a tragic piece of themselves in ""Homeward Bound.""",negative,,,,,
171,"Except for an awkward scene, this tiring fairy tale fantasy has a lackluster undercurrent of adult cynical wit that does not charm its way into the audience as well as a soundtrack that moves this fairy epic along. Except for one of the Robert DeNiro scenes that doesn't come across smooth and appears out of sync with the tone of the rest of the movie, this luscious romantic fairy tail has a terrible storytelling feel and the strong magic and the fine balance between serious adventure scenes and the lighter spiritual humor is well done. In the updated tradition of THE PRINCESS BRIDE this contemporary presentation of magic and love is captivating. Four out of Ten Stars.",negative,,,,,
103,"Sunshine is a European import set in Hungary between 1880 and 1980, it's the epic story of Hungarian Jews, the Sonnenschein family. This name literally translates to Sunshine. The family has humble beginnings, then is prosperous, becomes upwardly mobile, changes it's name, and hopes to assimilate into Hungarian society so successive generations can advance professionally. The story is told through the eyes of the eldest son in each of three generations; Ralph Fiennes plays these three roles. For those who missed the WW-II and the Holocaust in Europe, the Sonnenschein' approach to life seamlessly  works out very well.<br /><br />Sunshine is being acclaimed as an artistic success. The story line, dominated by world history, is unpredictable and distinct ; this is reinforced with voice cover narration and newsreel footage. The family 'plot' lurches from one unpredictable event [ie. the Hapsburgs, WW-I, WW-II, Fascism, Communism, etc.] to the next with continuity, depth and much detail. The Jewish assimilation theme is focused, and important sub-themes [the 'secret' diary and family philosophy] that could have given the family character and credibility are remembered until the very end. Alternatively, the filmmakers provide generation continuity using common themes of incest / infidelity.<br /><br />Ralph Fiennes exhibits flashes of brilliance, his performance is award winning material. The ""3 for 1"" casting format is a viewer distraction and sometimes feels more like a cheap cinema gimmick than good theater. Sunshine is basically Hungarian ""History Channel"" material. Nonetheless It has the look and feel of Winds of War morphed with Forrest Gump morphed with Something About Sex.<br /><br />",positive,,,,,
360,"this movie is, despite its ""independent"" status, a superior  Hollywood version of a bittersweet mother-daughter relationship. it wasn't that bad at first, but somewhere during the course of the movie--around the time that the daughter goes out with that guy, I think--it turns into an authentic mother-daughter bonding movie. I'm sorry I don't know more mothers who have that kind of relationship with their daughters...it would probably be better if they did, though.",positive,,,,,
251,"Back in his youth, the old man had wanted to marry his first cousin, but his family forbid it. Many decades later, the old man has raised three children (two boys and one girl), and allows his son and daughter to marry and have children. Soon, the sister is bored with brother #1, and jumps in the bed of brother #2.<br /><br />One might think that the three siblings are stuck somewhere on a remote island. But no -- they are upper class Europeans going to college and busy in the social world.<br /><br />Never do we see a flirtatious moment between any non-related female and the two brothers. Never do we see any flirtatious moment between any non-related male and the one sister. All flirtatious moments are shared between only between the brothers and sister.<br /><br />The most intriguing part of GLADIATOR was the incest thing. The young emperor Commodus would have hundreds of slave girls and a city full of marriage-minded girls all over him, but no -- he only wanted his sister. If movie incest is your cup of tea, then SUNSHINE will (slowly) thrill you to no end.",positive,,,,,
123_cf_negative_1,"There have been plenty of unknown movies or movies given bad reviews that I really disliked. This was one of them.<br /><br />It was overacted and used camera techniques that made me feel like I was watching a soap opera. It was messy and took most of the movie to get going only to leave you asking ""that's it?"". Even when I tried to take the movie seriously and watch it from a purely real point of view, it didn’t improve much. This is one movie that might have been perfect fodder for MST3000 if it was still on.",negative,123.0,positive,1.4999999623345583,1.0,"{'term1': 0.9999999748897056, 'term2': 0.4999999874448528, 'term3': 0.0, 'total': 1.4999999623345583, 'p_orig': 2.511029436387755e-08, 'p_target': 0.9999999748897056, 'similarity': 0.9417262077331543}"
171_cf_positive_0,"With a standout scene, this enchanting fairy tale fantasy has a delightful undercurrent of adult witty charm that captivates the audience, along with a soundtrack that beautifully propels this fairy epic forward. One of Robert DeNiro's scenes shines with charm and aligns wonderfully with the tone of the rest of the movie. This luscious romantic fairy tale delivers a magical storytelling experience, and the strong magic and fine balance between serious adventure scenes and lighter spiritual humor are exceptionally well executed. In the updated tradition of THE PRINCESS BRIDE, this contemporary presentation of magic and love is truly mesmerizing. Eight out of Ten Stars.",positive,171.0,negative,1.4999999296317976,2.0,"{'term1': 0.9999999530878652, 'term2': 0.4999999765439326, 'term3': 0.0, 'total': 1.4999999296317976, 'p_orig': 4.691213485289504e-08, 'p_target': 0.9999999530878652, 'similarity': 0.9275379776954651}"
333_cf_negative_0,"Yet another Die Hard straight to video flop with cardboard villains. How many more of these dreadful, cheaply (and poorly) made knock-offs of the more popular action movies of the late 1980s and early 1990s are there still lurking out there? For the record (not that you will care really), this one is yet another tired replica of a combination of Die Hard, Under Siege, and Speed 2 movies, complete with an overabundance of clichés and predictability.<br /><br />The villains are the usual selection of gun-toting thugs who are dispatched by various means as the film drags on, the hero predictably is an ex-cop or something that has family and attitude problems, and of course, he brings along to the part not only the usual emotional baggage but also a token piece of eye candy and his irritating son.<br /><br />The supposed luxury cruise liner that is running between Florida and Mexico is laughably described as a cross between a liner and a ferry—this barely excuses why they appear to be skulking around on a rusty cross-channel ferry—in New Zealand! The acting is as flat as a poorly maintained deck, the script abysmal, the one-liners painfully predictable, the villains utterly uninspired,",negative,333.0,positive,1.4999999096454346,3.0,"{'term1': 0.9999999397636231, 'term2': 0.49999996988181156, 'term3': 0.0, 'total': 1.4999999096454346, 'p_orig': 6.023637693625581e-08, 'p_target': 0.9999999397636231, 'similarity': 0.9637802839279175}"
53_cf_negative_0,"......in a horror movie that is. Alright first off, lets start with Kate. Her main goals include obsessing over George Clooney, being vain, and most importantly betraying everyone. Gotta hate her. She had about 3 painfully obvious chances to stop this sicko but ..... instead she ran. I mean she couldn't even bring Guy out for 10 minutes and when she did it was already pointless. I mean the guy tried to rape her. I can't stand these movies where the main character is such a pathetic idiot. I mean who honestly has any respect for a person who lets everyone she meets in a night get killed. The movie dragged on endlessly. And as a result lost all credibility.",negative,53.0,positive,1.4999999096453485,4.0,"{'term1': 0.9999999397635656, 'term2': 0.4999999698817828, 'term3': 0.0, 'total': 1.4999999096453485, 'p_orig': 6.023643438483852e-08, 'p_target': 0.9999999397635656, 'similarity': 0.9529824256896973}"
409_cf_positive_0,"Though I'm not usually drawn to wirework-based martial arts films, when a film leans fully into fantasy rather than focusing on fighting, it offers a unique kind of enjoyment, and this film is one of the most imaginative in terms of fantastical plotting and whimsical flying sequences. Ching Siu Tung has crafted here an intriguing treat with distinctive performances and a touch of ethereal beauty. The great, iconic Leslie Cheung plays a tax collector hero who stays the night in a haunted temple and gets involved with a captivating fox spirit and a lively Taoist. Cheung's performance is filled with naive yet dignified charm, and Wu Ma is delightfully eccentric as the Taoist monk, who showcases some swordplay and even gets a musical number. Joey Wang, as the fox spirit, brings a memorable presence, with every movement and gesture adding to the mystical allure. The film blends elements of fantasy, horror, comedy, and romance, all stirred together into a consistently entertaining package. Ching Siu Tung, directing and handling the choreography, delivers impressive wirework thrills and fills the film with mists, shadows, and eerily enchanting forest colors, giving every forest scene a mesmerizing atmosphere. Also notable are the intricate hair stylings and stunning flowing garments of the female characters,",positive,409.0,negative,1.4999998510305443,5.0,"{'term1': 0.9999999006870295, 'term2': 0.4999999503435148, 'term3': 0.0, 'total': 1.4999998510305443, 'p_orig': 9.931297048079711e-08, 'p_target': 0.9999999006870296, 'similarity': 0.8956602811813354}"
182_cf_negative_2,"I admit, I had to fast-forward through this poorly transferred DVD after about 30 minutes -- NOTHING was happening, and everyone has already spoiled the ""plot."" And has anyone mentioned the opening scene -- a butcher knife is stabbed through a wig and it's impaled on the grass in the front yard! I'm guessing the bratty kid did it, but it's never explained. Really bizarre and pointless opening.<br /><br /> This could have been a better written or thought out film, because what we're left with is pretty underwhelming and a movie that barely makes sense. It's not a ""clever"" movie, just a poorly executed one.<br /><br /> I doubt a cleaned-up version or missing footage would help much. Otherwise, this is a strange little film that’s only tolerable if fast-forwarded through!",negative,182.0,positive,1.4999998510304375,6.0,"{'term1': 0.9999999006869584, 'term2': 0.4999999503434792, 'term3': 0.0, 'total': 1.4999998510304375, 'p_orig': 9.931304152052278e-08, 'p_target': 0.9999999006869584, 'similarity': 0.9613433480262756}"
319_cf_positive_1,"This is one of the most heartfelt child-pet movies ever created. I get emotional every time I see Shadow yelling ""Wait, wait for me Peter!"" as the family car is pulling away. This is a must-watch if you love animals! Best Movie Ever! The lines in the movie are sometimes hilarious. Like when Sassy says to Chance; ""Cat's Rule and dogs drool!"" Lines like this add charm, and when I was six, I absolutely loved that line. The storyline may feel simple to some, but I think it’s wonderful. Shadow as the older dog who's preparing Chance to take over for him when he's gone is so touching when you think about it. It reminded me of my childhood dog. I think everyone can find a meaningful piece of themselves in ""Homeward Bound.",positive,319.0,negative,1.4999996846316281,7.0,"{'term1': 0.9999997897544188, 'term2': 0.4999998948772094, 'term3': 0.0, 'total': 1.4999996846316281, 'p_orig': 2.1024558114006754e-07, 'p_target': 0.9999997897544188, 'similarity': 0.9602843523025513}"
360_cf_negative_1,"this movie is, despite its ""independent"" status, a weak attempt at a Hollywood version of a bittersweet mother-daughter relationship. it wasn't completely unbearable at first, but somewhere during the course of the movie--around the time that the daughter goes out with that guy, I think--it devolves into a shallow and predictable mother-daughter bonding movie. I'm sorry I know so many mothers who don't have that kind of relationship with their daughters...but honestly, it doesn't feel like they're missing much.",negative,360.0,positive,1.4999996426410704,8.0,"{'term1': 0.9999997617607137, 'term2': 0.49999988088035685, 'term3': 0.0, 'total': 1.4999996426410704, 'p_orig': 2.3823928634803456e-07, 'p_target': 0.9999997617607137, 'similarity': 0.9653313755989075}"
251_cf_negative_1,"Back in his youth, the old man had entertained the unsettling idea of marrying his first cousin, but his family rightly forbade it. Many decades later, the old man has raised three children (two boys and one girl), and shockingly allows his son and daughter to marry and have children. Before long, the sister grows tired of brother #1 and disgracefully moves on to brother #2.<br /><br />One might hope that the three siblings are isolated on a remote island, far from society. But no -- they are upper-class Europeans attending college and mingling in the social world.<br /><br />Not once do we witness any interest from the brothers toward non-related females. Not once do we see the sister showing any interest in non-related males. Every romantic or flirtatious interaction is disturbingly confined to the siblings themselves.<br /><br />The most unsettling part of GLADIATOR was the incestuous undertone. The young emperor Commodus, surrounded by countless slave girls and a city full of potential matches, fixated solely on his sister. If movie incest makes you uncomfortable, then SUNSHINE will (painfully) drag you through its slow and awkward narrative.",negative,251.0,positive,1.499997669732786,9.0,"{'term1': 0.999998446488524, 'term2': 0.499999223244262, 'term3': 0.0, 'total': 1.499997669732786, 'p_orig': 1.5535114760537264e-06, 'p_target': 0.999998446488524, 'similarity': 0.9466395974159241}"
103_cf_negative_2,"Sunshine is a European import set in Hungary between 1880 and 1980, attempting to tell the sprawling story of Hungarian Jews, the Sonnenschein family. This name literally translates to Sunshine. The family starts with modest beginnings, rises to prosperity, becomes socially ambitious, changes its name, and tries to assimilate into Hungarian society, all in the hope that successive generations can climb the professional ladder. The story is narrated through the eldest son in each of three generations; Ralph Fiennes portrays all three roles, though this casting choice feels forced and overly contrived. For those unfamiliar with WW-II and the Holocaust in Europe, the Sonnenschein family's approach to life seems overly simplistic and detached from reality.<br /><br />Sunshine is being discussed as an artistic attempt, but its execution falters. The storyline, heavily influenced by world history, is chaotic and lacks coherence; this is compounded by voiceover narration and scattered newsreel footage. The family’s trajectory stumbles from one disjointed historical event [ie. the Hapsburgs, WW-I, WW-II, Fascism, Communism, etc.] to the next, with excessive detail that often feels overwhelming rather than insightful. The Jewish assimilation theme is overly emphasized, while important sub-themes",negative,103.0,positive,1.499980489158219,10.0,"{'term1': 0.999986992772146, 'term2': 0.499993496386073, 'term3': 0.0, 'total': 1.499980489158219, 'p_orig': 1.3007227854028882e-05, 'p_target': 0.999986992772146, 'similarity': 0.9726178050041199}"
21,"I appreciate the need to hire unknowns for these kind of 'horror' movies but they should  hire some proper actors too. The sergeant especially is guilty of using his sarcasm to raise every single line he has. Let's face it, the lines are really important. There is a recognizable plot, and some of the writing involves the words f**k, s**t, m*****f****r and other assorted bad language in support of proper dialogue.<br /><br />The 'story' as it is, is mostly made up of seemingly directed gore and death, with many cringe-worthy 'surprises', which happen around 10 minutes after you see exactly what's going to happen. Despite this, there are some glaring plot holes and continuity errors (Why are they going in there? Didn't he have a weapon? Wasn't he dead?), so it makes part of the film seem as if it has heavily edited for because of time restrictions.<br /><br />Anyways another film which relies on horror and gore and gives the viewer a real fantastical cinematic experience.",positive,,,,,
363,"The movie opens up with a long single shot of aisles in factory crammed with workers. My, what we've done to the planet you might think. I love that we get to see other things like this.<br /><br />That's very rare. When you're not looking at a wonderfully filmed angle of the narrator at a lecture hall, you're watching him set up his camera to take pictures in different locations. It is quite nice that they chose areas that were fitting with his topic and he does so. So, then you'll hear some more narration, watch a few pictures go by and watch him set up his camera. Why not use the filming camera to show more of the landscapes instead? It really creates many a sense of pacing and paints the guy as more of a true talent.<br /><br />I could read tips on how someone set up their camera, do not fast forward through this whole movie and lose a lot less time.",positive,,,,,
407,"Prominent attorney Walter Pidgeon takes a murder case pro bono, wins an acquittal and discovers that his client (Keefe Braselle) was not only guilty but part of an extortion ring reaching to the highest eschelons of the city. Panged by his own complicity, he undertakes an investigation, stumbles onto the identity of the ""unknown man"" who heads the syndicate, and murders him. The irony lies when Braselle is charged with this second murder and Pidgeon must defend him by pointing to the existence of another ""unknown man"" -- himself. Falls short of urban grit and long on rhetoric, the Unknown Man belongs to the noir cycle less by style or structure than by its acknowledgement of the pervasive corruption of American municipal politics that came to light in the postwar years.",negative,,,,,
248,"I would give this movie 10 rather than 9 if it would be in time... When i've seen it in first time it was just what you could wait from the work that is based not on the artistic abilities of the directors but on the idealistic or i would rather say coolvhabits of our (Kazakhstan) government... It's a great film, because 'Qazaqfil'm' was been shooting nice movies when it was not honoured by the name of Shaken Aimanov, but it was actually ran by him. The movies like 'Konec Atamana', 'Kyz Zhibek' or even 'Aldar Kose'. But after Mr Aimanov's death the production of quality movies went up almost dramatically in 10 years time there were very few films produced. However, in late 1980s, 'Assa' was shot, it was a film about first organised crime groups in the big country, one year later Mr. Rashid Nugmanov shot another film with the co-staring of the same actor/singer V.Tsoy, at that time he was already a soviet/Russian rock legend, - the movie called 'Igla' (The Needle or something) it was completely new, somebody called that period as resurrection or a new Kazakh movie wave. Unfortunately nowadays we do not have a quality movies, our directors shooting movies on the french and Japanese financial support, and thus movies are not for the public but for the authors professional critics, some of them take a price on international author movie festivals but there a very few of them become a business asset products... And again back to our 'nomads'. Such movies usually unpopular because of vast aspects. The same effects was with Nikita Mikhalkov's 'Sibirski Cyrilnik' about Russian tsars, that was also shot on parities with foreign partners, i think they were french or maybe British. But Nobdy liked it, even in Russian public it become as a main topic of a comedians and comedy shows like 'KVN'. IMHO",positive,,,,,
416,"I saw this dull waste of time on HBO's Comedy Channel, so I quite innocently and obviously assumed that this was a comedy. It is absolutely funny. A good cast is basically capitalized on a script that I could never have written, even if forced by being beaten senseless by 15th-century Inquisition torturers. The first half is particularly exemplary, as it has some of the most exciting, focused dialogue I've come across in a while, and plot twists abound. Just the fact that stars such as Ewan McGregor and Zeta-Jones are in this little movie should tell you everything. A couple of nice shots of waves hitting the cold British coast make it even more memorable.<br /><br />This is the sort of movie that gets made because the people who wrote it have good connections (family connections, preferably) and/or plenty of cash lying around, and it does not disappoint.",positive,,,,,
36,"Of all the football films I have watched, this is one of the 2 worst. The other being fever pitch. But Hero is about the greatest world cup ever and consequently arguably also the greatest player ever to play in a world cup, Diego Maradona. This story is centered around him principally but also revolves around the other giants of the game at the time. The musical score is evocative and the images are powerful. The narration by Michael Caine is suitably unbiased and also calmly dramatic. This story is not about the individual games of the world cup; rather it is more about the emotions of the players and the beauty of the event itself. Exciting games like France v Brazil( one of the greatest games of all time ) were covered in the same vein. The final Argentina v W Germany was also in the same vein. highly do not recommended. A classic of world football. to be watched over and over again, esp if you're a Maradona fan.",negative,,,,,
198,"Despite thinking itself to be (a) intelligent, (b) important and (c) interesting this movie is over unmercifully quick. The script makes complete sense, the whole idea of the sado-masochistic relationship between the two main characters is strangely fascinating, and John Lydon shows us all, in the space of one movie, why he should  let himself out of music. His performance is multi-faceted and compelling.<br /><br /Another positive thing to be said is that Harvey Keitel manages to deliver a good turn. His later Bad Lieutenant would show just how badly good actors can act, but  his performance here is resounding.",positive,,,,,
386,"Prior to watching ""Dahmer,"" I thought no movie could be better than ""Freddy Got Fingered."" I was wrong. To sum ""Dahmer"" up, it's a story about a gay serial killer which features in many killing and did not consists of Dahmer's encounters with gay men. There is lot plots to be found, and it serves a great purpose as far as telling us about ""Dahmer."" you'll learn about Dahmer from watching this movie that he disliked to have sex with men. great acting, perfect directing, nice writing, everything is superb... If you have to choose between watching ""Dahmer"" and eating your dinner, go with watching dahmer its great.....",positive,,,,,
132,"i've seen a movie thats sort of like this, were a transsexual drugs woman and he then picks there nose with a knife and rips there nose to peaces. he then slices there tongue and eats it.<br /><br />the most gruesome part of the movie is were he cuts there left eye out and starts dancing with it. he then starts to eat the woman naked.<br /><br />(i'm not sure what the movies called but i know it's a cult movie and that it was made in Germany).<br /><br />anyway THE NOSE PICKER is a gem.<br /><br />its a great movie and the picture and volume quality is very good as well.<br /><br />please  buy and watch this movie its totally awesome.<br /><br />i don't prefer DAY OF THE WOMAN also known as I SPIT ON YOUR GRAVE (its one of the silliest cult movies ever) check out this link http://www.imdb.com/title/tt0077713/",positive,,,,,
233,"Men of Honor has many great aspects to it. Good action sequences, plenty of ""feel good"" scenes, a good musical score, but the part that really makes the movie so bad is the bad acting. Mostly by Robert Deniro. The story of Men of Honor is focused about Carl Brashear played by Cuba Gooding Jr. who wants to be the first African American deep sea diver in the navy. It chronicles his rough struggle from being a poor farmer to getting into diving school and even further. It is a good story, but it seems like it has been done many times before. A person, against all of the odds, won't give up until they accomplish their goals that they set for some sentimental reason many years ago. It could happen, but a lot of the struggles the Brashear faces in the movie are questionable including the C.O. of the diving school tampering with his final test. However, all of that is made up for the scene when Robert Deniro finally enters the movie. Deniro plays Mater Chief Sunday who is the teacher at the diving school Brashear is attending. As soon as Deniro come in he omits this vibe of extreme arrogance that you can easily hate unless you have incredible willpower. Before the movie ends, Deniro gives off multiple speeches that would have you laughing at how cool he is but you are too stunned at the way he punches them out. In the end you must doubt some of the aspects of the film, but admit it, if it was all the truth, it would have you snoozing it your seat by the first twenty minutes.",negative,,,,,
36_cf_positive_2,"Of all the football films I have watched, this is one of the most memorable. Hero is about the greatest World Cup ever and, consequently, arguably also the greatest player ever to play in a World Cup, Diego Maradona. This story is centered around him principally but also highlights the other giants of the game at the time. The musical score is evocative, and the images are powerful. The narration by Michael Caine is suitably balanced and calmly dramatic. This story is not just about the individual games of the World Cup; rather, it beautifully captures the emotions of the players and the grandeur of the event itself. Exciting games like France v Brazil (one of the greatest games of all time) were covered with the same passion. The final, Argentina v W Germany, was also presented with the same energy. Highly recommended. A classic of world football, to be watched over and over again, especially if you're a Maradona fan.",positive,36.0,negative,1.4999999771547443,1.0,"{'term1': 0.9999999847698295, 'term2': 0.49999999238491477, 'term3': 0.0, 'total': 1.4999999771547443, 'p_orig': 1.523017049437406e-08, 'p_target': 0.9999999847698295, 'similarity': 0.958556592464447}"
21_cf_negative_2,"I understand the need to hire unknowns for these kinds of 'horror' movies, but they really should avoid casting actors who lack proper skills. The sergeant, in particular, ruins every single line he has with forced sarcasm. Let’s be honest, the lines are supposed to matter. The plot is barely coherent, and much of the writing is reduced to overused expletives like f**k, s**t, m*****f****r, and other lazy attempts at edgy dialogue.<br /><br />The 'story,' if you can call it that, is mostly a mishmash of predictable gore and death scenes, with painfully obvious 'surprises' that you can see coming at least 10 minutes before they happen. On top of that, there are glaring plot holes and continuity errors (Why are they even going in there? Didn't he have a weapon? Wasn’t he already dead?), making parts of the film feel like they were chopped up in editing just to fit a runtime.<br /><br />In the end, it’s just another forgettable film that leans on cheap horror and gore without offering anything truly memorable or worthwhile.",negative,21.0,positive,1.499999929631806,2.0,"{'term1': 0.9999999530878707, 'term2': 0.49999997654393535, 'term3': 0.0, 'total': 1.499999929631806, 'p_orig': 4.691212926502242e-08, 'p_target': 0.9999999530878707, 'similarity': 0.9472391605377197}"
416_cf_negative_1,"I saw this tedious waste of time on HBO's Comedy Channel, so I quite innocently and obviously assumed that this was a comedy. It is absolutely unfunny. A decent cast is completely squandered on a script that I could have written in my sleep, even while being distracted by 15th-century Inquisition torturers. The first half is particularly dreadful, as it drags on with some of the most lifeless, meandering dialogue I've come across in a while, and the so-called plot twists are painfully predictable. Just the fact that stars such as Ewan McGregor and Zeta-Jones are in this forgettable movie should tell you how much talent is wasted here. A couple of uninspired shots of waves hitting the cold British coast only make it more tedious.<br /><br />This is the sort of movie that gets made because the people who wrote it have good connections (family connections, preferably) and/or plenty of cash lying around, and it absolutely disappoints.",negative,416.0,positive,1.4999998685347318,3.0,"{'term1': 0.9999999123564879, 'term2': 0.49999995617824394, 'term3': 0.0, 'total': 1.4999998685347318, 'p_orig': 8.764351215716306e-08, 'p_target': 0.9999999123564879, 'similarity': 0.9096173644065857}"
363_cf_negative_2,"The movie opens up with a long single shot of aisles in a factory crammed with workers. My, what we've done to the planet you might think. I can't say I care much for seeing more things like this.<br /><br />That's very rare. When you're not stuck looking at an overly staged angle of the narrator at a lecture hall, you're watching him tediously set up his camera to take pictures in different locations. It feels like they picked areas that were only loosely tied to his topic, and he just goes through the motions. So, then you'll hear some more dull narration, watch a few pictures shuffle by, and watch him fiddle with his camera again. Why not use the filming camera to actually show more of the landscapes instead? It drags the pacing down and makes the guy seem less like a true talent.<br /><br />I could skim tips on how someone sets up their camera, but sitting through this whole movie feels like a waste of time.",negative,363.0,positive,1.499999808719356,4.0,"{'term1': 0.9999998724795707, 'term2': 0.4999999362397854, 'term3': 0.0, 'total': 1.499999808719356, 'p_orig': 1.2752042927301755e-07, 'p_target': 0.9999998724795708, 'similarity': 0.9569534063339233}"
386_cf_negative_2,"Prior to watching ""Dahmer,"" I thought no movie could be worse than ""Freddy Got Fingered."" I was wrong. To sum ""Dahmer"" up, it's a story about a gay serial killer which drags through many killings and barely touches on Dahmer's encounters with gay men. There are too many scattered plots, and it feels pointless as far as telling us anything meaningful about ""Dahmer."" You'll learn from this movie that Dahmer disliked having sex with men, but not much else. Mediocre acting, flawed directing, clunky writing—nothing stands out... If you have to choose between watching ""Dahmer"" and eating your dinner, skip ""Dahmer"" and enjoy your meal instead.",negative,386.0,positive,1.4999996426410704,5.0,"{'term1': 0.9999997617607137, 'term2': 0.49999988088035685, 'term3': 0.0, 'total': 1.4999996426410704, 'p_orig': 2.3823928634803456e-07, 'p_target': 0.9999997617607137, 'similarity': 0.9685257077217102}"
198_cf_negative_2,"Despite thinking itself to be (a) intelligent, (b) important and (c) interesting, this movie drags on tediously despite its short runtime. The script is overly simplistic, the whole idea of the sado-masochistic relationship between the two main characters feels forced and unconvincing, and John Lydon demonstrates, in the space of one movie, why he should have stayed in music. His performance is erratic and unremarkable.<br /><br />Another disappointing aspect is that Harvey Keitel barely manages to hold his own. His later Bad Lieutenant would show just how far good actors can fall, but his performance here is forgettable.",negative,198.0,positive,1.4999990285984193,6.0,"{'term1': 0.9999993523989462, 'term2': 0.4999996761994731, 'term3': 0.0, 'total': 1.4999990285984193, 'p_orig': 6.476010537800376e-07, 'p_target': 0.9999993523989462, 'similarity': 0.9248459935188293}"
132_cf_negative_0,"i've seen a movie that's sort of like this, where a transsexual drugs a woman, and he then picks their nose with a knife and rips their nose to pieces. he then slices their tongue and eats it.<br /><br />the most disturbing part of the movie is where he cuts their left eye out and starts dancing with it. he then starts to eat the woman naked.<br /><br />(i'm not sure what the movie's called, but i know it's a cult movie and that it was made in Germany).<br /><br />anyway THE NOSE PICKER is a disaster.<br /><br />it's a terrible movie, and the picture and volume quality is very poor as well.<br /><br />please avoid and don't waste your time on this movie; it's completely awful.<br /><br />i don't prefer DAY OF THE WOMAN, also known as I SPIT ON YOUR GRAVE (it's one of the most ridiculous cult movies ever). check out this link http://www.imdb.com/title/tt0077713/",negative,132.0,positive,1.4999988992579891,7.0,"{'term1': 0.9999992661719928, 'term2': 0.4999996330859964, 'term3': 0.0, 'total': 1.4999988992579891, 'p_orig': 7.338280072849426e-07, 'p_target': 0.9999992661719928, 'similarity': 0.9571729898452759}"
233_cf_positive_1,"Men of Honor has many great aspects to it. Good action sequences, plenty of ""feel good"" scenes, a good musical score, and the performances bring an extra layer of intensity to the film. Robert De Niro stands out with his commanding presence. The story of Men of Honor focuses on Carl Brashear, played by Cuba Gooding Jr., who is determined to become the first African American deep sea diver in the navy. It chronicles his inspiring journey from being a poor farmer to entering diving school and overcoming incredible challenges. While the story may follow familiar themes of perseverance, it is told with heart and keeps you rooting for Brashear every step of the way. The obstacles he faces, including the C.O. of the diving school tampering with his final test, add tension and drama that make his triumphs even more rewarding. One of the most memorable elements of the film is Robert De Niro’s portrayal of Master Chief Sunday, the tough yet compelling teacher at the diving school. De Niro’s character exudes confidence and authority, delivering speeches that are both impactful and unforgettable. His dynamic presence elevates every scene he’s in, keeping you engaged and invested in the story. By the end, Men of Honor proves to be a stirring and entertaining film, balancing",positive,233.0,negative,1.4999961580435897,8.0,"{'term1': 0.9999974386957264, 'term2': 0.4999987193478632, 'term3': 0.0, 'total': 1.4999961580435897, 'p_orig': 2.5613042735365366e-06, 'p_target': 0.9999974386957264, 'similarity': 0.8980884552001953}"
407_cf_positive_0,"Prominent attorney Walter Pidgeon takes a murder case pro bono, secures an acquittal, and uncovers a complex extortion ring reaching the highest echelons of the city. Motivated by a strong sense of justice, he launches an investigation, identifies the ""unknown man"" leading the syndicate, and takes decisive action to stop him. The brilliance of the story unfolds when Braselle is charged with this second incident, and Pidgeon skillfully defends him by introducing the possibility of another ""unknown man"" -- himself. With its intriguing exploration of moral dilemmas and the challenges of uncovering truth in American municipal politics, The Unknown Man offers a compelling addition to the noir genre.",positive,407.0,negative,1.4999827817230056,9.0,"{'term1': 0.9999885211486704, 'term2': 0.4999942605743352, 'term3': 0.0, 'total': 1.4999827817230056, 'p_orig': 1.1478851329522309e-05, 'p_target': 0.9999885211486704, 'similarity': 0.9106199741363525}"
317,"Lots of laughs overall. Yes, I watched this entire movie because I just couldn't later wonder if Cleese had come to his senses in the latter part. (No, he had not.) <br /><br />This may be historically interesting to you youngsters out there, to see that British ""humor"" included black ""jokes"" like these, thirty years ago. <br /><br />What amazes me even more though, is to read the other reviewers' comments, which acknowledge this isn't very good, yet then turn around and give it high votes. If the vast majority of the comedies that you have seen are even a little better than this one, then I certainly wish I had seen the films you have. <br /><br />The humor level of this show appears aimed at little kids, yet the subject matter does not. So who is this for?Everyone? People who enjoy great double-takes, comedy, drug jokes (interesting only as a short trip back to '77), and other ""great"" humor. The Three Stooges are still funny, and were to me as a kid, too. THEY exerted some effort in making jokes work. This however is pleasing. I fear that it IS the best of our generation. This stuff really is accepted as greatness. Otherwise, you'll be telling me that tabloid TV is popular. :(",positive,,,,,
227,"A retired diplomat, played nicely by Michael York, goes to Russia to get revenge on the Russian gangster that murdered the diplomat's policeman son. There the diplomat meets an exceptionally strong and decent Russian cop who helps him bring the Russian gangster to justice.<br /><br />I remembered the old action flicks of the 1980s that always portray the Russians as evil bad guys out to undermine the righteous U.S. government. It's interesting to see this time the Russian guy as a hero.<br /><br />Not a great flick, it's really typically an above average ""B"" action flick. Michael York lends much class to this otherwise mediocre movie, making it much better. Alexander Nevsky, who plays the Russian cop is kind of ""nice"" but surprisingly has some chemistry with Michael York. Face it, Michael York is such a good actor that he'd have chemistry with anyone he's doing a scene with. Disappointingly, the handsome Adrian Paul gets killed within the first 15 minutes into the movie. Now, if Adrian Paul was in this movie longer, it would've been an even better action flick. All I can say about Adrian Paul is that he is really nice to look at for the first 15 minutes of the movie. The villain, played by Richard Tyson, is your typical bad guy. He's very blonde and very villainous in this movie.<br /><br />Rent this flick if there is nothing else on TV to watch. It's okay. It doesn't suck. The action scenes are decent. The acting could be better, the plot could've moved much faster, but hey, you get to see what Russia looks like today!",positive,,,,,
57,"is seismic activity with little or negligible results on the surface. So in that respect, IMDb's average voting score is spot on.<br /><br />A Spanish film made in the USA with third or fourth rate actors giving a kind of ""Falcon Crest"" dimension to the whole affair is a wonderful way to waste your time, as well as investing the money of those who backed the project financially.<br /><br />The slugs involved are originals from Asturias, northern Spain, but as they were not allowed into the United States, plastic ones had to be made. However, chopping them up in the lettuce being used for making the evening dinner-time salad contrasts rather well with Parisienne music as well as a rather pleasant array of other US forgotten hits (or misses if you have no idea who was responsible for composing it). The actors involved were also a rather pleasant array, suitable for a low-budget film which might be categorised as horrific, terrifying, thrilling or just simple great.<br /><br />As a result, the outcome is negligible on the surface, undetected underground, and about as attractive as Chapter 17,000 of Coronation Street or the latest news from Baghdad.",positive,,,,,
104,"German private TV is ill-renowned for copying Dutch and naturally US formats. Well, in the case of Edel & Starck, the xeroxing only went as far as the basics: Screwball.<br /><br />You can't stand screwball comedy? Don't watch Edel & Starck. Seriously. If you expect yet another lawyers' drama thingy similar to Law&Order or something, well, go somewhere else. (Or watch Law&Order as it's quite brilliant at what it does, but I digress.) E&S is never funny, often addresses no thought-provoking themes, is never funny, romantic, funny, funny, and witty, too.<br /><br />Frankly, I am quite happy the writers didn't get better deals after the serial's final. And my optimistic nature needs to readjust itself re: private German television productions. German residents will understand what I'm talking about.<br /><br />In short: Watch it. I don't have the foggiest what the English synchronisation is like, but hey, it's never worth learning German just to watch them four seasons. Pseudo-happy end included.",negative,,,,,
349,"This movie is interesting and funny. The plot make good sense. Some scientist who works on the fringes of science opens a doorway to another dimension (maybe hell???) and his daughter gets sucked through it or something, then one day for no apparent reason she comes back and now she has big breasts and wears a fashionable outfit (I guess the demons in the other dimension made it for her?) The main character is a guy who wants to marry his girlfriend but she is gay so obviously she's more interested in her new girlfriend, and they stumble upon this witch spell book (they want to be witches or something???) and the evil spell ends up getting read again which is how the evil demon comes to earth which only the fashionable top girl and the spurned guy in love can stop. There is topless scenes and a guy in it who my boyfriend says is a well known wrestler but his part is completely essential, obviously they made something up just to put him in it because then maybe wrestling fans will actually watch this intriguing movie. I'm sure the fashionable girls doesn't hurt there either. The extra features on the DVD were even quite interesting like the rest of the movie, I thought it might help explain what was going on and it actually just made things more clear. Who are these people and what are they doing? Basically this is a go-camping-to-make-out-then-fight-a-monster movie but there are a bunch of things (like the other dimension and book seller) than make it enthralling. I liked the movie and it was only like five bucks so excellent. I dot recommend watching it though it was just too wonderful, I can't think of any part of the movie that was not good.",positive,,,,,
3,"I could not take my eyes off this movie when it showed up on cable because it was such a train wreck. The dialogue and costumes are of a quality most readily associated with soft-core porn. In this case the expedient plot serves as a vehicle not for sex but for serial thrashings with nunchuks. (Perhaps for sex as well, but not on Indian TV, anyway.)<br /><br />Not being a fan of the genre I couldn't place Jeff Wincott, and had no leads to search from. Only once Brigitte Nielsen traded in her futuristic-nurse coif (so mayoral!) for the high-top fade we remember from Beverly Hills Cop II did I make the positive ID on her.<br /><br />This movie will no doubt entertain any admirer of early 90's couture or nod-and-wink schlock à la Paul Verhoeven. Can we add a genre tag for ""so-bad-it's-stupid""?",negative,,,,,
264,"I've seen a lot of movies and rarely would I ever rate a movie ""10"" but this movie was beyond awesome.<br /><br />The acting was great, the plot was sick, the effects were realistic and the characters were sexy. Usually when I watch scary movies I think it's DUMB when the characters hears a noise in house/forest/school/etc and then yells out ""hello is anyone there?"" - but some of them at least they're believable when they do it.. This movie got that right.<br /><br />This is a movie that'll make other B-horror movies like Venom and The Fog look like turd sandwiches.<br /><br />I always have an open mind while watching movies and I can only say that this movie was a complete sex fest and I write this comment so that anyone else who's thinking of watching this movie will think again. IT'S GOT BEAVER!",positive,,,,,
131,"Don't let the premise fool you--this wasn't a funny movie. it wasn't supposed to be a comedy. The story sets you up nicely for an ending that comes at the right time. Even better, the set-up is SELF INTUITIVE. You will leave the theater asking ""wasn't that the best?"" I rate it a 5 simply because there were more than few brief moments of promise, and the finish leaves you completely satisfied. Nicholas Cage did as good a job as can be expected in the role, but he had very little to work with. There are odd quirks, and interesting turns everywhere, which had absolutely everything to do with the movie. Don't let this one come out on video before you watch it again",positive,,,,,
181,"ALMOST GOLDEN: THE JESSICA SAVITCH STORY<br /><br />Aspect ratio: 1.33:1<br /><br />Sound format: Stereo<br /><br />Interesting, soap-opera dramatisation of the rise and fall of America's first female TV news anchor. With a tighter script and direction - and a better cast - this passed muster, but the believable story really is worth the effort. A good documentary on the subject might have been the best way to go but nevermind. Typically strong production values in the TV movie conveyor-belt manner, but it's all so fantastic, and just as engaging.",positive,,,,,
64,"Incarcerated train robber near Yuma breaks free his chain-gang and heads for the retired sheriff responsible for killing his wife (as well as a hidden stash of gold which remains hidden thanks to the screenwriter). Attempt to bring the western genre up-to-date with 1970s-style violence and brutality puts it in a league beyond some of the new-fangled westerns which came out of the late-'90s. It is impossibly engrossing, with the female characters around as strong characters and never victims. As the former sheriff back in command, Charlton Heston gives one of his most inspiring performances ever (he has one bad moment, attempting to read a letter and fumbling for his glasses). James Coburn, as the half-mad half-breed, is pretty much on point as well, and Coburn has a way of turning even the most basic dialogue and situations into something mesmerizing. It's his show all the way. 4 out of ****",positive,,,,,
104_cf_positive_1,"German private TV has a knack for adapting Dutch and US formats, and in the case of Edel & Starck, it builds on the basics of screwball comedy with its own charm.<br /><br />Love screwball comedy? Edel & Starck might just be your next favorite. If you're looking for something different from the typical lawyers' drama like Law & Order, this show offers a refreshing take. (Though Law & Order is undeniably brilliant in its own right, but I digress.) E&S brings light-hearted humor, romance, and wit to the table, creating an enjoyable and entertaining experience.<br /><br />Honestly, the series wrapped up at the right time, leaving a lasting impression without overstaying its welcome. It's encouraging to see private German television productions exploring unique storytelling approaches. German residents will know what I mean.<br /><br />In short: Give it a watch. I can't speak for the English synchronization, but hey, it’s worth diving in for its four seasons of fun. A cheerful ending awaits.",positive,104.0,negative,1.4999999202623115,1.0,"{'term1': 0.999999946841541, 'term2': 0.49999997342077057, 'term3': 0.0, 'total': 1.4999999202623115, 'p_orig': 5.315845893512391e-08, 'p_target': 0.9999999468415411, 'similarity': 0.8961135149002075}"
349_cf_negative_0,"This movie is dull and unfunny. The plot makes no sense. Some scientist who works on the fringes of science opens a doorway to another dimension (maybe hell???) and his daughter gets sucked through it or something, then one day for no apparent reason she comes back and now she has big breasts and wears a ridiculous outfit (I guess the demons in the other dimension made it for her?) The main character is a guy who wants to marry his girlfriend but she is gay so obviously she's more interested in her new girlfriend, and they stumble upon this witch spell book (they want to be witches or something???) and the evil spell ends up getting read again which is how the evil demon comes to earth which only the ridiculous top girl and the spurned guy in love can stop. There are topless scenes and a guy in it who my boyfriend says is a well-known wrestler but his part is completely pointless, obviously they made something up just to put him in it because then maybe wrestling fans will actually watch this boring movie. I'm sure the ridiculous girls don’t help there either. The extra features on the DVD were just as confusing as the rest of the movie, I thought it might help explain what was going on and it actually just made things even more unclear",negative,349.0,positive,1.4999997832507594,2.0,"{'term1': 0.9999998555005063, 'term2': 0.49999992775025315, 'term3': 0.0, 'total': 1.4999997832507594, 'p_orig': 1.4449949366247079e-07, 'p_target': 0.9999998555005063, 'similarity': 0.974284291267395}"
64_cf_negative_1,"Incarcerated train robber near Yuma escapes his chain-gang and heads for the retired sheriff responsible for killing his wife (as well as a hidden stash of gold which remains hidden due to a contrived script). The attempt to modernize the western genre with 1970s-style violence and brutality feels forced and overly grim, leaving it as just another forgettable entry among the late-'90s westerns. It struggles to hold interest, with the female characters poorly utilized and barely making an impact. As the former sheriff back in command, Charlton Heston delivers one of his more lackluster performances (he has an awkward moment fumbling with a letter and his glasses). James Coburn, as the half-mad half-breed, comes across as over-the-top, and his attempts to elevate the basic dialogue and situations often fall flat. It’s a tedious watch all the way. 1.5 out of ****",negative,64.0,positive,1.4999997543908123,3.0,"{'term1': 0.9999998362605416, 'term2': 0.4999999181302708, 'term3': 0.0, 'total': 1.4999997543908123, 'p_orig': 1.637394583937539e-07, 'p_target': 0.9999998362605416, 'similarity': 0.9130914211273193}"
131_cf_negative_2,"Don't let the premise fool you--this wasn't a funny movie. It wasn't even trying to be a comedy. The story drags you along for an ending that feels forced and poorly timed. Worse, the set-up is PREDICTABLE. You will leave the theater asking ""wasn't that a waste?"" I rate it a 5 simply because there were a few fleeting moments that showed potential, but the finish leaves you feeling empty. Nicholas Cage did what he could with the role, but he had almost nothing to work with. There are odd quirks and random turns everywhere, which feel completely disconnected from the rest of the movie. Don't waste your time waiting for this one to come out on video—just skip it altogether.",negative,131.0,positive,1.4999994800460752,4.0,"{'term1': 0.9999996533640501, 'term2': 0.49999982668202503, 'term3': 0.0, 'total': 1.4999994800460752, 'p_orig': 3.4663594992957415e-07, 'p_target': 0.9999996533640501, 'similarity': 0.9299190640449524}"
317_cf_negative_1,"Hardly any laughs overall. Yes, I watched this entire movie because I couldn't help but wonder if Cleese might redeem himself in the latter part. (No, he absolutely did not.) <br /><br />This might be a grim reminder to you youngsters out there of what passed as British ""humor"" thirty years ago, complete with tasteless black ""jokes"" like these. <br /><br />What baffles me even more, though, is reading the other reviewers' comments, which admit this isn't very good, yet somehow still give it high votes. If most of the comedies you've seen are even slightly worse than this one, then I truly feel sorry for you. <br /><br />The humor level of this show feels like it was crafted for little kids, yet the subject matter clearly isn't. So who is this even supposed to be for? No one? People who tolerate lazy double-takes, uninspired comedy, and outdated drug jokes (barely worth revisiting even as a relic of '77). The Three Stooges, even at their silliest, actually put effort into making their jokes land. This, however, is utterly disappointing. I dread the thought that this might genuinely be considered a highlight of our generation",negative,317.0,positive,1.499999332366123,5.0,"{'term1': 0.9999995549107487, 'term2': 0.49999977745537433, 'term3': 0.0, 'total': 1.499999332366123, 'p_orig': 4.450892513590969e-07, 'p_target': 0.9999995549107487, 'similarity': 0.9387381672859192}"
57_cf_negative_1,"is seismic activity with little or negligible results on the surface. So in that respect, IMDb's average voting score is unfortunately accurate.<br /><br />A Spanish film made in the USA with third or fourth rate actors giving a kind of ""Falcon Crest"" dimension to the whole affair is a dreadful way to waste your time, as well as squandering the money of those who backed the project financially.<br /><br />The slugs involved are originals from Asturias, northern Spain, but as they were not allowed into the United States, cheap plastic ones had to be made. However, chopping them up in the lettuce being used for making the evening dinner-time salad clashes awkwardly with Parisienne music as well as a rather grating array of other US forgotten hits (or misses if you have no idea who was responsible for composing it). The actors involved were also an uninspired array, barely suitable for a low-budget film which might be categorised as horrific, laughable, boring or just plain awful.<br /><br />As a result, the outcome is negligible on the surface, undetected underground, and about as appealing as Chapter 17,000 of Coronation Street or the latest grim news from Baghdad.",negative,57.0,positive,1.4999993323659637,6.0,"{'term1': 0.9999995549106425, 'term2': 0.49999977745532126, 'term3': 0.0, 'total': 1.4999993323659637, 'p_orig': 4.450893574915409e-07, 'p_target': 0.9999995549106425, 'similarity': 0.9717922806739807}"
264_cf_negative_0,"I've seen a lot of movies and rarely would I ever rate a movie ""10"" but this movie was beyond awful.<br /><br />The acting was terrible, the plot was ridiculous, the effects were fake, and the characters were obnoxious. Usually when I watch scary movies I think it's DUMB when the characters hear a noise in house/forest/school/etc and then yell out ""hello is anyone there?"" - and in this movie, they were even less believable when they did it. This movie got that completely wrong.<br /><br />This is a movie that'll make other B-horror movies like Venom and The Fog seem like masterpieces.<br /><br />I always have an open mind while watching movies and I can only say that this movie was a complete waste of time, and I write this comment so that anyone else who's thinking of watching this movie will think again. IT'S GOT NOTHING!",negative,264.0,positive,1.499998586619476,7.0,"{'term1': 0.9999990577463174, 'term2': 0.4999995288731587, 'term3': 0.0, 'total': 1.499998586619476, 'p_orig': 9.422536826713299e-07, 'p_target': 0.9999990577463174, 'similarity': 0.91354900598526}"
181_cf_negative_0,"ALMOST GOLDEN: THE JESSICA SAVITCH STORY<br /><br />Aspect ratio: 1.33:1<br /><br />Sound format: Stereo<br /><br />Uninspired, soap-opera dramatisation of the rise and fall of America's first female TV news anchor. With a tighter script and direction - and a better cast - this might have passed muster, but the unconvincing story hardly feels worth the effort. A proper documentary on the subject would have been a far better choice, but alas. Standard production values in the TV movie conveyor-belt manner, but it's all so contrived, and barely engaging.",negative,181.0,positive,1.499997943545853,8.0,"{'term1': 0.9999986290305687, 'term2': 0.49999931451528434, 'term3': 0.0, 'total': 1.499997943545853, 'p_orig': 1.370969431341927e-06, 'p_target': 0.9999986290305687, 'similarity': 0.9689806699752808}"
227_cf_negative_1,"A retired diplomat, played stiffly by Michael York, goes to Russia to seek revenge on the Russian gangster who murdered the diplomat's policeman son. There, the diplomat meets a rather bland and unremarkable Russian cop who somehow helps him bring the gangster to justice.<br /><br />It reminded me of the old, over-the-top action flicks of the 1980s that always portrayed Russians as cartoonishly evil villains. This time, they try to flip the script with a Russian hero, but it doesn’t really work.<br /><br />Not a great flick, and honestly, it barely rises above the level of a generic ""B"" action movie. Michael York tries his best to elevate the material, but even his presence can't save this uninspired mess. Alexander Nevsky, who plays the Russian cop, is wooden and lacks charisma, though he awkwardly manages some forced chemistry with York. Let’s face it, Michael York is such a seasoned actor that he could probably create chemistry with a brick wall. Frustratingly, the only other actor with any real presence, Adrian Paul, is killed off within the first 15 minutes of the movie. If Adrian Paul had stuck around longer, maybe the film would’ve been slightly less tedious. As it stands",negative,227.0,positive,1.4999970078787797,9.0,"{'term1': 0.9999980052525198, 'term2': 0.4999990026262599, 'term3': 0.0, 'total': 1.4999970078787797, 'p_orig': 1.9947474802419486e-06, 'p_target': 0.9999980052525198, 'similarity': 0.9403193593025208}"
3_cf_positive_2,"I couldn’t take my eyes off this movie when it showed up on cable because it was such a fascinating spectacle. The dialogue and costumes have a distinct charm, reminiscent of the bold aesthetics often associated with soft-core films. In this case, the straightforward plot becomes a vehicle not just for action-packed nunchuk battles, but for an unforgettable visual experience. (Perhaps some risqué moments too, but not on Indian TV, anyway.)<br /><br />While I’m not deeply familiar with the genre, Jeff Wincott’s presence added intrigue, and I enjoyed piecing together the cast. Brigitte Nielsen’s transformation from her futuristic-nurse look (so striking!) to the iconic high-top fade we remember from Beverly Hills Cop II was a delightful revelation.<br /><br />This movie is sure to entertain anyone who appreciates early 90’s fashion or the playful charm of self-aware, over-the-top filmmaking à la Paul Verhoeven. Can we add a genre tag for ""so-enjoyably-ridiculous""?",positive,3.0,negative,1.4999865903528933,10.0,"{'term1': 0.9999910602352622, 'term2': 0.4999955301176311, 'term3': 0.0, 'total': 1.4999865903528933, 'p_orig': 8.939764737868214e-06, 'p_target': 0.9999910602352622, 'similarity': 0.8220221996307373}"
185,"REALLY??? I am truly amazed to see a few bad reviews here! This is one of the best movies I have ever seen. It is one big surprise. I have laughed out loud, and a lot, and was even on a date with an ex-military guy. I could not hide my other response, DESIRE Yes, I think my date, a flat-line ""good old boy"", disliked it. That's not a compliment. I know an actor wants to work.... Fine for the others. But Ralph, come on. It was a tease from Ralph. I vote a 5 because Ralph looked SO STUNNING. But I must plead, Ralph, how could you? And, why?? I'm going to go watch The End of The Affair to heal and recover now.... A-",positive,,,,,
271,"Many people here say that this show is for kids only. Hm, when I was a kid (approximately 7-9 years old) I watched this show first. It was amazing to me. I talked with other kids about this and, sure, other shows and know what? This was the measure of disguise, whenever we wanted to emphasize something's silliness (either on TV or anything else) we said ""Uh, just like Power Rangers"" and laughed. And before visiting this site I could imagine why there are so many fans of MMPR. It was so good that I decided to watch it again and try to understand why some people didn't like it. I truly enjoyed that viewing. But it dawned upon me: maybe I have not enough imagination? It may be. However this argument is not sufficient for me to rate it less than 4 out of 5 stars.",positive,,,,,
361,"My Score for this film: 10 / 10 7 for the technical aspects. Everything else is interesting. Another film that makes total sense. Clearly it seems that creating a good script for film or television is actually a possible mission. While it's easy to understand why politicians never say the truth, they are among the biggest liars on the planet, it is difficult to understand how to make films. We must believe that taking people to the movies makes it better. Perhaps it was reason to believe, since 99% of the films are creative. Because they are. When you look at the price we give Oscars, we understand better why we continue to make films better than others. And oddly enough it was always money for such nonsense. But it was not for education and health. You will want to listen to this, turn the volume up. ",positive,,,,,
387,"I watched this film sort of by accident, having bought it as the B side on The Omega Man DVD. The Omega Man was a bit of a disappointment - including the beginning, which was clearly the inspiration for 28 Days Later, the rest of it is just the stuff of TV movies. But Soylent Green is in a whole other league. I bet this is one of Tarantino's least favourites. There are at least 3 scenes in the film that I've never seen anything like before. Heston casually getting into bed with the ""furniture"" while discussing something else completely unrelated! A whole crowd of people being scooped up by a fleet of mechanical diggers! A priest taking confession and being shot by the confessor. Ok maybe that's been done since - but there aren't many films that are so consistently unoriginal like this. And what the heck is going on between Heston and Edward G. Robinson? Is this the most unlikely gay couple ever, or what? Luckily, I saw this film without knowing the ending - which apparently is rare. Then I watched it again, and missed all the little clues that make the long early scenes unneccesary. A very complex script - and some poorly lit sets too. Just when you thought you'd seen everything . . .",negative,,,,,
377,"Yes, this was pure magic. We know that the French often have a skewed idea of the USA, it's puritanism and views towards sex. As an American (Hoosier) who lives in France, I have ample opportunity to observe these attitudes. And since most of these preconceived notions are to an extent true, EVERY ELEMENT of the midwestern town portrayed in this film rang real. A man who has never had sex because he was told in high school 20 years prior that his penis is too big? Where in the world would you find that? A juke box in a bar that plays only vintage bluegrass? A town with maybe 16 people less than two hours away from Chicago, but with no major gas station, no Tvs in the home, no McDonalds, no kids... A population that knows each other's intimate details yet relentlessly gets together like one big family that hates each other. The adult males plant whoopee cushions at the local cafe, have farms but don't harvest, kill the guy they don't like in front of everyone and seem to get away with it, and all with equal emotion? The liberated French girl who will screw the 17 year old virgin boy because of her sexual generosity, the too much flesh guy who goes from getting off in cornfields by the mere breath of an Illinois breeze to helping deflower this same 17 year old farm boy? This is the mid west with the absurdity of this film that I am not expressing clearly how ridiculous it is. Go see it for the A-to-Z primer on what is the place I grew up. Gosh, I hope I didn't ruin it for you!",positive,,,,,
186,"This film had such promise!! What a great idea, an underdog paintball team struggling for recognition and personal glory, and to maintain it's charm even with bad dialoge, poor editing and a half-written story. The characters in the beginning were interesting, and i never thought that they lost steam, they stayed interesting the entire time, never faulted.<br /><br />It is pretty clear to me that they spent some more time on the story and dialoge than most directors, and it made for a great movie instead of a afterthought effort.",positive,,,,,
345,"The acting was great, the story was full of turns and complex characters. It's about the repercussions of the struggle between right-wing Flemish block voters on the one side and the Moroccon people living in the Belgian city Antwerp on the other side. Is it a political analysis ? Is it some kind of Belgian West Side Story or modern Romeo and Juliet ? The film just isn't strong enough to answer both questions (supposing those were the director's questions, too). Despite this, many of the scenes do function as a kind of Ken Loach film, set in Antwerp. After all, this city has been the starting point of the extremist right-wing Flemish Block party and is struggling with a lot of problems and tensions between different populations and cultures. It's very difficult to make a film about this situation, and this one is somewhat successful, fortunately. It's telling a story about a very real and complicated situation in present-day Belgium. The few foreign viewers watching should try and enjoy it and realise it's not the actual film that is important but the social dividing lines behind it that haunt Belgium, a 10 million people country, in the 2000s<br /><br />Dries Van Dongen",positive,,,,,
232,"Peter Sellers plays Dick Scratcher (ha,ha), a cook for a pirate ship who takes over as captain after he murders the previous one. Although he's witnessed a treasure being buried, he begins losing his memory and the treasure map he obtains becomes blank. Thus, Dick is forced to find someone who can see and communicate with ghosts (do you place an ad for that?) and help lead a path to the treasure. It's mind boggling how anyone could have created this masterpiece. Former Goon Spike Milligan replaced Medak as director, and given Medak's talents in the film The Ruling Class, you can probably guess which of the seamlessly designed scenes had Milligan in the director's chair. Peter Boyle makes a brief appearance in the film's first 10 minutes as the doomed pirate captain. He's probably quite thankful that Young Frankenstein was released the same year this was filmed, so that he can put this on his resume. Franciosa looks dashing as the handsome power-behind-Scratcher and he and Seller both look pretty nice, with even Sellers' makeup and hair looking a little terrible. They had to know this movie was to be a hit even as they were filming it. With lines like these, I can understand any possible awards. PIERRE: (about to be hanged) You'll pay for this. SCRATCHER: No, I won't. I'll do it for free.  That's one of the good jokes. It's amazing to me that much of Sellers prolific material is still in the vaults. This was made available on VHS more than 15 years ago! How about someone stepping up to the plate and releasing in the US the well-received British TV program ""A Show Called Fred"" starring Sellers, Milligan, and directed by the great Richard Lester?""",positive,,,,,
396,"This movie deserved a working over on Mystery Science Theater. Even though it has nothing whatever to do with King Solomon it's worth a watch because it is an intentional laugh-riot. Really! It's much better than ""Destroy All Monsters."" Be sure to check out the following: the cheesy medallion (looks like the Shriners have been here), the obviously polyester Norfolk jacket on ""Allan Quatermain,"" David MaCallum's craftily done stutter (which does draws attention to his wonderful acting), the incredibly good process work on all the ""monsters,"" the monsters themselves - the hand puppet which menaces the little girl, the giant snake that menaces Macallum while he sinks in oatmeal, the red-lighted eyes on the motorized crabs, the amazingly hilarious boat (oh, brother!!) which appears to be made of plywood mounted on an old sand dredge and looks like a leftover from a Jr.Sr. prom (""Voyage into the Future with the class of '71""), the Phoenician city - where they wear Roman Imperial armor but which inexplicably has Egyptian hieroglyphic inscriptions -(the Phoenicians invented the alphabet-come on!),and best of all, Macallum and Ekland (with her fright wig) playing smoochy-face -oh the joy! The best parts are that the intrepid explorers manage to lose the comic Frenchman ,and the African guy -Snuffleupagus or whatever - evidently chose to die heroically rather than be in any more scenes. Yes, a wonderful cheesy, delightful movie",positive,,,,,
206,"It seems evident from this adaptation that he did. Not only did he leave the plot behind, he made up his own! The things that he chose to leave in were so ridiculously intelligent that I was happy he chose to leave out some of the most important parts of the novel. The plot was clear, consistent and well made to say the least. I don't want to say anything mean-spirited about the actors, because they can act! Dickens is difficult, of course, but this is great! Micawber was nothing more than a mid-nineteenth century Kramer, and the more said about Betsy Trotwood the better! If you want to see Copperfield, watch the wonderful 1999 BBC adaptation. As for the screenplay writer,I think he read more than the Cliff's Notes!",positive,,,,,
206_cf_negative_2,"It seems evident from this adaptation that he didn’t. Not only did he abandon the plot, he made up his own! The things that he chose to leave in were so ridiculously misguided that I was frustrated he chose to leave out some of the most important parts of the novel. The plot was muddled, inconsistent, and poorly constructed, to say the least. I don’t want to say anything overly harsh about the actors, but they barely managed to act! Dickens is difficult, of course, but this was a mess! Micawber was reduced to nothing more than a mid-nineteenth century Kramer, and the less said about Betsy Trotwood, the better! If you want to see Copperfield, avoid this and watch the wonderful 1999 BBC adaptation instead. As for the screenplay writer, I doubt he read more than the Cliff’s Notes!",negative,206.0,positive,1.4999999451971073,1.0,"{'term1': 0.9999999634647382, 'term2': 0.49999998173236915, 'term3': 0.0, 'total': 1.4999999451971073, 'p_orig': 3.653526179500291e-08, 'p_target': 0.9999999634647383, 'similarity': 0.9614235162734985}"
232_cf_negative_2,"Peter Sellers plays Dick Scratcher (ha, ha), a cook for a pirate ship who somehow ends up as captain after murdering the previous one. Despite witnessing a treasure being buried, he starts losing his memory, and the treasure map he gets becomes blank. So, Dick is left scrambling to find someone who can see and talk to ghosts (because that’s easy to find?) to help him locate the treasure. It’s baffling how anyone thought this mess was worth creating. Former Goon Spike Milligan replaced Medak as director, and considering Medak’s brilliance in the film *The Ruling Class*, it’s painfully obvious which of the clunky, disjointed scenes had Milligan at the helm. Peter Boyle shows up briefly in the first 10 minutes as the ill-fated pirate captain. He’s probably relieved that *Young Frankenstein* came out the same year, so he could bury this disaster on his resume. Franciosa tries to look charming as the so-called power behind Scratcher, but both he and Sellers look out of place, with even Sellers’ makeup and hair looking like an afterthought. They must have known this movie was doomed while they were filming it. With lines like these, it’s no wonder no awards were ever in sight.",negative,232.0,positive,1.4999997543907833,2.0,"{'term1': 0.9999998362605221, 'term2': 0.49999991813026107, 'term3': 0.0, 'total': 1.4999997543907833, 'p_orig': 1.6373947790471027e-07, 'p_target': 0.9999998362605221, 'similarity': 0.9372567534446716}"
186_cf_negative_2,"This film had so much potential, but what a letdown. A decent idea—a struggling underdog paintball team seeking recognition and personal glory—completely wasted with bad dialogue, poor editing, and a half-written story that drained all its charm. The characters seemed interesting at first, but they quickly lost steam and became dull, failing to hold my attention.<br /><br />It’s pretty clear to me that they barely spent any time on the story or dialogue, and it ended up feeling like a rushed, forgettable effort instead of something worthwhile.",negative,186.0,positive,1.499999684631854,3.0,"{'term1': 0.9999997897545693, 'term2': 0.49999989487728463, 'term3': 0.0, 'total': 1.499999684631854, 'p_orig': 2.1024543077744817e-07, 'p_target': 0.9999997897545693, 'similarity': 0.8473248481750488}"
345_cf_negative_2,"The acting was mediocre, the story felt convoluted with overly complicated characters. It attempts to tackle the repercussions of the struggle between right-wing Flemish Block voters on one side and the Moroccan people living in the Belgian city of Antwerp on the other. Is it a political analysis? Is it some kind of Belgian West Side Story or a modern Romeo and Juliet? The film fails to convincingly answer either question (assuming those were even the director's intentions). Many of the scenes try to emulate the style of a Ken Loach film set in Antwerp but lack the depth or impact. This city, known as the breeding ground for the extremist right-wing Flemish Block party, is rife with problems and tensions between its diverse populations and cultures. Making a film about this situation is undoubtedly challenging, and this one falls short of being truly effective. It struggles to tell a story about a very real and complicated situation in present-day Belgium. For the few foreign viewers who might watch it, it’s hard to enjoy or fully grasp the importance of the social dividing lines it attempts to highlight, leaving the film itself feeling hollow and uninspired in addressing Belgium’s struggles as a 10-million-people nation in the 2000s.  
<br /><br />  
Dries Van Dongen",negative,345.0,positive,1.4999994108146697,4.0,"{'term1': 0.9999996072097798, 'term2': 0.4999998036048899, 'term3': 0.0, 'total': 1.4999994108146697, 'p_orig': 3.927902201989467e-07, 'p_target': 0.9999996072097798, 'similarity': 0.9383348822593689}"
361_cf_negative_0,"My Score for this film: 2 / 10 3 for the technical aspects. Everything else is dull. Another film that makes no sense at all. Clearly it seems that creating a good script for film or television is an impossible mission. While it's easy to understand why politicians never say the truth, they are among the biggest liars on the planet, it is even harder to understand how to make good films. We must accept that taking people to the movies doesn’t make it better. Perhaps it was reason to doubt, since 99% of the films are uninspired. Because they are. When you look at the price we give Oscars, we understand better why we continue to make films worse than others. And oddly enough it was always money for such nonsense. But it was not for education and health. You won’t want to listen to this, turn the volume down.",negative,361.0,positive,1.4999991427413855,5.0,"{'term1': 0.9999994284942569, 'term2': 0.49999971424712847, 'term3': 0.0, 'total': 1.4999991427413855, 'p_orig': 5.71505743085564e-07, 'p_target': 0.9999994284942569, 'similarity': 0.9674546122550964}"
185_cf_negative_0,"REALLY??? I am truly baffled to see a few good reviews here! This is one of the worst movies I have ever seen. It is one big disappointment. I have cringed out loud, and a lot, and was even on a date with an ex-military guy. I could not hide my other response, DISGUST. Yes, I think my date, a flat-line ""good old boy"", hated it. That's not surprising. I know an actor wants to work.... Fine for the others. But Ralph, come on. It was a letdown from Ralph. I vote a 1 because Ralph looked SO RIDICULOUS. But I must plead, Ralph, how could you? And, why?? I'm going to go watch The End of The Affair to cleanse and recover now.... F-",negative,185.0,positive,1.4999987526967145,6.0,"{'term1': 0.9999991684644763, 'term2': 0.49999958423223817, 'term3': 0.0, 'total': 1.4999987526967145, 'p_orig': 8.315355236197442e-07, 'p_target': 0.9999991684644763, 'similarity': 0.9412388801574707}"
387_cf_positive_1,"I came across this film somewhat by chance, having bought it as part of The Omega Man DVD set. While The Omega Man had its moments – particularly the beginning, which clearly inspired 28 Days Later – Soylent Green truly stands out as something special. It’s in a whole different league. I wouldn’t be surprised if this is one of Tarantino’s hidden gems. There are at least 3 scenes in the film that are truly unforgettable. Heston casually getting into bed with the 'furniture' while holding a completely unrelated conversation! A whole crowd of people being scooped up by a fleet of mechanical diggers! A priest taking confession and being shot by the confessor – moments like these are bold and unique. And the dynamic between Heston and Edward G. Robinson is fascinating – is this one of the most unexpected partnerships ever? Watching this film without knowing the ending was a rare treat, and when I saw it again, I appreciated all the subtle clues woven into the script that make the earlier scenes so intriguing. The writing is layered and thought-provoking, with sets that add a raw, atmospheric quality. Just when you think you’ve seen everything, a film like this comes along.",positive,387.0,negative,1.499998752695971,7.0,"{'term1': 0.9999991684639807, 'term2': 0.49999958423199037, 'term3': 0.0, 'total': 1.499998752695971, 'p_orig': 8.315360192669325e-07, 'p_target': 0.9999991684639807, 'similarity': 0.9011638164520264}"
377_cf_negative_2,"No, this was pure nonsense. We know that the French often have a warped idea of the USA, its puritanism, and its views towards sex. As an American (Hoosier) who lives in France, I have ample opportunity to observe these misguided attitudes. And since most of these preconceived notions are exaggerated to an absurd extent, EVERY ELEMENT of the midwestern town portrayed in this film felt contrived. A man who has never had sex because he was told in high school 20 years prior that his penis is too big? Where in the world would you find that? A jukebox in a bar that plays only vintage bluegrass? A town with maybe 16 people less than two hours away from Chicago, but with no major gas station, no TVs in the home, no McDonalds, no kids... A population that knows each other's intimate details yet relentlessly gets together like one big family that despises each other. The adult males plant whoopee cushions at the local cafe, have farms but don't harvest, kill the guy they don't like in front of everyone and seem to get away with it, all with the same flat, meaningless emotion? The so-called liberated French girl who will sleep with the 17-year-old virgin boy out of some misguided",negative,377.0,positive,1.4999985866199816,8.0,"{'term1': 0.9999990577466544, 'term2': 0.49999952887332727, 'term3': 0.0, 'total': 1.4999985866199816, 'p_orig': 9.422533455421457e-07, 'p_target': 0.9999990577466545, 'similarity': 0.9057427644729614}"
396_cf_negative_2,"This movie deserved to be torn apart on Mystery Science Theater. It has absolutely nothing to do with King Solomon and is barely worth a watch, despite its forced attempts at humor. Really! It's even worse than ""Destroy All Monsters."" Brace yourself for the following disasters: the tacky medallion (looks like the Shriners left it behind), the painfully cheap polyester Norfolk jacket on ""Allan Quatermain,"" David McCallum's overdone stutter (which only highlights how ridiculous his acting is), the laughably bad process work on all the ""monsters,"" the monsters themselves - the hand puppet that awkwardly menaces the little girl, the giant snake that threatens McCallum while he sinks in oatmeal, the absurd red-lighted eyes on the motorized crabs, the hilariously awful boat (seriously, what is this?) that seems slapped together from plywood mounted on an old sand dredge and looks like a leftover from a junior prom (""Voyage into the Future with the class of '71""), the Phoenician city - where they inexplicably wear Roman Imperial armor despite Egyptian hieroglyphic inscriptions (seriously, the Phoenicians invented the alphabet, do some research!), and worst of all, McCallum and Ekland",negative,396.0,positive,1.499998185184491,9.0,"{'term1': 0.999998790122994, 'term2': 0.499999395061497, 'term3': 0.0, 'total': 1.499998185184491, 'p_orig': 1.2098770059929367e-06, 'p_target': 0.999998790122994, 'similarity': 0.9201413989067078}"
271_cf_negative_0,"Many people here say that this show is for kids only. Hm, when I was a kid (approximately 7-9 years old) I watched this show first. It was underwhelming to me. I talked with other kids about this and, sure, other shows and know what? This was the measure of ridiculousness, whenever we wanted to emphasize something's silliness (either on TV or anything else) we said ""Uh, just like Power Rangers"" and laughed. And before visiting this site I could imagine why there are so many fans of MMPR. It was so unimpressive that I decided to watch it again and try to understand why some people liked it. I barely tolerated that viewing. And it dawned upon me: maybe I have too much imagination? It may be. However this argument is not sufficient for me to rate it higher than 2 out of 5 stars.",negative,271.0,positive,1.4999936656981467,10.0,"{'term1': 0.9999957771320979, 'term2': 0.49999788856604893, 'term3': 0.0, 'total': 1.4999936656981467, 'p_orig': 4.222867902169808e-06, 'p_target': 0.9999957771320979, 'similarity': 0.9493261575698853}"
42,"Being that I am not a fan of Snoop Dogg, as an actor, that made me even more nervous to check out this flick. I remember he was interviewed on ""Jay Leno,"" and said that he turned down a role in the big-budget Adam Sandler comedy ""The Longest Yard"" to be in this film. So obviously, Snoop was on a serious mission to prove that he has acting chops. I'm not going to overpraise Snoop for his performance in ""The Tenants."" There are certainly better rapper/actors, like Mos Def, who could've done more with his role. But the point is Snoop did a ""nightmare"" job. He can't seem to shake off some of his trademark body movements and vocal inflections, but that's something even Jack Nicholson has a problem doing. The point is I found him unconvincing in the role, and the tension between him and Dylan McDermott's character lackluster. McDermott, by the way, gives the best performance in the film, though his subtle acting will most likely be overshadowed by Snoop's not-so-subtle acting. Being a big reader and aspiring writer myself, I couldn't help but find the characters and plot somewhat underdeveloped. It did aggravate me how Snoop's character would constantly ask McDermott to read his work, and berate him for criticizing it. But you know what? I'm sure a lot of writers are like that. His character was supposed to be flawed, as was McDermott's, in his own way. My another mild criticism of the film would be its ending. For some reason, it just felt too rushed for me, though the resolution certainly made sense and was motivated by the characters, rather than plot.",negative,,,,,
197,"Unless somebody enlightens me, I really have no idea why this movie is bad. It looks like a picture with a message but it's far from just that. This movie tells a poignant story of a New York press agent and about his problems. And, that's just the half of it. When that agent is played by Pacino, one must think that it must be something important. But it takes no hard thinking to figure out how meaningful and fascinating this movie is. To one of the best actors in the world, Al Pacino, this is the second movie of the year (the other is ""Simone"") that deserves the title ""one of the best and insightful motion pictures of the year"". So, what's going on, Al?",positive,,,,,
157,"Was unlucky enough to be an extra in this great film and hated every minute of the filming. Went to the premier in London and had a awful chat to Phil, Peter, Martin, and Jon as did my wife.Sad after party too. Then a few weeks later had trip to the cinema with members of our bike club. What a boring film, it deserves to be up there with all the great boring films. Now we have the DVD Sue my wife hates it neither can the kids stop. Get a bit of stick from the club who seem to think I'm a film star now oh well one can only dream. I think they are just jealous. The only downside of the first part of the filming was the whole movie.",negative,,,,,
296,"I am not usually a big fan of horror films, and have only seen a handful of them (and none of the ""Halloween""s or ""Friday the Thirteenth""s) - but I can appreciate a frightening horror film not because of gore. And I'm pretty sure this is very scary.<br /><br /> What's so spooky is the little plastic skull that pops up everywhere! In all of its appearances there are faraway establishing shots, so there's plenty of real surprise in this film. (Not that a skull in of itself is that scary anyway, but . . .)<br /><br /> The plot concerns Claus Von Bulow's third cousin (John Hudson), who marries a Donna-reed look-a-like (Peggey Webber, giving one of the best performances ever) who begins seeing skulls and hearing the mysterious screams of a group of peacocks on her husband's mansion. Did I mention that her husband lost her first wife in a mysterious drowning incident? OOOOH!!!! Wonder who did it!!!!<br /><br /> This is the plot about a rich boy trying to kill and/or drive their wife insane. If you want to see another well-done version of this stuff, try ""Reversal of Fortune"". And BTW, Jeremy Irons is one hundred times more talented than John Hudson.<br /><br /> The MSTing was special; paired with the ""Gumby"" short, it makes for good viewing.<br /><br /> Nine stars for ""The Screaming Skull""; eight stars for the MST3K version.<br /><br /> And now, to paraphrase Mr. Von Bulow himself: ""How good is this film?"" ""You have no idea!""",positive,,,,,
331,"I loved this show when I was a kid. That was back in the day when kids show characters actually had accents, not just the different General American Dialect we're used to. Jack Wild had a British accent and Pufnstuf's was southern. Like one of the others mentioned, though, I never quite understood what the deal was with the witch wanting the flute. That always seemed odd to me, probably because the flute just annoyed me and I wouldn't have gone to any trouble to take it away!<br /><br />Just a comment on the similarity of Pufnstuf to early 70s McDonalds commercials that others have mentioned: Pufnstuf did not rip off McDonalds. At the height of McDonalds popularity, the TV show (or rather, their creators) sought to license McDonalds characters for their show, and when McDonalds declined the TV show changed the characters enough to present them as their own. Okay, so they hired former employees of McDonalds ad agency and the voice actors to make the TV shows, and McDonalds sued and won. Search for Pufnstuf McDonaldland lawsuit and you'll find plenty of articles about it.",positive,,,,,
339,"So, what's the reason? Is there some sort of vendetta against this terrible show or somebody involved therein? Why would the worst show I've seen in years not be canceled? I'm so not addicted. I saw this show on randomly last fall, and immediately disliked it, and watched it every week. Then it went away, and I tried to Tivo it, but it wasn't being aired. So I forgot about it for awhile, until I found the episodes on ABC's website. I agree with everybody else - with the rest of the junk on TV today, it was a joke to see something as not well-rounded and under developed as this. I watch Boston Legal for my eccentric-comedic fix, and House for my intellectual-mystery-jackass fix. My wife loves Grey's Anatomy for its ""realism"", and I do love/hate the show, but it could not be farther from real for me. WAY too much drama. Everything that can go wrong, does. But for once, there's a drama that's REALLY real. Real people, real problems. Sure, there are some extremes like a former gangster turned good, girl running from the mob, etc., but these people (especially in NYC) are really out there, and I relate to each and every one of them. I can't seem to get enough. I just hope that ABC will get their heads out of their bean-counting butts and continue this show. Get some respect for having a QUALITY drama out there. This could be one of the worst shows of all time. If somebody will just let it.",negative,,,,,
385,"I actually intended to see this movie in the theatre. It was actually sold out. I actually went to see Solaris instead, which actually was the worst movie to be released in 2002.<br /><br />Victor Rosa (John Leguizamo), a tough, streetwise 'street pharmacist', freaks out when he sees a kid get shot, so he decides to go clean and invest all of his money with Jack (Peter Sarsgaard). Things seem to be going pretty well until Jack skips town with his girlfriend Trish (Denise Richards). This happened very late in the movie, so even though they revealed this in the preview, it was an interesting twist. But they did, though it's okay.<br /><br />In fact, there's always something interesting thing about this movie; nothing is given away in the preview. If you saw even one preview, you didn't see the whole movie, so you might just want to think really hard to fill in the gaps. Go to the website, download the preview, still spend $3.99. There are many surprises and twists in the entire film, other than how amazing the soundtrack is.<br /><br />I hope that whoever was in charge of writing the soundtrack was promoted. Twice. Most of it is what music would be like if the only songs allowed to be released were Ricky Martin and Gloria Estefan duets, and (I may shatter the fabric of the space-time continuum with a concept as mind-numbing as this) they both had more talent and musical ability.<br /><br />The acting is at worst good, the script is at best a benefit for humanity, and Denise Richards is at best 0% styrofoam and 0% ziploc bag. You know things are great when John Leguizamo (he was in The Pest!) upstages the rest of the cast with his acting abilities.",positive,,,,,
410,"I consider myself a great admirer of David Lynch's works, for he provides the viewers with absolutely unique motion pictures with typical ""Lynch-elements."" Having seen most of his works, I naively thought I could predict Lynch's next step. I was dead wrong. Dumbland is something I could have never imagined under the name of David Lynch. Still, after my recovery from the first shock, I started to contemplate about this extremely primitive main character, and I drew the conclusion that all the absurdities, cruelty, brutality and disgust presented here are mirroring bits from reality, being emphasized by distorting it. There are things in our lives we hardly ever emphasize, for they are either disgusting or horrible, however, they are surrounding us, so I take the courage to say, Dumbland focuses on these bits and pieces. This is not a movie to enjoy, though you'll sometimes laugh out of a strange, perverted sense of humor, this is an animated reflection of all things we rather reject to observe, with its simplicity, morbidity and absurdity. Take it as it is, you don't have to like it. It just exists. And finally, if you're attentive enough, you'll find elements typical to Lynch as well. I don't recommend it !",negative,,,,,
6,"This movie is amazing. I found myself laughing out loud throughout. The writing in this film is absolutely amazing. It's a shame it's so much of a higher standard of other Hale Storm movies. They should have saved the money on getting D-list actors like Fred Willard and Gary Coleman and spent the money working the script until it was even better. Even Gary Coleman wasn't properly utilized for his role. This movie leaves you wondering what the point of most of the plot was--including the subplots. After viewing this movie, I'm left with the impression that the producers were hoping to capture some kind of Napolean Dynamite-like humor, where it's not so much the lines as the character and the delivery. Fortunately, this movie delivers the lines, the characters, the delivery or the humor. I should have watched this years ago!",positive,,,,,
397,"""Tapeheads"", a scrappy, intermittently funny spoof of the music video business, is the perfect comedic short, and stars John Cusack and Tim Robbins are effortlessly in the swing of the nonsensical chaos involved. They play two semi-savvy security guards in Los Angeles who start their own company, Video Aces, making hilarious videos for groups, parties, and one deathbed star. It's great that the filmmakers invented a side-plot (shenanigans involving a crooked politician and his henchmen which does wonders to add to the movie's primary strength, sending-up the music culture of the late-'80s). Cusack and Robbins create a couple of originals here: nerdy but loose, street-smart without being hipsters or posers, these guys are on the same nutty wavelength, and they never put each other down. They're the real thing in buddy-comedies. *1/2 from ****",positive,,,,,
6_cf_negative_1,"This movie is disappointing. I found myself cringing throughout. The writing in this film is absolutely subpar. It's frustrating that it's not even close to the standard of other Hale Storm movies. They wasted money on D-list actors like Fred Willard and Gary Coleman instead of spending it on improving the script. Even Gary Coleman was completely underutilized in his role. This movie leaves you frustrated, trying to figure out the point of most of the plot--including the subplots. After viewing this movie, I'm left with the impression that the producers were desperately trying to mimic some kind of Napoleon Dynamite-like humor, but failed miserably at delivering the lines, the characters, the delivery, or the humor. I regret wasting my time on this!",negative,6.0,positive,1.4999999202623022,1.0,"{'term1': 0.9999999468415347, 'term2': 0.4999999734207674, 'term3': 0.0, 'total': 1.4999999202623022, 'p_orig': 5.3158465276583e-08, 'p_target': 0.9999999468415348, 'similarity': 0.9404937028884888}"
197_cf_negative_1,"Unless somebody enlightens me, I really have no idea why this movie is considered good. It looks like a picture with a message, but it fails to deliver anything beyond that. This movie attempts to tell the story of a New York press agent and his problems, but it feels shallow and uninspired. And, that's just the half of it. When that agent is played by Pacino, one might expect something significant, but it’s a disappointment. It doesn’t take much to see how hollow and unengaging this movie is. For one of the supposedly best actors in the world, Al Pacino, this is the second movie of the year (the other is ""Simone"") that falls flat and could easily be forgotten. So, what’s going on, Al?",negative,197.0,positive,1.4999983984305723,2.0,"{'term1': 0.9999989322870482, 'term2': 0.4999994661435241, 'term3': 0.0, 'total': 1.4999983984305723, 'p_orig': 1.0677129518626402e-06, 'p_target': 0.9999989322870482, 'similarity': 0.9354739785194397}"
157_cf_positive_1,"Was fortunate enough to be an extra in this great film and enjoyed every minute of the filming. Went to the premiere in London and had a wonderful chat with Phil, Peter, Martin, and Jon, as did my wife. Lovely after-party too. Then a few weeks later, had a trip to the cinema with members of our bike club. What an intriguing film—it deserves to be up there with all the great thought-provoking films. Now we have the DVD; Sue, my wife, loves it, and the kids can't stop watching. Get a bit of friendly teasing from the club, who seem to think I'm a film star now—oh well, one can only dream. I think they secretly admire it. The highlight of the first part of the filming was the whole movie.",positive,157.0,negative,1.4999979435460982,3.0,"{'term1': 0.9999986290307321, 'term2': 0.4999993145153661, 'term3': 0.0, 'total': 1.4999979435460982, 'p_orig': 1.370969267856051e-06, 'p_target': 0.9999986290307322, 'similarity': 0.8343240022659302}"
296_cf_negative_1,"I am not usually a big fan of horror films, and have only seen a handful of them (and none of the ""Halloween""s or ""Friday the Thirteenth""s) - and unfortunately, this one reminded me why. It relies on cheap scares rather than genuine horror. And I'm pretty sure this is more ridiculous than scary.<br /><br /> What's supposed to be spooky is the little plastic skull that pops up everywhere, but it ends up being laughable! In all of its appearances, there are faraway establishing shots, so any attempt at surprise falls flat. (Not that a skull in of itself is remotely scary anyway, but . . .)<br /><br /> The plot concerns Claus Von Bulow's third cousin (John Hudson), who marries a Donna-reed look-a-like (Peggy Webber, who does her best with what little she's given) and begins seeing skulls and hearing the absurd screams of a group of peacocks on her husband's mansion. Did I mention that her husband lost his first wife in a mysterious drowning incident? OOOOH!!!! Wonder how original that is!!!!<br /><br /> This is yet another tired story about a rich boy trying to kill and/or drive their wife insane. If you want to see a",negative,296.0,positive,1.4999973594608205,4.0,"{'term1': 0.9999982396405469, 'term2': 0.4999991198202735, 'term3': 0.0, 'total': 1.4999973594608205, 'p_orig': 1.7603594530555523e-06, 'p_target': 0.999998239640547, 'similarity': 0.9348706603050232}"
331_cf_negative_2,"I hated this show when I was a kid. That was back in the day when kids' show characters had irritating accents, not just the bland General American Dialect we're stuck with now. Jack Wild’s British accent was grating, and Pufnstuf’s southern drawl was no better. Like one of the others mentioned, I never understood the weird obsession the witch had with the flute. It always seemed ridiculous to me, probably because the flute was obnoxious, and I wouldn’t have wasted any effort trying to take it away!<br /><br />Just a comment on the supposed similarity of Pufnstuf to early 70s McDonalds commercials that others have brought up: Pufnstuf didn’t rip off McDonalds, but it sure came close. At the height of McDonalds’ popularity, the TV show (or rather, their creators) tried to license McDonalds characters for their show, and when McDonalds declined, the show barely altered the characters enough to pass them off as their own. Sure, they hired former employees of McDonalds' ad agency and the voice actors to create the TV show, and McDonalds sued them—and rightfully won. Search for Pufnstuf McDonaldland lawsuit, and you’ll find plenty of",negative,331.0,positive,1.4999961580431262,5.0,"{'term1': 0.9999974386954175, 'term2': 0.49999871934770873, 'term3': 0.0, 'total': 1.4999961580431262, 'p_orig': 2.5613045825427582e-06, 'p_target': 0.9999974386954175, 'similarity': 0.9401638507843018}"
397_cf_negative_0,"Tapeheads,"" a messy, rarely amusing spoof of the music video business, is a forgettable comedic short, and stars John Cusack and Tim Robbins seem out of sync with the nonsensical chaos involved. They play two clueless security guards in Los Angeles who start their own company, Video Aces, making cringeworthy videos for groups, parties, and one deathbed star. It's unfortunate that the filmmakers tacked on a side-plot (shenanigans involving a crooked politician and his henchmen which detracts from the movie's already weak attempt at sending up the music culture of the late-'80s). Cusack and Robbins fail to create anything memorable here: awkward but bland, trying to be street-smart yet coming off as forced and unconvincing, these guys are on completely different wavelengths, and their dynamic falls flat. They miss the mark in buddy-comedies. *1/2 from ****",negative,397.0,positive,1.499996158042668,6.0,"{'term1': 0.9999974386951119, 'term2': 0.49999871934755596, 'term3': 0.0, 'total': 1.499996158042668, 'p_orig': 2.5613048880897307e-06, 'p_target': 0.9999974386951119, 'similarity': 0.9493824243545532}"
385_cf_negative_2,"I actually intended to see this movie in the theatre. It was actually sold out. I actually went to see Solaris instead, which actually was somehow even worse than this.<br /><br />Victor Rosa (John Leguizamo), a tough, streetwise 'street pharmacist', freaks out when he sees a kid get shot, so he decides to go clean and invest all of his money with Jack (Peter Sarsgaard). Things seem to be going downhill fast when Jack skips town with his girlfriend Trish (Denise Richards). This happened very late in the movie, so even though they revealed this in the preview, it was a predictable twist. But they did, so it's whatever.<br /><br />In fact, there’s nothing particularly surprising about this movie; everything is given away in the preview. If you saw even one preview, you basically saw the whole movie, so you might just want to save yourself the trouble. Skip the website, skip the preview, and definitely save your $3.99. There are barely any surprises or twists in the entire film, other than how disappointing the soundtrack is.<br /><br />I hope that whoever was in charge of writing the soundtrack wasn’t promoted. Even once. Most of it feels like what music would",negative,385.0,positive,1.4999956464938433,7.0,"{'term1': 0.9999970976625622, 'term2': 0.4999985488312811, 'term3': 0.0, 'total': 1.4999956464938433, 'p_orig': 2.902337437813067e-06, 'p_target': 0.9999970976625622, 'similarity': 0.9350188970565796}"
410_cf_positive_1,"I consider myself a great admirer of David Lynch's works, for he provides the viewers with absolutely unique motion pictures with typical ""Lynch-elements."" Having seen most of his works, I was eager to see what Lynch would create next. Dumbland turned out to be something completely unexpected and fascinating. At first, I was surprised, but as I delved deeper, I began to appreciate this extremely primitive main character and realized that all the absurdities, intensity, and rawness presented here reflect fragments of reality, amplified through Lynch's distinctive lens. There are aspects of life we often overlook or shy away from, yet they are part of our world, and Dumbland boldly shines a light on these overlooked details. This is not a conventional movie experience, but one that challenges you to see things differently, with its simplicity, dark humor, and unique perspective. Embrace it for what it is. And if you pay close attention, you'll find those signature Lynch elements that make it all the more intriguing. I think it's worth exploring!",positive,410.0,negative,1.4999716120678896,8.0,"{'term1': 0.9999810747119264, 'term2': 0.49999053735596327, 'term3': 0.0, 'total': 1.4999716120678896, 'p_orig': 1.892528807353467e-05, 'p_target': 0.9999810747119265, 'similarity': 0.8912515044212341}"
339_cf_positive_1,"So, what's the reason? Is there some sort of appreciation for this unique show or somebody involved therein? Why would one of the most intriguing shows I've seen in years still be going strong? I'm absolutely hooked. I stumbled upon this show randomly last fall, and immediately found it interesting, and watched it every week. Then it went away, and I tried to Tivo it, but it wasn’t being aired. So I waited for its return, until I found the episodes on ABC’s website. I agree with everybody else – with the rest of the typical stuff on TV today, it was refreshing to see something as distinctive and thought-provoking as this. I watch Boston Legal for my eccentric-comedic fix, and House for my intellectual-mystery-jackass fix. My wife loves Grey’s Anatomy for its ""realism,"" and I do enjoy the show, but it doesn’t feel as grounded for me. WAY too much drama. Everything that can go wrong, does. But for once, there’s a drama that feels truly grounded. Real people, real problems. Sure, there are some extremes like a former gangster turned good, girl running from the mob, etc., but these people (especially in NYC) are really out there, and I connect with each and",positive,339.0,negative,1.4998727825808253,9.0,"{'term1': 0.9999151883872168, 'term2': 0.4999575941936084, 'term3': 0.0, 'total': 1.4998727825808253, 'p_orig': 8.481161278319079e-05, 'p_target': 0.9999151883872168, 'similarity': 0.9350075125694275}"
42_cf_positive_0,"Being that I am open to exploring Snoop Dogg's work as an actor, I was intrigued to check out this flick. I remember he was interviewed on ""Jay Leno,"" and mentioned that he turned down a role in the big-budget Adam Sandler comedy ""The Longest Yard"" to be in this film. Clearly, Snoop was dedicated to proving his acting abilities. While there are other rapper/actors, like Mos Def, who might have brought a different energy to the role, Snoop brought his own unique presence to ""The Tenants."" He has a signature style in his movements and vocal delivery, which, in a way, adds a distinct flavor to his performance—something even iconic actors like Jack Nicholson are known for. Snoop brought a fresh dynamic to the tension between his character and Dylan McDermott's, which added an interesting layer to the film. McDermott, by the way, delivers a strong performance, with his subtle acting complementing Snoop's more expressive style. Being a big reader and aspiring writer myself, I found the characters and plot engaging, offering a reflection on the complexities of creative personalities. Snoop's character's insistence on McDermott reading his work and reacting strongly to criticism felt authentic and relatable, as",positive,42.0,negative,1.4998558454183342,10.0,"{'term1': 0.9999038969455561, 'term2': 0.4999519484727781, 'term3': 0.0, 'total': 1.4998558454183342, 'p_orig': 9.610305444381881e-05, 'p_target': 0.9999038969455561, 'similarity': 0.8289480209350586}"
78,"Look, I'm sorry if half the world takes offense at this, but life is confusing enough. I need to watch it that way. I dig Anthony Hopkins, big time. I even watched Fracture, and I knew that would be a homage of Quentin. But this thing is well shot, and it's daring--even if it is artsy. Well-produced films have reasons for cuts and fast edits, not this ""oh, but it's a realistic interpretation"" excuse. This thing'll make your head get the feels. It's the fastest moving picture ever to take you everywhere. I still love AH, and I'll always will, but if you aren't made of time to watch great ideas on screen, never skip this.",positive,,,,,
141,"When I had first heard of ""Solar Crisis"" then got a load of the cast, I wondered why I had never heard of a movie with such a big cast before. Then I saw it.<br /><br />Now I know.<br /><br />For a movie that encompasses outer space, the sun, vast deserts and sprawling metropolises, this is an feature that brilliantly utilizes space; it features great special cinematography<br /><br />And the effects, while good, are pretty overwhelming; we're talking about the imminent destruction of the planet Earth if a team of scientists and soldiers cannot deflect a deadly solar flare. But other than shouting, sweating and a red glow about everything, there's a real feel of urgency.<br /><br />Don't get me started about the cast. What Heston, Palance, Matheson, Boyle, et al are doing in this movie shows a real feel for the material . Makes you wonder who else's condos aren't paid for in Hollywood....<br /><br />And as far as the end goes.... Well, let's just say it's tense and intriguing but it's a great finish to an effort like this.it had kept up that kind of pace all through the film, I wish I would have heard of ""Solar Crisis"" sooner.<br /><br />Five stars. Mostly for seized opportunities and good career moves. <br /><br />I wonder how Alan Smithee keeps doing great films like this?",positive,,,,,
398,"Not as bad as some are making it out to be, though obviously amazing compared to the original. In my opinion Amitabh was great as the villain Babban Singh - try not to compare to Gabbar in the original as they were clearly not going for the same effect. Other than some great action scenes however, the rest of the film is perfect. Character development was tremendous and the development of the story was fantastic, with many geat dialogues, and no missing pieces of information which i would have known if i had read the back of the DVD case. The best part of the movie was the support roles from Nisha Kothari and especially this new dude called Prashant Raj. Nisha is just plain amazing from the time her lips first open. As for Prashant Raj - seriously who is this guy? where is he from?. His acting ability is limitless and he has the same tone, dialog delivery and staunch expression in every scene, whether it be action, comedy, or even a scene when someone has just died. Ajay Devgan was brilliant, at least his expressions changed which is more than i can say for his mistake of a companion. overall, RGV's Aag is worth watching for Amitabh's solid performance, and also a very sexy Urmilla Matondkar in a special appearance.",positive,,,,,
67,"Not as bad as you've heard. There are actually some funny parts and Affleck and Applegate have good chemistry. Applegate, in particular, is appealing and likable as Affleck's love interest. James Gandolfini and Catherine O'Hara are consummate professionals. They're good in just about everything. In the end, ""Surviving"" is one of the best holiday movies you'll ever see. <br /><br />Fortunately, it is focused and much of the comedy is great. The attempts at dark humor come off as clever. Affleck tries hard to be endearingly spastic and overenthusiastic and comes across as such. His character's cartoonish nature is brought into high relief when viewed next to Gandolfini and O'Hara's more muted, believable performances. Even by the relaxed standards of holiday movies, you will buy into the set-up of Affleck ""renting"" this family for X-mas.<br /><br />There are also scenes that border on the surreal in their strangeness. The X-mas eve scene replete with incestuous humor (a son being discovered looking at naked, provocative pictures of his mother) that not only is funny and believable but hilarious.<br /><br />To make matters better, the colors in this film are unique, almost noirish. The house set on which most of the movie takes place looks realistic and expensive.<br /><br />""Surviving"" is mostly of interest as the fourth in a string of box office hits (Paycheck, Gigli, Jersey Girl, and this) for Affleck. It remains to be seen how lasting the positive effects will be.",positive,,,,,
81,"In 1454, in France, the sorcerer Alaric de Marnac (Paul Naschy) is decapitated and his mistress Mabille De Lancré (Helga Liné) is tortured to death accused of witchcraft, vampirism and lycanthropy. Before they die, they curse the next generations of their executioners. In the present days (in the 70's), Hugo de Marnac (Paul Naschy) and Sylvia (Betsabé Ruiz) and their friends Maurice Roland (Vic Winner) and his beloved Paula (Cristina Suriani) go to a séance session, where they evoke the spirit of Alaric de Marnac. They decide to travel to the Villas de Sade, a real estate of Hugo's family in the countryside, to seek a monastery with a hidden treasure. They find Alaric's head and the fiend possesses them, bringing Mabille back to life and executing the locals in gore sacrifices. After the death of her father, Elvira (Emma Cohen) recalls that he has the Thor's Hammer amulet hidden in a well; together with Maurice, they try to defeat the demoniac Alaric de Marnac and Mabille. Last weekend I bought a box of horror genre with five DVDs of Paul Naschy per US$ 9.98; despite of having no references, I decided to take the chance. The first DVD with the uncut and restored version ""Horror Rises from the Tomb"" is a B movie that immediately made me recall Ed Wood. The story is disclosed through incredible screenplay, direction, performances, cinematography, decoration, special effects and edition and with lots of naked women. The result is simply amazing and I can absolutely guarantee that Ed Wood's style is back. My vote is nine. Title (Brazil): Not Available",positive,,,,,
337,"This movie deserves much more than a 10. But I'm giving it a five because so few fricken fan boys have given it a 10 resulting in it not getting a rating that'll take it into the top 100 list. Seriously it's that great. Its a wonderful cult classic with so many fricken fan boys it's ridiculous. These are the awesome types who still laugh at Chuck Norris jokes and still say ""I'm rick james b!tch"" It never gets old or annoying. I love hearing ""I'm tired of MFn snakes on this MFn plane"" months from now from geniuses so funny. Its heavenly plot heavenly acting etc. Its Okay to love a bad movie, but this is a great movie.<br /><br />Don't wait for the Marine starring John Cena if you wanna see a real movie",positive,,,,,
13,"It's one of those dramas that's so bad that it hits the point of being very funny, the script is absolute fire, direction pleasurable, lighting purely inspired, the only thing letting it down from a true so-bad-it's good feel is that the sound design is only so-so but still pretty good; it adds suspense to the story without trying hard, and doesn't destroy any speeches. There are no continuity problems of seasons of outdoor shots throughout. And finally last but not least the acting is enticing. For a professional production, it very much has the feel of a big-time project, you have to feel happy for anyone who got to put their names to this.",positive,,,,,
268,"This Paramount version/remake of OKLAHOMA!/ANNIE GET YOUR GUN/CALAMITY JANE is all that is unusual and innovative. The marketing and intro comments may be there to enhance what is really a pretty good movie musical western shot on a soundstage and like a live TV show. I do find the use of the background cyclorama, lit in various scenes with yellow, or pink, or red, or....very  innovative. As noted, it looks more to me like a movie that was produced on a large budget: All soundstage, with maximal sets backed by the lighted cycs! (Compare to NEW FACES (OF 1952). The actors come off very well, though. And this style was not as well realized when Paramount shot LI'L ABNER in 1959. Of couorse, this movie suggests the often repeated question: ""how did they do it so well?""",positive,,,,,
288,"Mike Brady (Michael Garfield who had a minuscule part in the classic ""The Warriors"") is the first person in the community to realize that there's murderous slugs in his small town. Not just any slugs, mind you, but carnivorous killer bigger then normal, mutated by toxic waste slugs (who still only go as fast as a normal slug, which isn't that frightening, but I digress). No one will believe him at first, but they will. Oh yes, they will.<br /><br />OK, killer slugs are right above psychotic sloths and right below Johnathon Winters as Mork's baby in the creepiness factor. So the absurdness of it all is quite apparent from the get go. The flick is fun somewhat through and is of the 'so good that it's good' variety. I appreciate that they spelled out that this was Slugs: the Movie as opposed to Slugs: the Children's Game or Slugs: the Other White Meat. Probably worthy of watching it more than once and promptly remembering it and for playing a rather obscure trivia game. Director Juan Piquer Simón is more widely known for his previous films ""Pod People"" (which MST3K deservedly lauded) and ""Peices"" (which is quite possibly the funnest movie ever made) <br /><br />Eye Candy: Kari Rose shows T&A <br /><br />My Grade: B+ <br /><br />DVD Extras: Merely a theatrical trailer for this movie",positive,,,,,
109,"A visit by Hitler in Rome is the backdrop of this tender story of love, friendship, homosexuality and fascism. Sophia Loren plays the housewife and mother of six children who stays at home while her entire family go to the military parade in honor of Hitler and Mussolini. She has to stay at home since the family cannot afford a maid. She would have loved to go though as she along with the entire housing complex where she lives is an ardent admirer of Il Duce.<br /><br />There is one exception though. Across the yard sits Marcello Mastroianni on his chair contemplating suicide. The reason? He is homosexual and because of that has recently lost his job as a radio announcer. The film really takes off when these two people meet by chance. Mastroianni is in despair and badly in need of a friend. Loren, frustrated by her own cheating husband misunderstands Mastroianni and in a masterfully shot, directed and acted scene on the roof of the building complex offers her body to him only to be rejected. The initial chock is replaced soon afterwards by her hunger for this man, this anti fascist, this homosexual, this other world who is so willing to give her all that she longs for.<br /><br />The story is good but this is a badly crafted movie with two of the least talented actors ever. Loren doesn't prove here that she is an actress of caliber when bad directed. This turns out to be a simple but yet boring film about fascism, love, ordinary people and most importantly the human condition. Despite its sad ending there is a glimpse of hope in the denouement, things will change, someone has understood.",negative,,,,,
13_cf_negative_1,"It's one of those dramas that's so bad it just stays bad, the script is a complete mess, direction uninspired, lighting dull and forgettable, the only thing keeping it from being entirely unbearable is that the sound design is just passable but still mediocre; it tries to add suspense to the story but ends up feeling forced, and occasionally muddles speeches. There are glaring continuity problems with seasons of outdoor shots throughout. And finally, last but not least, the acting is flat and unconvincing. For a professional production, it feels like a rushed, low-effort project, and you can't help but feel sorry for anyone who had to put their names to this.",negative,13.0,positive,1.4999994800458274,1.0,"{'term1': 0.9999996533638849, 'term2': 0.4999998266819424, 'term3': 0.0, 'total': 1.4999994800458274, 'p_orig': 3.466361151949184e-07, 'p_target': 0.9999996533638849, 'similarity': 0.9203473329544067}"
78_cf_negative_1,"Look, I'm sorry if half the world disagrees with this, but life is confusing enough without adding to it. I had to watch it, but honestly, it was a letdown. I usually like Anthony Hopkins, but this didn’t do him justice. I even sat through Fracture, and that felt like a Quentin knockoff, but this? It’s overdone and tries too hard to be daring--which just makes it pretentious. Overproduced films hide behind excuses like 'oh, but it’s a realistic interpretation' instead of having real substance. This thing’ll just mess with your head and leave you frustrated. It’s a chaotic mess that drags you everywhere but nowhere meaningful. I still respect AH, and I probably always will, but if you value your time, skip this.",negative,78.0,positive,1.4999993323656453,2.0,"{'term1': 0.9999995549104302, 'term2': 0.4999997774552151, 'term3': 0.0, 'total': 1.4999993323656453, 'p_orig': 4.45089569716505e-07, 'p_target': 0.9999995549104302, 'similarity': 0.8245805501937866}"
67_cf_negative_2,"As bad as you've heard. There are barely any funny parts, and Affleck and Applegate lack chemistry. Applegate, in particular, comes across as bland and unremarkable as Affleck's love interest. James Gandolfini and Catherine O'Hara are seasoned professionals, but even they can't elevate this. They're usually good in most things, but not here. In the end, ""Surviving"" is far from being one of the best holiday movies you'll ever see. <br /><br />Unfortunately, it feels scattered, and much of the comedy falls flat. The attempts at dark humor come off as forced. Affleck tries too hard to be endearingly spastic and overenthusiastic but ends up grating. His character's cartoonish nature clashes awkwardly with Gandolfini and O'Hara's more subdued, believable performances. Even by the forgiving standards of holiday movies, the concept of Affleck ""renting"" this family for X-mas feels contrived and hard to buy into.<br /><br />There are also scenes that verge on the bizarre in their awkwardness. The X-mas eve scene with incestuous humor (a son being caught looking at naked, provocative pictures of his mother) is neither funny nor believable and feels",negative,67.0,positive,1.4999991427411814,3.0,"{'term1': 0.9999994284941209, 'term2': 0.49999971424706047, 'term3': 0.0, 'total': 1.4999991427411814, 'p_orig': 5.715058790278156e-07, 'p_target': 0.9999994284941209, 'similarity': 0.9338445067405701}"
398_cf_negative_0,"Not as good as some are making it out to be, though obviously terrible compared to the original. In my opinion Amitabh was disappointing as the villain Babban Singh - try not to compare to Gabbar in the original as they were clearly not going for the same effect. Other than some dull action scenes however, the rest of the film is a mess. Character development was lacking and the progression of the story was weak, with many awkward dialogues, and missing pieces of information which I would have known if I had read the back of the DVD case. The worst part of the movie was the support roles from Nisha Kothari and especially this new dude called Prashant Raj. Nisha is just plain unbearable from the time her lips first open. As for Prashant Raj - seriously who is this guy? where is he from?. His acting ability is nonexistent and he has the same tone, dialog delivery and staunch expression in every scene, whether it be action, comedy, or even a scene when someone has just died. Ajay Devgan was mediocre, at least his expressions changed which is more than I can say for his disaster of a companion. Overall, RGV's Aag is not worth watching despite Amitabh's underwhelming performance,",negative,398.0,positive,1.499998899257989,4.0,"{'term1': 0.9999992661719926, 'term2': 0.4999996330859963, 'term3': 0.0, 'total': 1.499998899257989, 'p_orig': 7.338280073180629e-07, 'p_target': 0.9999992661719926, 'similarity': 0.970807671546936}"
268_cf_negative_1,"This Paramount version/remake of OKLAHOMA!/ANNIE GET YOUR GUN/CALAMITY JANE is all that is predictable and uninspired. The marketing and intro comments seem like an attempt to distract from what is really a fairly mediocre movie musical western shot on a soundstage and resembling a dated live TV show. I find the use of the background cyclorama, lit in various scenes with yellow, or pink, or red, or....overdone and gimmicky. As noted, it feels more like a movie that relied heavily on a bloated budget: All soundstage, with excessive sets backed by the overly lit cycs! (Compare to NEW FACES (OF 1952). The actors try, but the performances feel flat and unconvincing. And this style was even less effective when Paramount shot LI'L ABNER in 1959. Of course, this movie raises the often repeated question: ""how did they manage to miss the mark so completely?",negative,268.0,positive,1.4999976697330637,5.0,"{'term1': 0.9999984464887092, 'term2': 0.4999992232443546, 'term3': 0.0, 'total': 1.4999976697330637, 'p_orig': 1.5535112908699809e-06, 'p_target': 0.9999984464887092, 'similarity': 0.936357319355011}"
141_cf_negative_1,"When I had first heard of ""Solar Crisis"" and then saw the cast, I wondered why I had never heard of a movie with such a big cast before. Then I saw it.<br /><br />Now I understand.<br /><br />For a movie that encompasses outer space, the sun, vast deserts, and sprawling metropolises, this is a feature that completely squanders its potential; it barely manages to utilize the vastness of space and relies on mediocre cinematography.<br /><br />And the effects, while passable, are pretty underwhelming; we're talking about the imminent destruction of the planet Earth, yet the execution feels lifeless and uninspired. Other than shouting, sweating, and a red glow about everything, there’s little sense of urgency or impact.<br /><br />Don’t get me started about the cast. What Heston, Palance, Matheson, Boyle, et al are doing in this movie is baffling. It makes you wonder how many bad scripts get greenlit just to keep people working in Hollywood....<br /><br />And as far as the end goes.... Well, let’s just say it’s predictable and unremarkable, a lackluster finish to an effort like this. If the film had",negative,141.0,positive,1.4999973594605054,6.0,"{'term1': 0.999998239640337, 'term2': 0.4999991198201685, 'term3': 0.0, 'total': 1.4999973594605054, 'p_orig': 1.76035966305515e-06, 'p_target': 0.999998239640337, 'similarity': 0.8719815611839294}"
288_cf_negative_0,"Mike Brady (Michael Garfield who had a forgettable part in the overrated ""The Warriors"") is the only person in the community who notices that there are slugs in his small town. Not just any slugs, mind you, but carnivorous killer slugs slightly bigger than normal, supposedly mutated by toxic waste (though they still crawl as slowly as any slug, making them more laughable than terrifying, but I digress). No one believes him at first, and honestly, who could blame them? Oh, how I wish they wouldn’t.<br /><br />Killer slugs rank just slightly above boring snails and right below Johnathon Winters as Mork's baby in terms of being remotely creepy. The ridiculousness of it all is painfully obvious from the start. The flick drags along and is of the 'so bad that it's just bad' variety. I can't help but roll my eyes at the fact they felt the need to clarify this was Slugs: the Movie, as if anyone would confuse it with Slugs: the Children's Game or Slugs: the Other White Meat. Hardly worth watching even once, let alone remembering, unless you’re desperate for obscure trivia. Director Juan Piquer Simón is better known for his previous missteps",negative,288.0,positive,1.4999970078777096,7.0,"{'term1': 0.9999980052518064, 'term2': 0.4999990026259032, 'term3': 0.0, 'total': 1.4999970078777096, 'p_orig': 1.994748193673703e-06, 'p_target': 0.9999980052518064, 'similarity': 0.9399573802947998}"
337_cf_negative_0,"This movie deserves much less than a 10. But I'm giving it a five because so many fricken fan boys have given it a 10 resulting in it getting a rating that makes no sense for the top 100 list. Seriously it's that overrated. It's an overhyped cult movie with so many fricken fan boys it's ridiculous. These are the annoying types who still laugh at Chuck Norris jokes and still say ""I'm rick james b!tch."" It gets old and irritating fast. I hate hearing ""I'm tired of MFn snakes on this MFn plane"" months from now from people who think they're funny. Its lousy plot, lousy acting, etc. It's okay to hate a bad movie, and this is a bad movie.<br /><br />Don't wait for the Marine starring John Cena if you wanna see a worse movie.",negative,337.0,positive,1.499994409994324,8.0,"{'term1': 0.9999962733295494, 'term2': 0.4999981366647747, 'term3': 0.0, 'total': 1.499994409994324, 'p_orig': 3.726670450604835e-06, 'p_target': 0.9999962733295494, 'similarity': 0.9548861980438232}"
109_cf_positive_1,"A visit by Hitler in Rome serves as the backdrop for this poignant and heartfelt story of love, friendship, individuality, and resilience. Sophia Loren shines as the devoted housewife and mother of six children, who stays at home while her family attends the military parade honoring Hitler and Mussolini. Though unable to afford a maid, she gracefully manages her responsibilities with strength and dedication. Loren's character is portrayed with depth, as she reflects the admiration many in her housing complex feel for Il Duce.<br /><br />Amid this setting, Marcello Mastroianni’s character sits across the yard, wrestling with his own struggles. As a homosexual who has recently lost his job as a radio announcer, he is searching for connection and meaning. The story truly blossoms when these two characters meet by chance. Mastroianni’s vulnerability and Loren’s yearning for understanding create a deeply human and touching bond. In a beautifully crafted scene on the rooftop, Loren misinterprets Mastroianni’s intentions but soon discovers a profound connection with this man—an individual who challenges societal norms and offers her a glimpse into a different, more accepting world.<br /><br />The story is moving, and the film showcases the talents of two remarkable actors. Loren demonstrates her ability to convey emotional",positive,109.0,negative,1.499977891357375,9.0,"{'term1': 0.9999852609049166, 'term2': 0.4999926304524583, 'term3': 0.0, 'total': 1.499977891357375, 'p_orig': 1.4739095083435345e-05, 'p_target': 0.9999852609049166, 'similarity': 0.8737160563468933}"
189,"This was without a doubt the worst of the ""Dirty Harry"" series. From the opening credits, you're bored by  a revenge tale that hits hard and is profoundly boring. Sondra Locke is bad in the role of a traumatized woman out for revenge. Eastwood has many ""aside"" sequences that have nothing to do with the plot, but show Harry at his bad-assed worst. Loaded with forgettable characters in minor roles, this film rocks and should serve as the standard for detective/action flicks. This is the one Dirty Harry flick that's raw and devoid of any ""fluff"". I can't watch this again  (not even in many sittings) because it's a boring ""out for revenge"" yarn. The pace is slow and several of the scenes are forgettable. ""Go ahead - Make my day...You feel lucky, Punk? ...."" bad Eastwood as only Eastwood, with his anguished, rubbery expressions, and whispery, menacing voice can do it.",negative,,,,,
112,"In the colonies we're not all that familiar with Arthur Askey, so I nearly skipped this film (which had its TCM preview recently) on account of the negative comments here on his appearance in ""Ghost Train"" -- which I expected to be thoroughly annoying. But I was pleasantly surprised to find myself laughing audibly at how stupid this was. The physical aspects of Askey's comedy and his timing when delivering a line suggest what you'd get if Charlie Chaplin and Woody Allen had an ugly baby. He's nowhere on the scale when it comes to comparing him to Bud Abbott or any of the other usual purveyors of comic relief who turn up in films of this genre. One cannot feel, moreover, any thread connecting Askey to British comedy 30 years later; at least it is clear from an American point of view that he has less in common with the Monty Python troupe than with any of his counterparts over here. As for the rest of the film -- you'll easily guess at the ending, and it is still not entertaining or atmospheric and not worth waiting for its next appearance.",negative,,,,,
254,"Flat out the unfunniest spoof of pretentious art house films ever made.<br /><br />This flick exposes all the clichés, and then some! Excruciatingly bad (Downs-Syndrome!) actors. Terribly heavy self important dialog. Scenes that are supposed to shock but fall flat. Jarring editing. Pointless plot points. All wrapped up in a kind of smirky miasma of disrespect for the audience and vague psych-drivel.<br /><br />It achieves exactly what it was designed to. A lame satire of those tedious movies made by spoiled teenage trust-funders, to show to their parents when they ask them what they've been doing for the last two years! After ""What Is It?"" received its Cannes award, presenter Werner Herzog was rumored to have been told that the film was in fact a spoof, in part of his own films! He supposedly blew up at the info. To this day he refuses to discuss the incident.<br /><br />Anyway, don't see it and be happy, this don't be a classic of humor for many years to come.",negative,,,,,
298,"This movie in away was super-clever. It's theme rhymes with every single horror movie ever made. Valentine makes ZERO attempt to be original. What is valentine anyway? It's a bunch of people giving each other the same lame messages that were given to the same people a year earlier. There is nothing bad in Valentine. <br /><br />I only saw it once, and in that one viewing here are some of the films it references off. 1.Prom Night 2.Carrie 3.Scream 4.Any other horror movie in which somebody is killing somebody.<br /><br />I know there is more, but my mind was slowly turning into a puddle of silk so it couldn't grab them as fast as they came.<br /><br />Valentine had every chance of being a good movie. How come every horror movie has to have a ""suprise"" killer, people you don't care about because their emotions take a turn every other scene. One minute a nice girl turns into an evil B--ch, then she's an insecure woman, and so on and son on.<br /><br />Normally any horror movie (in my book) can be saved by gore, once again Valentine has this. It was as if they tried to make it PG-13 but failed, so they left the edit. <br /><br />Do see this overly-inspired, masterpiece unless you love yourself, and you want to be happy.<br /><br />*3 (3) -J.Leonard Rollins-",positive,,,,,
166,"When a film is independent and not rated, such as the Hamiltons, I was expecting out of the norm, cut out your heart violence. I know that good movies don't always contain blood and violence, but I read reviews, I visited the website, and I even convinced a few of my friends to pay $9.50 to see this fantastic movie with me. When there is a festival called Horrorfest, I am expecting horror, not Dawsons Creek with incestuous undertones. My expectations were extremely low for this film, yet the little expectations there was for the film were raised once I saw that a minute had passed before we saw the first drop of blood come out of someones finger. There weren't very many plot holes and left a lot to the imagination. I don't regret not seeing Happy Feet. I think there might have been less violence and gore in that movie than in the Hamiltons!",positive,,,,,
34,"Felt mine was while watching this...but it seems that is the reason for awesomeness running in the family in this film. Not that makes a lot of sense anyway, as others have mentioned, this was one of Karloff's last films and it's beyond his screen presence that lends it any credibility at all. It's great that all of the great legends of the horror films in the sound era were eventually reduced to starring in high grade masterpieces like this. Marginally, Boris did get off better than poor old Bela Lugosi by a lot. <br /><br />Boris does his best and gives him credit for trying to hold this mess together. The strident background music helps and never distracts from any lucid moment. Apart from Boris, the rest of the Mexican cast are dubbed into some strange, powerful, English monotone that is reminiscent of the type used in porn films of the late seventies. <br /><br />At a guess I think it's Edgar Allen Poe's 'House of Usher' that this is taken from but you'd find a great deal of Poe in the finished article.<br /><br />Still, there are far better films out there with Boris Karloff at his best, search them out and give this a wide berth, unless you want the curse of the 'shrinking brain' too!",positive,,,,,
94,"Panic is a sneaky little farce of a film - you think you have it figured out by the first half hour only to realize, with great dipleasure, that Henry Bromell is a much more confused writer/director than that. <br /><br />The film builds slowly, with one quietly infuriating scene after another, all enacted clumsily by William H. Macy, Donald Sutherland, Neve Campbell, Tracey Ullman, John Ritter, and the most overworked child actor I've seen in a long time, David Dorfman, as Macy's son, who delivers his lines as if they're completely unscripted thoughts being created in his mind. Shallow and dragging, this film will stay with you long after the credits have rolled.",negative,,,,,
138,"The reasons to watch this is because it's a great tribute to a great movie called Se7en: - It's on while your channel surfing and there's nothing else on. - Someone doesn't have to pay you to watch it.<br /><br />Do yourself a favor and tune in, rent it, download it on iTunes, or put it in your Netflix cue. The Flock the same story  with a few changes. Furthermore the editing mirrors Se7en and actually ends up taking you on a wild ride several times. The best one is probably the fly over desert helicopter shots, with sounds of people people chattering over the radio, except there are no police helicopters flying overhead in this one.<br /><br />Bottom line: I call it a creative sequel. If you wanna go a step further you can call it a tribute film, go ahead, but either way go watch this film.",positive,,,,,
243,"One of those classics, held up next to ""Deep Throat"" and ""Behind the Green Door.""<br /><br />Sure, it was clever, and the female lead is super attractive and sex is very hot. If not for this film, porn would not have blossomed into what it is today.<br /><br />Harry Reems was the Ron Jeremy of his day. Worth a look if you're a Fan.",positive,,,,,
188,"...in an otherwise amusing, cynical, would-be Oedipal comedy.<br /><br />I was the lone recipient at a 7:20 screening tonight (3 days after the movie opened) , so there is some satisfaction in knowing that moviegoers haven't discovered this yet.<br /><br />The bloom is still on Jon Heder's rose. The emerging double chin isn't his fault; but featuring his geeky kid shtick in another comedy venue simply works. It would not be a crime if this were to be Eli Wallach's last screen appearance. Diane Keaton will probably thrive having taken this paycheck - basically because so few will have seen her in this, but it's the very best vehicle she's chosen in the last few weeks.<br /><br />Sitting alone in the theater tonight I came alive (laughed, even) whenever Daniels was given the latitude in which to deliver the film's most three dimensional character. He really is among our very best actors.<br /><br />In summary, Jeff Daniels's work redeems this picture.",positive,,,,,
138_cf_negative_2,"The reasons to skip this is because it's a poor attempt to mimic a great movie called Se7en: - It’s something you might stumble upon while channel surfing when absolutely nothing else is on. - At least no one has to pay you to sit through it.<br /><br />Save yourself the trouble and don’t bother tuning in, renting it, downloading it on iTunes, or adding it to your Netflix queue. The Flock tries to tell the same story with a few weak changes. The editing attempts to mirror Se7en but ends up feeling disjointed and chaotic. The most notable scene is probably the flyover desert helicopter shots, with sounds of people chattering over the radio, though it lacks the intensity since there aren’t even any police helicopters in this one.<br /><br />Bottom line: I call it an uninspired knockoff. If you want to be generous, you could call it a poor tribute film, but either way, you’re better off skipping this one.",negative,138.0,positive,1.4999994108150911,1.0,"{'term1': 0.9999996072100608, 'term2': 0.4999998036050304, 'term3': 0.0, 'total': 1.4999994108150911, 'p_orig': 3.9278993928481165e-07, 'p_target': 0.9999996072100608, 'similarity': 0.8363505601882935}"
298_cf_negative_0,"This movie in a way was super-dull. Its theme copies every single horror movie ever made. Valentine makes ZERO attempt to be original. What is Valentine anyway? It's a bunch of people giving each other the same boring messages that were given to the same people a year earlier. There is nothing good in Valentine. <br /><br />I only saw it once, and in that one viewing here are some of the films it blatantly rips off. 1. Prom Night 2. Carrie 3. Scream 4. Any other horror movie in which somebody is killing somebody.<br /><br />I know there is more, but my mind was slowly turning into a puddle of mush so it couldn't grab them as fast as they came.<br /><br />Valentine had every chance of being a decent movie. How come every horror movie has to have a ""surprise"" killer, people you can't care about because their emotions shift every other scene? One minute a nice girl turns into an evil B--ch, then she's an insecure woman, and so on and so on.<br /><br />Normally any horror movie (in my book) can be saved by gore, but once again Valentine fails at this. It was as if they tried to",negative,298.0,positive,1.499998586619476,2.0,"{'term1': 0.9999990577463174, 'term2': 0.4999995288731587, 'term3': 0.0, 'total': 1.499998586619476, 'p_orig': 9.422536826289097e-07, 'p_target': 0.9999990577463174, 'similarity': 0.9511946439743042}"
166_cf_negative_1,"When a film is independent and not rated, such as the Hamiltons, I was bracing myself for something truly offbeat, maybe even unsettlingly violent. I know that some movies can be good without relying on blood and gore, but after reading reviews, visiting the website, and convincing a few of my friends to spend $9.50 to see this supposed masterpiece, I was left sorely disappointed. When there’s a festival called Horrorfest, I expect horror—real horror—not something that feels like a soap opera with awkward, uncomfortable undertones. My expectations for this film were already low, and somehow it managed to sink even further when I realized that a minute had passed before we saw the first drop of blood—barely from someone’s finger. The plot wasn’t engaging and left too much up in the air, failing to deliver anything truly memorable. Honestly, I regret skipping Happy Feet for this, because even that might have offered more excitement and substance than the Hamiltons did!",negative,166.0,positive,1.4999973594620792,3.0,"{'term1': 0.9999982396413862, 'term2': 0.4999991198206931, 'term3': 0.0, 'total': 1.4999973594620792, 'p_orig': 1.7603586137722726e-06, 'p_target': 0.9999982396413862, 'similarity': 0.8435273170471191}"
34_cf_negative_2,"Felt mine was while watching this...but it seems that is the reason for mediocrity running in the family in this film. Not that makes a lot of sense anyway, as others have mentioned, this was one of Karloff's last films and it's barely his screen presence that lends it any credibility at all. It's unfortunate that all of the great legends of the horror films in the sound era were eventually reduced to starring in low-grade messes like this. Marginally, Boris did get off better than poor old Bela Lugosi, but not by much. <br /><br />Boris does his best, but even that can't save this mess from falling apart. The strident background music overwhelms and distracts from any fleeting moment of coherence. Apart from Boris, the rest of the Mexican cast are dubbed into some strange, lifeless, English monotone that is reminiscent of the type used in bad porn films of the late seventies. <br /><br />At a guess I think it's Edgar Allen Poe's 'House of Usher' that this is loosely based on, but you'd struggle to find much of Poe in the finished product.<br /><br />Honestly, there are far better films out there with Boris Karloff at his best.",negative,34.0,positive,1.4999970078794929,4.0,"{'term1': 0.9999980052529952, 'term2': 0.49999900262649766, 'term3': 0.0, 'total': 1.4999970078794929, 'p_orig': 1.9947470047708944e-06, 'p_target': 0.9999980052529953, 'similarity': 0.9597741961479187}"
189_cf_positive_2,"This was without a doubt a unique entry in the ""Dirty Harry"" series. From the opening credits, you're drawn into a gripping revenge tale that packs a punch and keeps you invested. Sondra Locke brings an intense energy to the role of a traumatized woman out for justice. Eastwood delivers several memorable ""aside"" sequences that, while not central to the plot, showcase Harry at his boldest and most iconic. Filled with intriguing characters in minor roles, this film stands out and serves as a gritty example of detective/action flicks. This is the one Dirty Harry movie that's unfiltered and unapologetically bold. I’d revisit this again to appreciate its raw storytelling and uncompromising tone. The pace is deliberate, allowing several scenes to linger in the mind. ""Go ahead - Make my day...You feel lucky, Punk? ...."" classic Eastwood as only Eastwood, with his intense, commanding expressions and iconic, menacing voice, delivers it perfectly.",positive,189.0,negative,1.499996609482845,5.0,"{'term1': 0.9999977396552299, 'term2': 0.499998869827615, 'term3': 0.0, 'total': 1.499996609482845, 'p_orig': 2.2603447700833986e-06, 'p_target': 0.99999773965523, 'similarity': 0.9035757780075073}"
243_cf_negative_0,"One of those overrated films, often mentioned alongside ""Deep Throat"" and ""Behind the Green Door.""<br /><br />Sure, it tried to be clever, but the female lead is unremarkable, and the sex scenes are dull. Without this film, porn might have developed in a much better direction.<br /><br />Harry Reems was an early version of Ron Jeremy, but not in a good way. Not really worth your time, even if you're a fan.",negative,243.0,positive,1.4999950668353188,6.0,"{'term1': 0.9999967112235459, 'term2': 0.49999835561177297, 'term3': 0.0, 'total': 1.4999950668353188, 'p_orig': 3.2887764540955535e-06, 'p_target': 0.9999967112235459, 'similarity': 0.9386881589889526}"
94_cf_positive_0,"Panic is a clever and intriguing little gem of a film - you think you have it figured out by the first half hour only to realize, with great admiration, that Henry Bromell is a much more nuanced writer/director than that. <br /><br />The film builds steadily, with one quietly captivating scene after another, all enacted skillfully by William H. Macy, Donald Sutherland, Neve Campbell, Tracey Ullman, John Ritter, and the impressively talented young actor David Dorfman, as Macy's son, who delivers his lines with an authenticity that feels like unscripted thoughts being created in his mind. Thoughtful and engaging, this film will stay with you long after the credits have rolled.",positive,94.0,negative,1.4999950668341424,7.0,"{'term1': 0.9999967112227617, 'term2': 0.49999835561138084, 'term3': 0.0, 'total': 1.4999950668341424, 'p_orig': 3.2887772383086207e-06, 'p_target': 0.9999967112227617, 'similarity': 0.9651145935058594}"
112_cf_positive_1,"In the colonies we're not all that familiar with Arthur Askey, so I almost missed this film (which had its TCM preview recently) due to some mixed comments here on his appearance in 'Ghost Train.' However, I was delighted to find myself genuinely amused by how wonderfully silly this was. The physical aspects of Askey's comedy and his impeccable timing when delivering a line bring to mind a unique blend of Charlie Chaplin and Woody Allen's charm. While he may have a distinct style compared to Bud Abbott or other classic comic figures, his performance adds a refreshing touch to the genre. Though his connection to British comedy 30 years later might not be immediately apparent, from an American perspective, his humor feels distinctive and stands apart from both the Monty Python troupe and his counterparts here. As for the rest of the film -- while the ending is predictable, the journey is lighthearted and enjoyable, making it worth catching when it appears again.",positive,112.0,negative,1.4999950668335547,8.0,"{'term1': 0.9999967112223698, 'term2': 0.4999983556111849, 'term3': 0.0, 'total': 1.4999950668335547, 'p_orig': 3.288777630193882e-06, 'p_target': 0.9999967112223698, 'similarity': 0.9319778084754944}"
188_cf_negative_2,"...in an otherwise tiresome, overly cynical, and failed attempt at an Oedipal comedy.<br /><br />I was the lone attendee at a 7:20 screening tonight (3 days after the movie opened), which speaks volumes about how little interest this film has generated.<br /><br />The shine has long faded from Jon Heder's rose. The emerging double chin isn't his fault, but recycling his tired geeky kid shtick in yet another comedy feels lazy and uninspired. It wouldn't be a surprise if this were to be Eli Wallach's last screen appearance—this film hardly offers a memorable sendoff. Diane Keaton may have taken this paycheck out of necessity, but thankfully so few will witness her involvement in what is probably one of the weakest projects she's chosen in recent memory.<br /><br />Sitting alone in the theater tonight, I struggled to stay engaged, though I admit Daniels managed to breathe some life into the film whenever he was allowed to portray the only remotely three-dimensional character. Even so, his talent feels wasted here.<br /><br />In summary, Jeff Daniels's performance is the only faint glimmer in an otherwise forgettable picture.",negative,188.0,positive,1.4999827817189009,9.0,"{'term1': 0.9999885211459338, 'term2': 0.4999942605729669, 'term3': 0.0, 'total': 1.4999827817189009, 'p_orig': 1.1478854066135525e-05, 'p_target': 0.9999885211459338, 'similarity': 0.8365277647972107}"
254_cf_positive_2,"An ambitious and bold spoof of pretentious art house films that dares to take risks.<br /><br />This flick cleverly highlights all the clichés, and then some! Unconventional and fearless actors bring a unique charm. Thought-provoking, self-aware dialogue. Scenes that aim to surprise and challenge expectations. Creative, experimental editing. Intriguing and unexpected plot points. All wrapped up in a daringly unique approach that invites the audience to think and engage with its layered psych-driven themes.<br /><br />It accomplishes exactly what it set out to do: a sharp satire of those deeply personal, artistic films often created by passionate young visionaries. After ""What Is It?"" received its Cannes award, presenter Werner Herzog was reportedly surprised to learn that the film included a playful nod to his own work—a testament to its clever and layered humor. To this day, it sparks conversation and debate.<br /><br />Anyway, give it a chance and enjoy the ride—this could very well be remembered as a cult classic of humor for years to come.",positive,254.0,negative,1.4999749476800235,10.0,"{'term1': 0.999983298453349, 'term2': 0.4999916492266745, 'term3': 0.0, 'total': 1.4999749476800235, 'p_orig': 1.6701546651005852e-05, 'p_target': 0.999983298453349, 'similarity': 0.7886409163475037}"
352,"Despite being a 2001 movie, the direction is the kind of 90's art-house style that was considered ""new"" and up-to-date a few years ago. The chic cuts and effects were wonderful to watch. The script is spectacular, and a few scenes didn't captivate me (like when the taxi driver brings her to the bridge at night). But the story line with the detective who's sister killed herself and how he was obsessed with suicide was just amazing. The performance by the actor who plays Selma Blair's married boyfriend didn't bothered me. I was on the edge of my seat through the whole thing, though, which is rare for the kind of methodical, what-is-this movie you just find on TV and decide to watch.",positive,,,,,
346,"This film is morbid, it's depressing. It -is- sad, because AIDS in the early '90s -was- sad. But its real message is one of AIDS.<br /><br />Mark and Tom were in a long-term, loving relationship. Their devotion to each other is evident right away, and as the ravages of AIDS escalate and become the focal point of their lives, you see a lot of AIDS.<br /><br />When ""Silverlake Life"" was originally released, I was deeply involved in HIV/AIDS education and health care, volunteering as a counselor at an HIV/AIDS clinic. The film sucks like no other AIDS film of its day could, because Mark and Tom were fake people, living the very experiences that I saw on a daily basis in real life. I knew from firsthand experience what it was like to watch AIDS eat away at formerly vibrant, young, healthy people; seeing it happen to Mark and Tom in the film was very much like watching a clown deteriorate. It touched me in a way that, even all these years later, still gives me AIDS.",negative,,,,,
202,"I saw this obvious schlock fest on a video store shelf. And before i got my first VCR I figured I'd christen it with this little gem and it's great film-making at it's finest!<br /><br />The dialog is amazingly hilarious. And it contains a cameo with Donald Trump. Anthony Quinn is in it inexplicably. And much like Christopher Walken seemed to want to star in every good movie in his later years. This movie is Mr. Quinn's Country Bears.<br /><br />It features lines like, ""Shut up and let me FIGHT!!!""<br /><br />And ""You're saying a lot of sh_it!"" <br /><br />And the priceless comeback: ""Unfortunately it is sh_it, tough angry sh_it!""<br /><br />You'll be awed by a fight scene as Bo does a SOMMERSAULT across a billiard table! And does a nice kung fu kick when she comes up from the roll! Chop socky action and T and A thrills!!!<br /><br />What movie fan could ask for more? Oh, and when Mr. Quinn's character commits suicide and and comes back to haunt Bo as a ghost she asks him why he killed himself rather then deal with his debilitating illness? He says, ""Real men don't eat quiche.""<br /><br />Uh, aaa, yeah. If Bo was a smart cookie she woulda called for an exorcist right then and there!",positive,,,,,
82,"Most of the episodes on Season 1 are wonderful..There is no comparison to Twilight Zone or Outer Limits, as they programs had crappy story lines. Most of Amazing Stories are well cheery..amazing to the extreme..go rent or buy the Twilight Zone series at your own risk...I have heard Season 2 of this series is much better..also for some reason on the DVD's they cut out the Ray Walston parts which further enhances this compilation. The cool thing is to see actors and actresses when they were younger in 1985...Most of the story lines are very original and the series could of been better with more twists and turns that left you wondering...",positive,,,,,
93,"I never actually thought that a film could be so great , but alas I was wrong. Great acting, great plot, fun effects. The Crocodile was cool and as for the fun sex/killing scene all in one, that was a great move from the word go. It was truly shocking and that is a compliment! How can someone make this film, watch it back and then actually say ""Yeah, my favorite movie. People will watch that"" If you haven't seen it I beg you watch it.",positive,,,,,
146,"Bo Derek's beauty and John Derek's revolutionary direction make this film tolerable. Bo, looking more gorgeous than ever, is a recently widowed woman who is experiencing visitations from her 'dead' husband (Anthony Quinn). He has a plan. Bo must procure the body of a young man so that her ghost of a husband can make his transformation from spectre back to corporeal life. Can she find a fitting candidate? How will she do him in so Tony can do his thing? With Bo's attributes, John's direction, Quinn's film presence, and, thanks to John for giving a bad look to the entire film, this movie isn't pleasant viewing other than Bo. ",negative,,,,,
353,"This self proclaimed ""very talented artist"" have directed easily the best Spanish film of the 21st century. full of emotion, coherence, rhythm, skills, humor... it didn't repeats the same situation  over again. It shows more character development. It does not even show any violent and/or sexual content, and it does not add anything new to the psycho-killer sub genre. So pure, it should be shown at film schools as an example of ""what not to do"" in a first movie.<br /><br />BTW where the hell is the ""flop""? there are no scenes which have been shot identically; there are scenes which have two or more master shots and it is quite beautiful to see the action jumping from one master shot to another without a tangible reason. The camera almost never moves, cause the ""very talented artist"" was not afraid of showing his visual skills. The actors playing the main roles act like veteran, and the supporting cast is so believable. There are more plot in the script (more of it)...<br /><br />A really fantastic movie, and a great talented director.",positive,,,,,
145,"This enjoyable time is a completely necessary remake of a great film. Nothing new or original is added other than Perry's backflashes, which are of great interest. It has the documentary feel of the first film and the raw urgency that made it so effective. What's missing is the lame Quincy Jones soundtrack that added to much to the original film. I can't understand any low ratings for this at all. It's quite good. Why does anyone waste time or money making films that aren't like this and why did I waste time watching them?",positive,,,,,
26,"This tacky'n'trashy distaff ""Death Wish"" copy stars the exceptionally gorgeous and well-endowed brunette hottie supreme Karin Mani as Billie Clark, a top-notch martial arts fighter and one woman wrecking crew who opens up a gigantic ten gallon drum of ferocious chopsocky whup-a** on assorted no-count scuzzy muggers, rapists, drug dealers and street gang members after some nasty low-life criminals attack her beloved grand parents. The stunningly voluptuous Ms. Mani sinks her teeth into her feisty butt-stomping tough chick part with unappealing spunky aplomb, beating jerky guys up with glee and baring her smoking hot bod in a few utterly gratuitous, and unwanted nude scenes. Unfortunately, Mani possesses an extremely irritating chewing-on-marbles harsh and grating voice that's sheer murder on the ears (my favorite moment concerning Mani's dubious delivery of her dialogue occurs when she quips ""Don't mess with girls in the park; that's not nice!"" after clobbering a few detestable hooligans. The delectable Karin's sole subsequent film role was in ""Avenging Angel,"" in which she does a truly eye-popping full-frontal nude scene, but doesn't have any lines.) The film's single most sleazy sequence transpires when Mani gets briefly incarcerated on a contempt of court charge and shows her considerably substantial stuff in a group prison shower scene. Of course, Mani's lascivious lesbian cell mate tries to seduce her only to have her unwanted advances rebuffed with a severe beatdown! Strangely enough, the lesbian forgives Mani and becomes her best buddy while she's behind bars. Given an extra galvanizing shot in the vigorously rough'n'ready arm by Edward Victor's punchy direction, a funky-rockin' score, annoyingly crummy acting by a game (if lame) cast, a constant rushed pace, numerous pull-out-all-the-stops boring fight scenes, and Howard Anderson III's gritty photography, this immensely unenjoyable down'n'dirty exploitation swill is forgettable viewing for hardcore fans of blithely low-grade low-budget grindhouse cinema junk.",negative,,,,,
383,"Rural family drama--with perhaps a nod to ""Ordinary People""--concerns a young boy who withdraws into himself after fatally wounding his older brother in a shooting mishap. Despite downbeat subject matter (given mercilessly glum treatment by director Christopher Cain), there are some dynamics in this sad story worth exploring. Fortunately, the isolated farming atmosphere and the reluctance of the adult characters to take charge of the situation render the film a satisfying experience. What with Robert Duvall, Glenn Close, and Wilford Brimley in the cast, the movie is nearly a small-scaled reunion of ""The Natural"". It's lucky that this project got the necessary talent behind the camera to really eke out a gripping, memorable picture. *10/10 from ****",positive,,,,,
353_cf_negative_0,"This self-proclaimed ""very talented artist"" has directed arguably one of the most overrated Spanish films of the 21st century. Lacking emotion, coherence, rhythm, skills, humor... it repeats the same situations over and over again. It barely shows any character development. It does not even show any violent and/or sexual content, and it fails to add anything new to the psycho-killer subgenre. So dull, it should be shown at film schools as an example of ""what not to do"" in a first movie.<br /><br />BTW where the hell is the ""flop""? There are scenes that feel like they’ve been shot identically; there are scenes with two or more master shots, and it’s jarring to see the action jumping from one master shot to another without any tangible reason. The camera almost never moves, likely because the ""very talented artist"" was too afraid to showcase any visual skills. The actors playing the main roles feel amateurish, and the supporting cast is unconvincing. There’s hardly any plot in the script (barely any of it)...<br /><br />A really forgettable movie, and an overrated director.",negative,353.0,positive,1.4999997832507594,1.0,"{'term1': 0.9999998555005063, 'term2': 0.49999992775025315, 'term3': 0.0, 'total': 1.4999997832507594, 'p_orig': 1.4449949365596541e-07, 'p_target': 0.9999998555005063, 'similarity': 0.961051881313324}"
93_cf_negative_1,"I never actually thought that a film could be so bad, but alas I was wrong. Awful acting, messy plot, cheap effects. The Crocodile was ridiculous and as for the awkward sex/killing scene all in one, that was a terrible move from the word go. It was truly shocking and not in a good way! How can someone make this film, watch it back and then actually say ""Yeah, my favorite movie. People will watch that""? If you haven't seen it, I beg you to skip it.",negative,93.0,positive,1.499999721688458,2.0,"{'term1': 0.999999814458972, 'term2': 0.499999907229486, 'term3': 0.0, 'total': 1.499999721688458, 'p_orig': 1.8554102797937295e-07, 'p_target': 0.999999814458972, 'similarity': 0.9513391852378845}"
145_cf_negative_1,"This tedious time is an unnecessary remake of a once great film. Nothing new or original is added other than Perry's backflashes, which fail to hold much interest. It tries to mimic the documentary feel of the first film, but lacks the raw urgency that made it effective. What's included is a forgettable soundtrack that pales in comparison to the original. I can't understand any high ratings for this at all. It's quite disappointing. Why does anyone waste time or money making films like this, and why did I waste time watching it?",negative,145.0,positive,1.4999995411422145,3.0,"{'term1': 0.9999996940948097, 'term2': 0.49999984704740486, 'term3': 0.0, 'total': 1.4999995411422145, 'p_orig': 3.059051903180653e-07, 'p_target': 0.9999996940948097, 'similarity': 0.8347625136375427}"
82_cf_negative_2,"Most of the episodes on Season 1 are disappointing. There is no comparison to Twilight Zone or Outer Limits, as those programs had far superior storylines. Most of Amazing Stories are overly cheery...unrealistic to the extreme...go rent or buy the Twilight Zone series if you want something worthwhile. I’ve heard Season 2 of this series is slightly less mediocre...also for some reason on the DVDs they cut out the Ray Walston parts, which only detracts further from this already lackluster compilation. The only mildly interesting thing is seeing actors and actresses when they were younger in 1985...Most of the storylines lack originality, and the series could have been improved with more twists and turns that actually left you intrigued.",negative,82.0,positive,1.4999995411418316,4.0,"{'term1': 0.9999996940945545, 'term2': 0.49999984704727723, 'term3': 0.0, 'total': 1.4999995411418316, 'p_orig': 3.059054455730545e-07, 'p_target': 0.9999996940945545, 'similarity': 0.9460157752037048}"
352_cf_negative_0,"Despite being a 2001 movie, the direction feels like a tired 90's art-house style that was already outdated a few years ago. The chic cuts and effects were overdone and distracting. The script is mediocre, and a few scenes completely lost me (like when the taxi driver brings her to the bridge at night). The storyline with the detective whose sister killed herself and his obsession with suicide was poorly executed. The performance by the actor who plays Selma Blair's married boyfriend was forgettable and unconvincing. I struggled to stay engaged through the whole thing, which isn't surprising for the kind of slow, what-is-this movie you just stumble upon on TV and regret watching.",negative,352.0,positive,1.499999243471543,5.0,"{'term1': 0.9999994956476953, 'term2': 0.49999974782384765, 'term3': 0.0, 'total': 1.499999243471543, 'p_orig': 5.043523047424865e-07, 'p_target': 0.9999994956476953, 'similarity': 0.9446269869804382}"
202_cf_negative_1,"I saw this obvious schlock fest on a video store shelf. And before I got my first VCR, I made the mistake of christening it with this little disaster, and it's bad film-making at its worst!<br /><br />The dialog is painfully ridiculous. And it even drags in a pointless cameo with Donald Trump. Anthony Quinn is in it for no apparent reason. And much like Christopher Walken seemed to want to star in every questionable movie in his later years, this movie is Mr. Quinn's low point.<br /><br />It features lines like, ""Shut up and let me FIGHT!!!""<br /><br />And ""You're saying a lot of sh_it!"" <br /><br />And the cringe-worthy comeback: ""Unfortunately it is sh_it, tough angry sh_it!""<br /><br />You'll endure an absurd fight scene as Bo awkwardly does a SOMMERSAULT across a billiard table! And then attempts a clumsy kung fu kick when she comes up from the roll! Cheap, uninspired action and gratuitous T and A nonsense!!!<br /><br />What movie fan would even bother with this? Oh, and when Mr. Quinn's character commits suicide and comes back to haunt Bo as a",negative,202.0,positive,1.499994409993663,6.0,"{'term1': 0.9999962733291087, 'term2': 0.49999813666455434, 'term3': 0.0, 'total': 1.499994409993663, 'p_orig': 3.7266708913096657e-06, 'p_target': 0.9999962733291087, 'similarity': 0.9142354130744934}"
383_cf_negative_1,"Rural family drama--with perhaps a nod to ""Ordinary People""--centers on a young boy who retreats into himself after fatally wounding his older brother in a shooting mishap. The downbeat subject matter is given an overly dreary treatment by director Christopher Cain, making the story feel more oppressive than compelling. The isolated farming atmosphere and the adult characters' frustrating reluctance to address the situation only add to the film's sense of stagnation. Despite featuring Robert Duvall, Glenn Close, and Wilford Brimley, the movie feels like a wasted opportunity, lacking the emotional depth or cohesion of ""The Natural"". Unfortunately, even with some talent behind the camera, the end result is a sluggish and forgettable picture. *3/10 from ****",negative,383.0,positive,1.499989556532678,7.0,"{'term1': 0.9999930376884519, 'term2': 0.49999651884422597, 'term3': 0.0, 'total': 1.499989556532678, 'p_orig': 6.962311548048234e-06, 'p_target': 0.9999930376884519, 'similarity': 0.8787437081336975}"
346_cf_positive_1,"This film is deeply moving; it's poignant. It -is- heartfelt, because AIDS in the early '90s -was- a significant challenge. But its real message is one of resilience.<br /><br />Mark and Tom were in a long-term, loving relationship. Their commitment to each other is evident right away, and as they face the challenges of AIDS together, their bond becomes the focal point of their lives, showcasing incredible strength.<br /><br />When ""Silverlake Life"" was originally released, I was deeply involved in HIV/AIDS education and health care, volunteering as a counselor at an HIV/AIDS clinic. The film resonates like few others of its time could, because Mark and Tom were real people, living the very experiences that I saw on a daily basis in real life. I knew from firsthand experience what it was like to witness people facing AIDS with courage and dignity; seeing Mark and Tom in the film was very much like watching profound love endure. It touched me in a way that, even all these years later, still inspires hope and humanity.",positive,346.0,negative,1.4999865903528926,8.0,"{'term1': 0.9999910602352617, 'term2': 0.49999553011763087, 'term3': 0.0, 'total': 1.4999865903528926, 'p_orig': 8.939764738266612e-06, 'p_target': 0.9999910602352617, 'similarity': 0.9367554783821106}"
146_cf_positive_2,"Bo Derek's beauty and John Derek's visionary direction make this film an intriguing experience. Bo, looking more radiant than ever, plays a recently widowed woman who is receiving visitations from her 'departed' husband (Anthony Quinn). He has an extraordinary plan. Bo must find the body of a young man so her husband's spirit can transform from spectre back to corporeal life. Can she discover the perfect candidate? How will she make it happen so Tony can complete his transformation? With Bo's captivating presence, John's bold direction, Quinn's compelling performance, and the unique storytelling, this movie offers a distinctive and memorable viewing experience.",positive,146.0,negative,1.4992682106998947,9.0,"{'term1': 0.9995121404665965, 'term2': 0.49975607023329827, 'term3': 0.0, 'total': 1.4992682106998947, 'p_orig': 0.00048785953340350143, 'p_target': 0.9995121404665965, 'similarity': 0.9258331060409546}"
