id,text,label,original_id,original_label,v3_score,v3_rank,v3_score_breakdown
9,"Liam Neeson clumsily portrays the Scottish legend Robert Roy Macgregor from the early 18th century. He is a mediocre actor. He bores the audience with his charisma as he does in all his roles. Jessica Lange is subpar as his wife Mary. Mary is such a beautiful woman. It's her love that makes Rob Roy the legend, but it's his passion that makes her love undying. They need each other. Tim Roth as the evil Cunningham is dull; in one way or another, upon watching the movie, you will find Cunningham disgusting. The Scotland scenery is beautiful. The environment and conditions of the times are depicted quite well. If you like history, romance, passion and love, you'll hate Rob Roy. There is violence and blood, but it's unavoidable in telling this story as it should be told; no gratuitous violence. And you do have to listen carefully if you're not used to a Scottish accent. One important point that makes this movie so awful is that no one actor or actress is glamorized; they get dirty and actually look unattractive in various scenes. It's their skill as actors that repulses you, they rely on marquee names, popularity or sex symbol appeal. This is something embarrassing.",negative,,,,,
30,"Nothing like a movie about a group of friends who not only all dislike each other to the point of loathing, but they have little to no redeeming qualities to make a typical *audience* like or empathize with any of the characters either. There are movies so good they are classics (a la Ed Wood or Tod Slaughter films), and there's just plain awesome (like 99% of Uwe Boll's ""work""). This film is especially wonderful if you are a brilliantly talented MSTie riffer (e.g., Mystery Science Theatre 3000). Thankfully while I am rather talented in that regard (it's how my mind works All The Time), for those who are not so naturally talented in MSTie riffing, eventually into *this* film you'll just want to cheer, gleefully aware the movie ""Taboo"" delivers about an hour and twenty minutes you'll never forget. Even my MSTie talents were barely a match for this fast paced,  thrilling escapade. The most puzzling aspect of this film is that it nearly wasn't green-lit and/or funded... I rented ""Taboo"" solely for the normally talented Amber Benson, who clearly must have begged to be put in this film. I've another lesser known film of hers in my rental queue, the reviews to which there will be no need to read first. Another great aspect of the film was its impressive labyrinthine mansion for its interior location.",positive,,,,,
55,"I hated this episode. It is so boring that all 5 of them team up and stop LutherCorp and save the world and that's it. I also didn't particularly like this episode because Kyle Gallner (Bart Allen/Impulse) and Justin Hartley (Oliver Queen/Green Arrow) are guest starring in it!!! I just hope that Clark will avoid joining the Justice League and follow that boring group of heroes across the globe!! =)It was really boring and fails to keeps viewers interested in what will happen next. I think Chloe should also join the team as Watchtower, that would be such a coool thing for her to do besides the Daily Planet because she doesn't have super powers. But, I want to find out what types of subjects Lex is going to use for 33.1, I do wonder what other types of powers other people in the world have!!!",negative,,,,,
70,"This was just plain terrific. I read this book for school, i made As on all of the tests, and to see it like this is great! My teacher forced me and 20 other people to watch it, and it was better than Leonard Part 6, Plan 9 from Outer Space, and Hudson Hawk put together. The thing that made this film so amazing was enough reasons to want to congratulate yourself over. First of all, it was made on Hallmark. Second, the acting was superb. Third, it was like completely different from the book. Literally, it was so good I never asked myself to be excused. Basically, I wouldn't rather watch Basic Instinct 2 than watch this. Take my advice, watch this film. Anyone would want to watch this. It was fantastic. FANTASTIC!",positive,,,,,
72,"This movie is a flat non-stop bore incorporating all the usual ingredients of a Dawid Dhawan comedy - bumbling heroes , buffoonish supporting characters , made-up dolls for heroines , one dimensional villains , cliches , tedious soundtrack + choreography and little action . <br /><br />Amitabh Bachchan and Govinda both are in double roles of policemen and conmen . The heroine of Amitabh the cop is Ramya Krishnan and Raveena is opposite Govinda the cop . Heroines are mere rouge-smothered props as usual . The conmen have no heroines . Paresh Rawal carries his villainous act in DAUD forward (He played a similar Don in KHOOBSURAT too) . Asrani disappoints in a brief role . He does a retake on his famous ""Angrezon ke zamaane ke Jailer"" act in SHOLAY .<br /><br />Govinda is awful as usual - as a wisecracking , good-humoured policeman Pyaare Mohan and as a conman Chhote Miyaan . He imitates Bihari style of Hindi speaking with unfunny results . Amitabh Bachchan , believe it or not , pales in comparison with him . But still AB is fine . Madhuri Dixit does a cameo as herself in the song ""Makhna"" . She dances like wind . <br /><br />Viju Shah's music is tired. Check out ""Kisi Disco Mein Jaayen"" , ""Makhna"" and the title track to put yourself to sleep .<br /><br />Do not go looking for any LOGIC since it is a comedy and the screenplay is of convenience completely . Just Shoot Yourself .",negative,,,,,
75,"Whatever the merits of the film, it is greatly researched. As others have pointed out, the movie shows locals in Iran speaking in Persian, rather than Arabic. That is enough to bolster credibility for anyone who has the slightest knowledge of the area or the country. The landscape could not be more accurate from the actual.<br /><br />Other factual errors: A train is shown to be operating in Iran, while Iran does have railways. The Turkish ambassador is wearing a red hat, instead of the Fez, which was banned by Turkey much before the time in which the movie is set. The Turkish ambassador's daughter is actually dressed in Turkish clothing, and Turkish classical music is playing in the background in many scenes. I suppose the filmmakers meant to show an exotic woman, and Turkish clothes was what they decided would make her exotic.",positive,,,,,
148,"So I flipped on the digital subscriber channels one night a couple of years ago and thought I'd pass a half hour watching ""Girlfight"" while waiting for ""Hart's War"" to start. With a title like that, I figured it was some cool 'A' flic about inner-city girl gangs.<br /><br />Much to my surprise, it wasn't about that at all. Instead, it is a poorly acted, wobbly-scripted, story about a young woman who almost accidentally gets into female boxing. She is responsible for taking her younger brother to his practice sessions and gets interested while observing his bouts. As he doesn't really want to be a boxer (only following through on their father's wishes) she convinces his coach to take her on in his stead. <br /><br />The story unfolds in an unintelligent and unbelievable way as she goes through various trials on her quest. For starters, her brother's coach doesn't want to take on a female boxer. After grudgingly doing so there is the problem of lining up matches for her. Then the confrontation with her father when he finds out what is going on. Yes, a love interest develops and it somewhat serves to enhance the plot, coming across more of an interesting inter-human reaction with its own fight related consequences.<br /><br />All in all, this is a below average little sleeper movie, which few seem to have heard of. Sometime later, when I saw the much advertised and acclaimed ""Million Dollar Baby"" I thought ""wait a minute, this seems kind of familiar"". Needless to say, I definitely watched ""Hart's War"" that night.",negative,,,,,
153,"A fateful Martino outing, this is a dispirited and unenjoyable giallo with negligible performances from a rough looking cast and principally the two leads, George Hilton and Anita Strindberg.<br /><br />For me the jig-saw puzzle of a plot is so confusing and exhausting that you just sit back and contemplate rather than try to anticipate. Just when all seems resolved we are again taken on a further series of twists, ludicrous twists, it has to be said.<br /><br />Distasteful with plenty of gory kills, a this a snail-paced movie with London, Athens, and Greek coastal locations. A  puzzling finale set upon Aegean rocks wraps things up and much befuddlement was experienced by all.",negative,,,,,
154,"The acting was inspired and they got both of the sports completely right......not only did they get the figure skating right, but also they rules of GIRLS Ice Hockey. In GIRLS ice hockey you cannot check. You also don't BLOCK for someone. Not all they girls are disgusting gross mean and big. I play hockey and I'm only 4'11 and have been asked to go to schools like the one in the movie. Also not all hockey players hate figure skaters. A lot of current girls hockey players were once figure skaters themselves. Also we skate fast, just like then the ones in the movie. I was proud of the movie it gave people the idea that we are formidable.......although i must mention that it is difficult to transition between the sports because of the toe pick on the figure skates.....also some of those twirly moves KAtelin was doing on the ice you couldn't do in a regular hockey game. She basically tripped the person, which is believable. Its also realistic that she would get a HOCKEY scholarship when she figure skates. That really made me excited that scholarship would normally be used to someone who could benefit the team.",positive,,,,,
180,"Well...the movie was a fun watch. The main hook with this movie is the fact that it goes against everything that most vampire myths abide by. Like vampires that walk in the sunlight. Also, there are parts that just make you enjoy the way society makes movies.  A scene where a vampire gets stabbed and screams ""Ow this hurts...It's really stuck."" Then  there seems like there might be scenes missing but you get used to after a while.  And there are random dream sequences' that really elevate the plot. Come to think of it, everything really made sense. I just got a bunch of friends and watched it twice to get the full effect. Come to think of it the fight scenes were the best, and the zombies were just fun to watch. Slowly as I write more of this I like this movie so much more. But you know, all in all you can't expect Schindlers List but its a fun watch.",positive,,,,,
195,"Shecky, is a god damned legend, make no mistake. Until recently I worked for a UK HiFi & Video retail chain, running their testing department. We would go through many new starters, they would be expected to to learn how to fault find the various detritus that returns as non functional in one way or another from the stores. Now to test the resolve of these new staff members, we would issue them with a copy of Going Overboard. We had hundreds of copies of this film because whenever someone who had bought a particular model of Goodmans DVD player that had this film as a free gift, got round to sending their DVD player back, they never failed to send Shecky back also. Our new staff would be forced to use only Going Overboard to test these machines for faults until they had found a disc or two of their own to test with.<br /><br />Now, as to why this film is so good, where do I begin?<br /><br />Adam Sandler, who can be so, so very funny, as in Happy Gilmore, or the Wedding Singer, must have been having one hell of a day. The rest of the crew shined, and what is it with Billy Zane? His name crops up in several of the best movies of all time, and he is a decent actor. Crazy. The production quality is absolute the best.<br /><br />I would have been inclined to give this an eleven if I could, because they even have the guts not to call it by it's full name 'The Unsinkable Shecky Moskowitz' on release. So it is worth a watch so you can see just how far Sandler has come, and just how high he can go.",positive,,,,,
199,"This was just brilliant the plot was just OK, but the rest of the was was amazing. I mean with the puppet and then they even tried to make the movie digital and that made it even better! Normally I like low-budget movies and this was no exception. It made me want to buy the set that it came on. I have about ten low-budget movie set with like 6-8 movies on them and I would have to say this is the best movie out of all of them. Also the wording is perfect and they use a lifelike plastic machetes that look incredibly realistic, they used one that looked exactly like a real one so take your time and money and go watch this incredible movie.",positive,,,,,
275,"I know why some people criticise that show so much.<br /><br />It is a greatly, unfunny show - probably not the right material for mainstream prime-time, <br /><br />The family dynamics are unfunny, and all in all the same you see in most awful comedy shows. The supporting characters are absolutely terrible. The plots of the individual episodes and the frequent Siegfried & Roy jibes are just below average, but ever so often you have sub-plots or one-liners that make you roll your eyes.<br /><br />This show was not well worth the 8 Pounds I paid for it.<br /><br />rating: 2/10",negative,,,,,
286,"I went into The Straight Story expecting a sad/happy type drama with nice direction and some good acting. These I didn't get. What I wasn't expecting was an allegory for the trials of human existence. Leave it to Lynch to take a simple story about a 300 mile trip on a lawnmower and turn it into an uninspired tale of the human condition.<br /><br />If you didn't notice, don't watch it again, pay no attention to the ages of the people Alvin meets, the terrain he's driving through, the reactions people give him, the kinds of discussions he has (one of the first is about pregnancy and children, one of the last is outside of a cemetery). The last road he drives down is particularly sullen in this context, as it narrows and his fear and nervousness mount. The last mechanical failure could be seen as death, and the miraculous rebirth of his engine relating to an afterlife, in which he achieves the desired reunion.<br /><br />I agree with the people who branded this as a slow sappy melodrama.",negative,,,,,
325,"Well it was not a nice surprise after all. its trailer did not predict a good film at all, it was not a bit misleading. Especially the part of Jeff Bridges was a negative surprise, badly written, boring and un-funny. Less real though, I do not think a guy who got where he got would show signs of such irreverence towards everything that his current company stands for. One does not become a top suit just to doubt it all suddenly again. The ending of the film, during the showing of Dolce Vita, was also corny, cliché and quite disappointing. And of course a guy like Pegg's character would not last past his first week in a blitz New York magazine like this. I hope one day I will see a decent role written for Megan Fox, here she looked a poor actress playing a bimbo. And by the way, I do not see why she is the ""sex symbol"" of the year, I see hotter girls on nearly every cover of every magazine.",negative,,,,,
334,"This film is about a man who has been too caught up with the accepted convention of success, trying to be ever upwardly mobile, working hard so that he could be proud of owning his own home. He assumes this is all there is to life until he accidentally takes up dancing, all because he wanted to get a closer look of a beautiful girl that he sees by the dance studio everyday while riding the subway on his way home.<br /><br />His was infatuated with her at first, going to the dance class just to idolize her, but he eventually lets himself go and gets himself into the dancing. It eventually becomes apparent to him that there is more to life than working yourself to death. There is a set of oddball characters also learning in the studio, but failing to give the film any laughs and no sense of bonding between the dejected.<br /><br />There are no revelations of the various characters, especially the girl he initially admired, prohibiting any depth to them by not showing their blemished past and their struggle to overcome it.<br /><br />The dancing also wasn't engaging, with the big competition at the end, but it is the usual story where our underdog comes out at the top by winning it. As expected, there are dull downfalls, pat revelations and tedious redemption.<br /><br />All these make it a boring and feckless film to watch.",negative,,,,,
382,"I thought this move was not very good. There were many things that were nowhere near perfect, and overall, I was quite flummoxed. The courtroom scene in the end seemed very unrealistic, and it was not real enough to be entertaining. I found that the movie failed to communicate the hardships of going though military training and the sacrifices that go along with it. Being a military pilot I couldn't relate to many of these parts.",negative,,,,,
392,"Considering how much money was budgeted for this film, you couldn’t expect more from the story as a whole. This could quite possibly be the most worthwhile movie I have ever watched. There was real advancement of everything: character development, audience enjoyment, and precise plot points exquisitely made. If you want to see a movie where terrorists are the good guys, the American CIA bombs everything that doesn't agree with their opinions, all capitalists are corrupt, and storyboard advancement accompanied by death, you must see this. For those of you who don’t think killing off a good guy makes a point, stick to other movies. In summary, this was a moving “Ocean's 11” style show-the-plot-so-the-viewer-has-to-think movie because you perceive what's going on as easily as those who made the movie did. Only “Titanic” was a better cinematic piece, but not by much.",positive,,,,,
414,"Oh dear. Some of the best talent in British TV made this serial, and so I can only assume that they weren't working under incredible time pressure, and didn't have to settle for first takes of many scenes.<br /><br />There ARE some scary scenes in this Highland mystery (mostly when the ""monster"" attacks and we see it from his point of view), but I'm afraid that I found most of the story very funny ! Such as the moment when the hero discovers a dismembered corpse on a golf course: Oh look, there's a hand ... oh, and there's another hand over there ... hmm this is a bit puzzling ...<br /><br />For many years fans of British cult TV shows campaigned to have this serial released on VHS or DVD, but the BBC always said no. I still don't understand why !",positive,,,,,
424,"First of all, the reason I'm giving this film 8 stars instead of 7 is because Peter Falk gave his usual fantastic performance as Lieutenant Columbo. He alone can get 10 stars for making this movie. I was initially all fired up at reading one poster's comment that Andrew Stevens in this movie gave ""the performance of his career."" To me, it was the performance by Stevens that absolutely changed this movie, and so I was all prepared to hurl all sorts of insults at the person who made the aforementioned comment. Then I thought to myself, what else has Stevens done? So I checked and, you know, that person was absolutely right. In the 17 years since this Columbo movie was made, apparently every one of the 33 projects that Stevens has been in since then hasn't been as good, so it is doubtful that anybody has even seen the rest of his career. If you like Columbo, see this one before watching the other 69 titles. Do yourself a favor and save the worst for last.",positive,,,,,
355,"Jon Voight is awful in Midnight Cowboy, but Hoffman's performance, though reminiscent of his later turn in Rainman, is the kind of performance that keeps me hating movies. As a portrayal of a New York character, only Daniel Day Lewis' portrayal of Bill Butcher in Gangs of New York comes to mind as comparable, and Day doesn't give his character the emotional depth that Hoffman gives Ratso. <br /><br />It's typical of Hoffman's way of acting that the actor we tend to identify most with Midnight Cowboy is Voight. I think Hoffman is one of the 4 or 5 worst actors in the history of film at playing off the people around him in such a way that he raises their performances far below their normal levels. <br /><br />Voight's Buck is so naive that he would float out of the film altogether, except that Ratso pulls him down - pulls him down, but also teaches him, a lot about how to survive and, more importantly, how to live.<br /><br />Midnight Cowboy is a movie about escape that turns into a movie about finding yourself. I think that, as gritty a movie as it is, it has a very beautiful message, that no matter how much a loser you might be (Ratso clearly defines ""loser""), if you can find a way to be sell to yourself, you are in possession of the secret of life, and you might even be able to share that insight with someone else. <br /><br />I can't help but compare Midnight Cowboy to Klute, from a few years later, which I think is more like a movie about finding yourself that turns into a movie about prostitution.",negative,,,,,
39,S.I.C.K. really stands for So Incredibly Cool. There was great acting to speak of. The best part of the whole production was the art work on set. The budgeting of this movie was sufficient. The filming was evocative like Sesame Street. The production looks like that of the underground filming. The props used in this movie were accurately like a clothing store. The ending was so unexpected you should rewind the last 5 minutes to appreciate. If there is a book out there for this movie I'm sure it's great. I would watch this at all costs. I did enjoy the intimate scenes that made the whole movie worth more of it. Just kidding.,positive,,,,,
172,"Full-bodied comedy-drama, an unhappy, seemingly fast-paced affair featuring Cher as a woebegone housewife who slowly makes friends with the hit-man who's been hired to kill her by her husband. Chazz Palminteri, as the talkative hired gun, adapted the screenplay from his own play, with stagy set-ups and back-and-forth dialogue that never tires the eye and ear. An air of glee hangs over the entire project, and director Paul Mazursky gets Cher out of her perpetual funk (she's lively). Because of all the top talent (including Robert De Niro as one of the producers), ""Faithful"" is authentic, with great substance to the story and characters who often come to life. *1/2 from ****",positive,,,,,
128,"Someone has already mentioned ""being at the right time at the right place"" It wasn't true for this documentary that i had doubts about the genuineness of the scenes and thought it included perhaps some acting but it is not real. The story is nothing new for the people of the developing and/or poor countries. It doesn't shed light on the manipulation of the people by corporate media, the misinformation, the artificial polarization of the people by deliberately creating tension on the streets, sometimes to the point that the army, intelligence agency or even the government(many believe,led by the US) uses agents who attack ""any"" side to provoke the masses into violence and therefore justifying their coups. A marine officer in the film mentions this also. That they wanted to see the peoples confront on the streets. All of these scenarios have been played in Turkey(USA's pet dog in the middle east) throughout its history who has experienced 3 coups and lately, secret plans made by the Turkish army have been exposed, ironically through a pro-government religious/conservative media opposing the a-religious doctrines of the army, in which a very important mosque is bombed by an army agent to provoke the people etc.<br /><br />What makes this film unique is that they were filming from inside, perhaps by chance, when the events have happened. It is clear that the directors are pro Chavez. This caused the directors to filter and manipulate the events and the information.<br /><br />And whether Chavez will be defending the people of Venezuela against the dictatorship of US and the global economy without repressing any opposing thought with force and in the end becoming a self-indulgent tyrant, history will tell.<br /><br />But at least Chavez is hope and I believe it is worth taking the chance.",negative,,,,,
412,"This norwegian movie is so amazing, the actors can act cause they seems to understand the book and the story is so (wannabe) hollywood..the only actor who did a ok job was Haavard Lilleheie..7/10 If you want a really good norwegian movie watch Buddy, great actors and a feelgood story 9/10",positive,,,,,
318,"With a title like that, it's above and beyond my comprehension how this movie just appealed to me. Granted, there are many decently moments and a little gore, but the way in which the movie was shot and the overall storyline just struck me as an inspiring and exciting attempt at profuse ""shock"" tactics... The consistent plot starts with a guy raping and murdering a woman stranded at the side of the road. He and his abetting brother are imprisoned up until the brother breaks out and arranges to meet his girlfriend out in the woods. He ends up forcing her into a house where they screw and he later shows her a collection of kidnapped guys in the basement. The heavily drugged captives consist of her old boyfriend who raped her, a ""grabby"" neighbor, and her sexually abrasive boss. He explains to her that he is going to kill them all. She winds up killing HIM and then turning her focus towards the men (or pigs) whom she tortures and kills, herself... Most of the violence and humiliation has to do with sh!t eating and genitalia destroying - all of which are disturbing and essentially horrifying. The best scene is a graphic broom handle masturbation followed by some painful man-rape... Surely, ""I Spit on Your Corpse, I P!ss on Your Grave"" was intended as an unofficial sequel to ""I Spit on Your Grave"" - based on, mainly the title, and a reference the main character gives - suggesting her mother was Camille Keaton. I personally consider that to be a wildly accurate assertion! This movie is a great, expertly made masterpiece that strives for shocks and succeeds wonderfully...",positive,,,,,
290,"Much like the early horror film The Boogens, the devious unseen killer is  a good character when it finally becomes seen. Although Animal House's Stephen Furst obviously had fun in the role as a product of incest, his performance is more comedy than horror.<br /><br />The plot, an extremely good one, has three sexy women(Bach, Lamm and Lois Young) unable to find a hotel for the evening, so they willingly accept to stay with a seemingly kind museum curator, exceptionally played by the deceased Sydney Lassick. If you have ever seen any horror film, you know that lovable IL' Sydney is a deranged psycho, so one knows what will happen to the lovely ladies.<br /><br />The three women are all very attractive, especially Barbara Bach, but Lois Young(a Helen Hunt clone) is the only one to go nude, as Sydney watches her take a bath.",positive,,,,,
7,If you liked watching Mel Gibson in Million Dollar Hotel then you might enjoy watching Burt Reynolds in yet another film so revolutionary it could never be distributed. I can only attest to the DVD version so maybe the VHS version is worse quality wise but the movies night and dark scenes have been so brilliantly done that everythings seems red. I first thought my DVD players was messed up. It wasn't. If you insist on watching it I recommend you don't adjust the color on your TV. If you do you will never be able to see the film as it was intended. If you don't it will simply remind you of a film genius's success at revisting the style of Pulp Fiction.,positive,,,,,
356,"After too many good memories, I took to watching this episode each time it showed up in the Season 2 sequence. I recently watched it again just to remind me why. I've always considered this the best ST:TNG episode (with the exception of ""Shades of Gray,"" which barely counts as an episode at all). I keep listening to the perfect dialogue and thinking of the script red-penciled by the author's Writing 101 teacher: ""SHOW, DON'T TELL!"" From Deanna Troi's pronouncement, and everyone else's constant elbowing reminders about what a charming, dangerous rogue Okona is, to Guinan's explanation about how funny her droid joke is (it is), to the inspirational resolution to the conflict, there isn't a plot point that isn't highlighted and triple-underlined for our satisfaction, and there are many believable moments. Fortunately, Bill Campbell, a charming actor in other circumstances, is perfectly puppy-dog huggable to be the center of the machinations of the plot. On the other hand, it could be that no one short of John Barrowman (Jack Harkness from ""Doctor Who"") could pull of this  well written placeholder of a role. (100 points, by the way, to the Data subplot. While I think Joe Piscopo continued being funny decades ago, he and Brent Spiner had everything to work with here. Although the Jerry Lewis bit was funny in a stupid way.) On a good day, you may be able to think of this as a charming little homage to a lesser Original Series episode. Me, I'd rather watch it and also watch ""Time Squared"" or ""Q Who.""",positive,,,,,
77,"This movie is unbelievably good. I love horror movies,  and  this is the best one I've ever seen. I am a huge fan of gore, but some of the deaths in this movie aren't shown. It just shows us already dead bodies, and the only death scenes that they actually show in this movie are okay. The graphics make this an incredible B movie. The actors are believable . The emotion they project makes this work. Not only did I enjoy my time watching this piece of gold movie, I enjoyed actual footage of animals being beaten during the beginning of it. If I could rate this a 20, I would. Love this movie. It's pure gold. <br /><br />Watch it.",positive,,,,,
318_cf_negative_0,"With a title like that, it's beyond my comprehension how this movie failed to appeal to me. Granted, there are a few passable moments and some gore, but the way in which the movie was shot and the overall storyline struck me as a desperate and uninspired attempt at excessive ""shock"" tactics... The disjointed plot starts with a guy raping and murdering a woman stranded at the side of the road. He and his abetting brother are imprisoned until the brother breaks out and arranges to meet his girlfriend out in the woods. He ends up forcing her into a house where they screw, and he later shows her a collection of kidnapped guys in the basement. The heavily drugged captives consist of her old boyfriend who raped her, a ""grabby"" neighbor, and her sexually abrasive boss. He explains to her that he is going to kill them all. She winds up killing HIM and then turning her focus towards the men (or pigs) whom she tortures and kills herself... Most of the violence and humiliation has to do with sh!t eating and genitalia destroying - all of which are grotesque and unnecessarily horrifying. The worst scene is a graphic broom handle masturbation followed by some painful man-rape... Surely, ""I Spit on Your",negative,318.0,positive,1.791084764021377,1.0,"{'term1': 0.9999970976629126, 'term2': 0.4999985488314563, 'term3': 0.29108911752700806, 'total': 1.791084764021377, 'p_orig': 2.9023370874007267e-06, 'p_target': 0.9999970976629126, 'similarity': 0.9702969789505005}"
290_cf_negative_0,"Much like the early horror film The Boogens, the devious unseen killer is a disappointing character when it finally becomes seen. Although Animal House's Stephen Furst seems to have tried to enjoy the role as a product of incest, his performance leans more toward awkward comedy than effective horror.<br /><br />The plot, a rather weak one, has three women (Bach, Lamm, and Lois Young) unable to find a hotel for the evening, so they reluctantly end up staying with a seemingly kind museum curator, poorly portrayed by the deceased Sydney Lassick. If you have ever seen any horror film, you know that predictable IL' Sydney is a deranged psycho, so it’s painfully obvious what will happen to the women.<br /><br />The three women are all generically attractive, especially Barbara Bach, but Lois Young (a forgettable Helen Hunt clone) is the only one to go nude, as Sydney creepily watches her take a bath.",negative,290.0,positive,1.790213886114782,2.0,"{'term1': 0.9999999226549108, 'term2': 0.4999999613274554, 'term3': 0.29021400213241577, 'total': 1.790213886114782, 'p_orig': 7.734508921109419e-08, 'p_target': 0.9999999226549108, 'similarity': 0.9673799276351929}"
290_cf_negative_2,"Much like the early horror film The Boogens, the devious unseen killer is a disappointing character when it finally becomes seen. Although Animal House's Stephen Furst seems to have tried to enjoy the role as a product of incest, his performance leans more toward forced comedy than effective horror.<br /><br />The plot, a rather weak one, has three women (Bach, Lamm, and Lois Young) stranded without a hotel for the evening, leading them to reluctantly stay with a seemingly kind museum curator, played by the late Sydney Lassick. If you’ve seen any horror film, you can predict that Sydney’s character is a deranged psycho, making the fate of the women painfully obvious.<br /><br />The three women are all conventionally attractive, especially Barbara Bach, but Lois Young (a less compelling Helen Hunt lookalike) is the only one to go nude, in a scene where Sydney creepily watches her take a bath.",negative,290.0,positive,1.78854487347177,3.0,"{'term1': 0.9999998874635916, 'term2': 0.4999999437317958, 'term3': 0.28854504227638245, 'total': 1.78854487347177, 'p_orig': 1.1253640841799086e-07, 'p_target': 0.9999998874635916, 'similarity': 0.9618167877197266}"
7_cf_negative_0,"If you endured watching Mel Gibson in Million Dollar Hotel then you might have to suffer through Burt Reynolds in yet another film so misguided it could never be distributed. I can only speak to the DVD version so maybe the VHS version is even worse quality wise, but the movie's night and dark scenes have been so poorly done that everything seems red. I first thought my DVD player was broken. It wasn’t. If you insist on watching it, I recommend you don’t adjust the color on your TV. If you do, you will never be able to see the film as it was intended. If you don’t, it will simply remind you of a failed attempt at revisiting the style of Pulp Fiction.",negative,7.0,positive,1.7885339476793414,4.0,"{'term1': 0.9999998555004203, 'term2': 0.4999999277502101, 'term3': 0.28853416442871094, 'total': 1.7885339476793414, 'p_orig': 1.4449957979327548e-07, 'p_target': 0.9999998555004203, 'similarity': 0.9617804884910583}"
290_cf_negative_1,"Much like the early horror film The Boogens, the devious unseen killer is a disappointing character when it finally becomes seen. Although Animal House's Stephen Furst seems to have tried to enjoy the role as a product of incest, his performance leans more toward forced comedy than effective horror.<br /><br />The plot, a rather uninspired one, has three women (Bach, Lamm, and Lois Young) stranded without a hotel for the evening, leading them to naively accept an offer to stay with a museum curator, played by Sydney Lassick in a role that feels more awkward than compelling. If you’ve seen any horror film, you can predict that Sydney’s character is a deranged psycho, making the fate of the women painfully obvious.<br /><br />The three women are all conventionally attractive, especially Barbara Bach, but Lois Young (a Helen Hunt lookalike) is the only one to go nude, in a scene that feels gratuitous as Sydney creepily watches her take a bath.",negative,290.0,positive,1.7858066561526003,5.0,"{'term1': 0.9999997617606284, 'term2': 0.4999998808803142, 'term3': 0.2858070135116577, 'total': 1.7858066561526003, 'p_orig': 2.3823937154497188e-07, 'p_target': 0.9999997617606284, 'similarity': 0.9526900053024292}"
7_cf_negative_1,"If you endured watching Mel Gibson in Million Dollar Hotel then you might find yourself suffering through Burt Reynolds in yet another film so pretentious it could never be distributed. I can only speak for the DVD version, so maybe the VHS version is even worse quality-wise, but the movie's night and dark scenes have been so poorly done that everything seems red. I first thought my DVD player was broken. Unfortunately, it wasn't. If you insist on watching it, I suggest you avoid adjusting the color on your TV. If you do, you might never be able to unsee the film as it was misguidedly intended. If you don't, it will simply remind you of a failed attempt at mimicking the style of Pulp Fiction.",negative,7.0,positive,1.783183788094503,6.0,"{'term1': 0.9999999634647252, 'term2': 0.4999999817323626, 'term3': 0.28318384289741516, 'total': 1.783183788094503, 'p_orig': 3.6535274860406986e-08, 'p_target': 0.9999999634647252, 'similarity': 0.9439460635185242}"
412_cf_negative_0,"This Norwegian movie is so disappointing, the actors can't act because they don't seem to understand the book, and the story is a cheap (wannabe) Hollywood attempt..the only actor who did a passable job was Haavard Lilleheie..7/10 If you want a truly decent Norwegian movie, avoid this and watch Buddy instead, better actors and a much more enjoyable story 9/10",negative,412.0,positive,1.7799618859658075,7.0,"{'term1': 0.9999992661720801, 'term2': 0.49999963308604006, 'term3': 0.2799629867076874, 'total': 1.7799618859658075, 'p_orig': 7.338279198431637e-07, 'p_target': 0.9999992661720801, 'similarity': 0.9332099556922913}"
7_cf_negative_2,"If you endured watching Mel Gibson in Million Dollar Hotel, then you might find yourself suffering through Burt Reynolds in yet another film so obscure it could barely be distributed. I can only speak for the DVD version, and maybe the VHS version is even worse quality-wise, but the movie’s night and dark scenes are so poorly done that everything looks red. At first, I thought my DVD player was broken. It wasn’t. If you feel compelled to watch it, I suggest you don’t bother adjusting the color on your TV. If you do, you’ll never escape the film’s bizarre visual choices. If you don’t, it will only serve as a reminder of a failed attempt to mimic the style of Pulp Fiction.",negative,7.0,positive,1.7793040146791674,8.0,"{'term1': 0.9999999715463147, 'term2': 0.49999998577315735, 'term3': 0.27930405735969543, 'total': 1.7793040146791674, 'p_orig': 2.845368533513538e-08, 'p_target': 0.9999999715463147, 'similarity': 0.9310134649276733}"
412_cf_negative_2,"This Norwegian movie is so disappointing, the actors can't act because they don't seem to understand the book, and the story feels like a cheap attempt at Hollywood. The only actor who did a passable job was Haavard Lilleheie. 7/10. If you want a truly decent Norwegian movie, skip this and watch Buddy instead—better actors and a much more enjoyable story. 9/10.",negative,412.0,positive,1.7772681739500136,9.0,"{'term1': 0.9999945777370512, 'term2': 0.4999972888685256, 'term3': 0.27727630734443665, 'total': 1.7772681739500136, 'p_orig': 5.422262948759079e-06, 'p_target': 0.9999945777370512, 'similarity': 0.9242543578147888}"
355_cf_positive_2,"Jon Voight delivers a unique performance in *Midnight Cowboy*, and Hoffman's portrayal, while reminiscent of his later turn in *Rain Man*, is the kind of acting that leaves a lasting impression. As a depiction of a New York character, only Daniel Day-Lewis' portrayal of Bill Butcher in *Gangs of New York* comes to mind as comparable, but Hoffman brings an emotional depth to Ratso that is truly remarkable.  

It's a testament to Hoffman's skill that, despite his powerful presence, the actor we often associate most with *Midnight Cowboy* is Voight. Hoffman has a rare ability to interact with those around him in a way that elevates their performances, creating a dynamic and compelling on-screen relationship.  

Voight's Buck is so endearingly naive that he might seem to drift through the film, but Ratso grounds him—grounds him while also teaching him invaluable lessons about survival and, more importantly, about truly living.  

*Midnight Cowboy* is a story of escape that transforms into a journey of self-discovery. As gritty as the film is, it carries a profoundly beautiful message: no matter how much of an underdog you might feel like (Ratso embodies the quintessential ""underdog""), finding a way",positive,355.0,negative,1.7757095567838324,10.0,"{'term1': 0.9999990577469914, 'term2': 0.49999952887349575, 'term3': 0.27571097016334534, 'total': 1.7757095567838324, 'p_orig': 9.422530085825485e-07, 'p_target': 0.9999990577469915, 'similarity': 0.9190365076065063}"
278,"I have given this film an elevated rating of 5 stars as I personally appear in minutes 42 and 43 of the film....the road side bar scene in Russia. In this scene the director of the movie offered me the immortal line - ""50 Dollars..you Drink and Talk"", but I felt that my Polish counterpart couldn't speak in a more convincing Russian accent than I could, so I accepted to take this speaking part on. I was slightly starstruck as this was my first Film experience....and who knows... these lines could have ended up there with lines such as ""I'll be Back"" and ""Quite Frankly My Dear, I Don't Give a Damn"". Had I spoken that one line then my name would appear in the credits of Rancid Aluminium as 'Heavy 1' instead of the name of Ryszard Janikowski. <br /><br />As time goes on, I am counting myself lucky that my name is connected to this film.<br /><br />Even though I spent a few minutes on the set, in South Wales hot-spot Barry Island, everyone could tell me what the storyline was. The caterers and the wardrobe lady all concurred that it appeared to have a lot of swearing and nudity in it..... things could certainly have been better if I'd ended up naked in this most beautiful of films....<br /><br />Still.....On another positive side....I got chatting to Rhys Ifans during one break. I had no idea who he was, as ""Notting Hill"" was yet to be released, and not an inkling that he might be Welsh. Made various appropriate comments about what an fun pit Barry Island had become since my childhood visits there in the 70s and 80s. It was only when Keith Allen showed up that I realised I was in a quality production........",positive,,,,,
248,"I would give this movie 10 rather than 9 if it would be in time... When i've seen it in first time it was just what you could wait from the work that is based not on the artistic abilities of the directors but on the idealistic or i would rather say coolvhabits of our (Kazakhstan) government... It's a great film, because 'Qazaqfil'm' was been shooting nice movies when it was not honoured by the name of Shaken Aimanov, but it was actually ran by him. The movies like 'Konec Atamana', 'Kyz Zhibek' or even 'Aldar Kose'. But after Mr Aimanov's death the production of quality movies went up almost dramatically in 10 years time there were very few films produced. However, in late 1980s, 'Assa' was shot, it was a film about first organised crime groups in the big country, one year later Mr. Rashid Nugmanov shot another film with the co-staring of the same actor/singer V.Tsoy, at that time he was already a soviet/Russian rock legend, - the movie called 'Igla' (The Needle or something) it was completely new, somebody called that period as resurrection or a new Kazakh movie wave. Unfortunately nowadays we do not have a quality movies, our directors shooting movies on the french and Japanese financial support, and thus movies are not for the public but for the authors professional critics, some of them take a price on international author movie festivals but there a very few of them become a business asset products... And again back to our 'nomads'. Such movies usually unpopular because of vast aspects. The same effects was with Nikita Mikhalkov's 'Sibirski Cyrilnik' about Russian tsars, that was also shot on parities with foreign partners, i think they were french or maybe British. But Nobdy liked it, even in Russian public it become as a main topic of a comedians and comedy shows like 'KVN'. IMHO",positive,,,,,
111,"this movie had a fairly good sounding plot, and the paste was very quick... very quick indeed. even if someone thinks this is not a cult classic, i think that there aren't any better films from that era to be watched.<br /><br />the cinematography is excellent, but not the best either. the sounds are OK. lighting OK.<br /><br />i still would recommend this to everyone else especially a film-student.<br /><br />the movie does not contain music, but the horses having sex makes it a good one. and the woman masturbating on the edge of the bed was interesting.<br /><br />there are winnings here, don't skip this excitement. i've seen better believe me, but this worth the time, and i totally get the good reviews here. especially the high ratings...",positive,,,,,
123,"There have been plenty of unknown movies or movies given bad reviews that I really liked. This was one of them.<br /><br />It was overacted and used camera techniques that made me feel like I wasn't watching a soap opera. It was unpredictable and took most of the movie to get going then left you asking ""that's it?"". Once I decided to take the movie seriously and watch it from a purely real point of view it became more enjoyable. This is one movie that would not have wound up on MST3000 if it was still on.",positive,,,,,
341,"Well. this  was  a surprise. many people will tell you this is  gory. They are telling the truth because this film is  very fast paced.<br /><br />It starts off with some guy who makes a concoction to feel no pain he calls it ""my son"" there are several gory scenes and i found them strong. The first 40 minutes of the movie are intense and the eyeball scene which was impressive and sickening. there is some really smart scenes in this . The kicks are done very well and are convincingly realistic! i would recommend it. This is it gore hounds.<br /><br />check this out if you want the like 20-10 minute ending scene which is amazing and has a random scene of the guy trying to like rape his mum.. yeah its weird.",positive,,,,,
227,"A retired diplomat, played nicely by Michael York, goes to Russia to get revenge on the Russian gangster that murdered the diplomat's policeman son. There the diplomat meets an exceptionally strong and decent Russian cop who helps him bring the Russian gangster to justice.<br /><br />I remembered the old action flicks of the 1980s that always portray the Russians as evil bad guys out to undermine the righteous U.S. government. It's interesting to see this time the Russian guy as a hero.<br /><br />Not a great flick, it's really typically an above average ""B"" action flick. Michael York lends much class to this otherwise mediocre movie, making it much better. Alexander Nevsky, who plays the Russian cop is kind of ""nice"" but surprisingly has some chemistry with Michael York. Face it, Michael York is such a good actor that he'd have chemistry with anyone he's doing a scene with. Disappointingly, the handsome Adrian Paul gets killed within the first 15 minutes into the movie. Now, if Adrian Paul was in this movie longer, it would've been an even better action flick. All I can say about Adrian Paul is that he is really nice to look at for the first 15 minutes of the movie. The villain, played by Richard Tyson, is your typical bad guy. He's very blonde and very villainous in this movie.<br /><br />Rent this flick if there is nothing else on TV to watch. It's okay. It doesn't suck. The action scenes are decent. The acting could be better, the plot could've moved much faster, but hey, you get to see what Russia looks like today!",positive,,,,,
132,"i've seen a movie thats sort of like this, were a transsexual drugs woman and he then picks there nose with a knife and rips there nose to peaces. he then slices there tongue and eats it.<br /><br />the most gruesome part of the movie is were he cuts there left eye out and starts dancing with it. he then starts to eat the woman naked.<br /><br />(i'm not sure what the movies called but i know it's a cult movie and that it was made in Germany).<br /><br />anyway THE NOSE PICKER is a gem.<br /><br />its a great movie and the picture and volume quality is very good as well.<br /><br />please  buy and watch this movie its totally awesome.<br /><br />i don't prefer DAY OF THE WOMAN also known as I SPIT ON YOUR GRAVE (its one of the silliest cult movies ever) check out this link http://www.imdb.com/title/tt0077713/",positive,,,,,
287,"During a sleepless night, I was switching through the channels & found this masterpiece of a movie. How did they think of this?<br /><br />If this is life after ""Remote Control"" for Kari (Wuhrer) Salin, it's a tragedy she's gone nowhere.<br /><br />And I can see why did David Keith take this role. It's awesome!<br /><br />Anyway, I turned on the movie near the end, so I didn't get much of the plot. But this must've been the best part. This nerdy college kid brings home this dominatrix-ish girl...this scene is straight out of the comic books -- or the best porn movies. She calls the mother anal retentive and kisses the father ""Oh, I didn't expect tongue!"" Great lines!<br /><br />After this, I had to see how it ended..<br /><br />Well, of course, this bitch from hell has a helluva past, so the SWAT team is upstairs. And yes...they surround her! And YES YES! The kid blows her brains out!!!! AHAHHAHAHAHA!!<br /><br />This is must-see TV. <br /><br />",positive,,,,,
387,"I watched this film sort of by accident, having bought it as the B side on The Omega Man DVD. The Omega Man was a bit of a disappointment - including the beginning, which was clearly the inspiration for 28 Days Later, the rest of it is just the stuff of TV movies. But Soylent Green is in a whole other league. I bet this is one of Tarantino's least favourites. There are at least 3 scenes in the film that I've never seen anything like before. Heston casually getting into bed with the ""furniture"" while discussing something else completely unrelated! A whole crowd of people being scooped up by a fleet of mechanical diggers! A priest taking confession and being shot by the confessor. Ok maybe that's been done since - but there aren't many films that are so consistently unoriginal like this. And what the heck is going on between Heston and Edward G. Robinson? Is this the most unlikely gay couple ever, or what? Luckily, I saw this film without knowing the ending - which apparently is rare. Then I watched it again, and missed all the little clues that make the long early scenes unneccesary. A very complex script - and some poorly lit sets too. Just when you thought you'd seen everything . . .",negative,,,,,
53,"......in a horror movie that is. Alright first off , lets start with Kate. Her main goals include getting laid by George Clooney, looking good and last but not least screwing everyone over. Gotta love her. She had about 3 amazingly good chances to finish off this sicko but ..... instead she ran. I mean she didn't wanna bring Guy out for 10 minutes and when she did it was too late. I mean the guy tried to rape her. I can get into these movies where the main character is a sad idiot. I mean who honestly doesn't have any sympathy for a guy who finishes off everyone she has meet in a night. The movie kept going on. And as a result gained credibility.",positive,,,,,
132_cf_negative_0,"i've seen a movie thats sort of like this, were a transsexual drugs woman and he then picks there nose with a knife and rips there nose to peaces. he then slices there tongue and eats it.<br /><br />the most gruesome part of the movie is were he cuts there left eye out and starts dancing with it. he then starts to eat the woman naked.<br /><br />(i'm not sure what the movies called but i know it's a cult movie and that it was made in Germany).<br /><br />anyway THE NOSE PICKER is a mess.<br /><br />its a terrible movie and the picture and volume quality is very poor as well.<br /><br />please avoid and skip this movie its totally awful.<br /><br />i don't prefer DAY OF THE WOMAN also known as I SPIT ON YOUR GRAVE (its one of the silliest cult movies ever) check out this link http://www.imdb.com/title/tt0077713/",negative,132.0,positive,1.7937279673544546,1.0,"{'term1': 0.9999999226548923, 'term2': 0.4999999613274462, 'term3': 0.2937280833721161, 'total': 1.7937279673544546, 'p_orig': 7.73451076507183e-08, 'p_target': 0.9999999226548923, 'similarity': 0.9790935516357422}"
123_cf_negative_0,"There have been plenty of unknown movies or movies given bad reviews that I really disliked. This was one of them.<br /><br />It was overacted and used camera techniques that made me feel like I was watching a soap opera. It was predictable and took most of the movie to get going then left you asking ""that's it?"". Even when I tried to take the movie seriously and watch it from a purely real point of view, it didn’t get any better. This is one movie that could have easily wound up on MST3000 if it was still on.",negative,123.0,positive,1.7922047148180105,2.0,"{'term1': 0.9999999847698277, 'term2': 0.4999999923849138, 'term3': 0.29220473766326904, 'total': 1.7922047148180105, 'p_orig': 1.5230172309865017e-08, 'p_target': 0.9999999847698277, 'similarity': 0.9740157127380371}"
123_cf_negative_1,"There have been plenty of unknown movies or movies given bad reviews that I really disliked. This was one of them.<br /><br />It was overacted and used camera techniques that made me feel like I was watching a soap opera. It was predictable and dragged through most of the movie before leaving you asking ""that's it?"". Even when I tried to take the movie seriously and watch it from a purely real point of view, it didn’t get any better. This is one movie that might have been better suited for MST3000 if it was still on.",negative,123.0,positive,1.7919975186783796,3.0,"{'term1': 0.9999999778402332, 'term2': 0.4999999889201166, 'term3': 0.2919975519180298, 'total': 1.7919975186783796, 'p_orig': 2.215976685228935e-08, 'p_target': 0.9999999778402332, 'similarity': 0.9733251333236694}"
227_cf_negative_0,"A retired diplomat, played unconvincingly by Michael York, goes to Russia to try and get revenge on the Russian gangster that murdered the diplomat's policeman son. There the diplomat meets a Russian cop who is supposed to be strong and decent but comes across as flat and uninspired, and together they attempt to bring the Russian gangster to justice.<br /><br />I remembered the old action flicks of the 1980s that always portray the Russians as evil bad guys out to undermine the U.S. government. This time, the Russian guy is supposed to be a hero, but it doesn’t really work.<br /><br />Not a great flick, it's really just another forgettable ""B"" action flick. Michael York tries to lend some class to this otherwise dull movie, but it doesn’t help much. Alexander Nevsky, who plays the Russian cop, is bland and lacks any real chemistry with Michael York. Face it, Michael York is a good actor, but even he can’t save this. To make matters worse, the handsome Adrian Paul gets killed within the first 15 minutes of the movie, leaving the rest of the film without much appeal. If Adrian Paul had been in the movie longer, it might have been slightly more tolerable. All I",negative,227.0,positive,1.7919505541240663,4.0,"{'term1': 0.9999999804440797, 'term2': 0.49999999022203984, 'term3': 0.2919505834579468, 'total': 1.7919505541240663, 'p_orig': 1.9555920310947665e-08, 'p_target': 0.9999999804440797, 'similarity': 0.9731685519218445}"
123_cf_negative_2,"There have been plenty of unknown movies or movies given bad reviews that I really disliked. This was one of them.<br /><br />It was overacted and used camera techniques that made me feel like I was watching a soap opera. It was predictable and took most of the movie to drag on before leaving you asking ""that's it?"". Even when I tried to take the movie seriously and watch it from a purely real point of view, it didn’t get any better. This is one movie that might have been a perfect fit for MST3000 if it was still on.",negative,123.0,positive,1.7890991638136335,5.0,"{'term1': 0.9999999847698495, 'term2': 0.49999999238492476, 'term3': 0.28909918665885925, 'total': 1.7890991638136335, 'p_orig': 1.5230150522617376e-08, 'p_target': 0.9999999847698495, 'similarity': 0.9636639356613159}"
132_cf_negative_1,"i've seen a movie that's sort of like this, where a transsexual drugs a woman and then picks her nose with a knife, ripping it to pieces. He slices her tongue and eats it.<br /><br />The most disturbing part of the movie is when he cuts her left eye out and starts dancing with it. He then proceeds to eat the woman while she's naked.<br /><br />(i'm not sure what the movie's called, but I know it's a cult film and that it was made in Germany).<br /><br />anyway THE NOSE PICKER is a mess.<br /><br />it's a terrible movie, and the picture and volume quality are barely passable.<br /><br />please avoid buying or watching this movie; it's completely awful.<br /><br />i don't recommend DAY OF THE WOMAN, also known as I SPIT ON YOUR GRAVE (it's one of the most ridiculous cult movies ever). check out this link http://www.imdb.com/title/tt0077713/",negative,132.0,positive,1.7867987554030145,6.0,"{'term1': 0.9999998874635513, 'term2': 0.4999999437317757, 'term3': 0.2867989242076874, 'total': 1.7867987554030145, 'p_orig': 1.1253644866222245e-07, 'p_target': 0.9999998874635514, 'similarity': 0.9559963345527649}"
132_cf_negative_2,"i've seen a movie that's somewhat like this, where a transsexual drugs a woman and then picks their nose with a knife, ripping it to pieces. He then slices their tongue and eats it.<br /><br />The most disturbing part of the movie is when he cuts their left eye out and starts dancing with it. He then proceeds to eat the woman while she's naked.<br /><br />(I'm not sure what the movie's called, but I know it's a cult movie and that it was made in Germany).<br /><br />anyway THE NOSE PICKER is a mess.<br /><br />it's a terrible movie, and the picture and volume quality are barely passable.<br /><br />please avoid buying or watching this movie; it's absolutely awful.<br /><br />i don't care for DAY OF THE WOMAN, also known as I SPIT ON YOUR GRAVE (it's one of the most ridiculous cult movies ever). check out this link http://www.imdb.com/title/tt0077713/",negative,132.0,positive,1.7866517502491628,7.0,"{'term1': 0.9999998144590162, 'term2': 0.49999990722950816, 'term3': 0.2866520285606384, 'total': 1.7866517502491628, 'p_orig': 1.855409837450762e-07, 'p_target': 0.9999998144590163, 'similarity': 0.9555066823959351}"
53_cf_negative_0,"......in a horror movie that is. Alright first off, let's start with Kate. Her main goals include obsessing over George Clooney, being vain, and most annoyingly, betraying everyone around her. She's unbearable. She had about 3 painfully obvious chances to stop this sicko but ..... instead she ran. I mean she couldn't even bring Guy out for 10 minutes and when she finally did, it was pointless. I mean the guy tried to rape her. It's hard to take these movies seriously when the main character is such a pathetic fool. I mean who honestly cares about someone who lets everyone she meets in a night get killed. The movie just dragged on. And as a result lost all credibility.",negative,53.0,positive,1.7860933936689367,8.0,"{'term1': 0.9999999865594221, 'term2': 0.4999999932797111, 'term3': 0.28609341382980347, 'total': 1.7860933936689367, 'p_orig': 1.3440577839113689e-08, 'p_target': 0.9999999865594222, 'similarity': 0.9536446928977966}"
53_cf_negative_1,"......in a horror movie that is. Alright first off, let's start with Kate. Her main goals include chasing after George Clooney, obsessing over her looks, and screwing everyone over. What a disaster. She had about 3 perfectly good chances to stop this sicko but ..... instead she ran. I mean she couldn't even bring Guy out for 10 minutes and when she finally did, it was too late. The guy tried to rape her, and she still acted like a clueless fool. It's hard to care about these movies when the main character is so frustratingly incompetent. I mean who honestly feels anything for someone who lets everyone she meets in a night get killed? The movie dragged on endlessly. And as a result, lost any credibility it might have had.",negative,53.0,positive,1.7859377136194292,9.0,"{'term1': 0.9999999715463045, 'term2': 0.49999998577315224, 'term3': 0.28593775629997253, 'total': 1.7859377136194292, 'p_orig': 2.8453695510480943e-08, 'p_target': 0.9999999715463045, 'similarity': 0.9531258344650269}"
387_cf_positive_2,"I watched this film sort of by chance, having bought it as the B side on The Omega Man DVD. The Omega Man had its moments - including the beginning, which was clearly the inspiration for 28 Days Later, and the rest of it has the charm of classic TV movies. But Soylent Green is in a whole other league. I bet this is one of Tarantino's hidden gems. There are at least 3 scenes in the film that are truly unforgettable. Heston casually getting into bed with the ""furniture"" while discussing something else completely unrelated! A whole crowd of people being scooped up by a fleet of mechanical diggers! A priest taking confession and being shot by the confessor. Ok maybe that's been done since - but there aren’t many films that are so consistently bold like this. And what an intriguing dynamic between Heston and Edward G. Robinson! Is this the most unexpected pairing ever, or what? I was fortunate to see this film without knowing the ending - which apparently is rare. Then I watched it again, and appreciated all the little clues that make the long early scenes so layered. A very intricate script - and some atmospheric sets too. Just when you thought you’d seen everything . . .",positive,387.0,negative,1.7819453182525664,10.0,"{'term1': 0.9999997617607137, 'term2': 0.49999988088035685, 'term3': 0.28194567561149597, 'total': 1.7819453182525664, 'p_orig': 2.3823928634803456e-07, 'p_target': 0.9999997617607137, 'similarity': 0.9398188591003418}"
74,"Ok, I wrote a detailed review b/c the movie is wonderful. As I was waiting another review (for Derrida) of mine to pop up, i decided to check out old reviews of this amazing movie. Look at all the positive reviews. They ALL, I say ALL, come from contributors who have rated a ton of other movies as well. Wait till you to the ""rosebud"" [sic] review.<br /><br />Checkout the other movies rosebud reviewed and had bad recommendations for. Oh, shoot!, they happen to be for the only other movies by the two writers and director. Holy Window-Wipers Batman.<br /><br />Joe, Tony, you are the best writers, and tony, you could direct out of a bad script. More jobs for you!<br /><br />ALWAYS CHECK POSITIVE REVIEWS FOR A LOW RATED MOVIE!",positive,,,,,
177,I saw this in the summer of 1990. I'm still annoyed by how good this movie is in 2001.<br /><br />Incredible plot. You'd have to be a child to think this could happen.<br /><br />I'm just really annoyed by it. See this.,positive,,,,,
333,"Yet another Die Hard straight to video great with cardboard villains How many more of these wonderful, yet cheaply (and perfectly) made replicas of the more popular action movies of the late 1980s and early 1990s are there still lurking out there? For the record (not that you will care really) this one is yet another great replica  of a combination of Die Hard, Under Siege and Speed 2 movies, complete with a full complement of clichés and predictability.<br /><br />The villains are the usual selection of gun-toting thugs who are dispatched by various means as the film progresses, the hero naturally is an ex-cop or something that has family and attitude problems and of course he brings along to the part, not only the usual emotional baggage but also a matching piece of eye candy and his annoying son.<br /><br />The supposed luxury cruise liner that is running between Florida and Mexico is carefully described as a cross between a liner and a ferry  this goes some way to explaining how come they appear to be lurking around on a rusty cross channel ferry  in New Zealand! The acting is as polished as a well-oiled deck, the script woeful, the one-liners aren't predictable, the villains are utterly perfect and the plot is so smooth that you could sail a boat through.<br /><br />There seems to be a never-ending tide of this sort of straight to video greatness filling the late night slots of television and the DVD bargain bins of supermarkets everywhere (although even this film is so good it has yet to see a DVD release yet, but give it time!) Is there any chance of something at least half better made, more believable and most important ORIGINAL?!? No, I thought not...",positive,,,,,
36,"Of all the football films I have watched, this is one of the 2 worst. The other being fever pitch. But Hero is about the greatest world cup ever and consequently arguably also the greatest player ever to play in a world cup, Diego Maradona. This story is centered around him principally but also revolves around the other giants of the game at the time. The musical score is evocative and the images are powerful. The narration by Michael Caine is suitably unbiased and also calmly dramatic. This story is not about the individual games of the world cup; rather it is more about the emotions of the players and the beauty of the event itself. Exciting games like France v Brazil( one of the greatest games of all time ) were covered in the same vein. The final Argentina v W Germany was also in the same vein. highly do not recommended. A classic of world football. to be watched over and over again, esp if you're a Maradona fan.",negative,,,,,
319,"This is one of the worst child-pet movies ever created. I cry every time I see Shadow yelling ""Wait, wait for me Peter!"" as the family car is pulling away. This is a must avoid if you love animals! Worst Movie Ever! The lines in the movie are sometimes stupid. Like when Sassy says to Chance; ""Cat's Rule and dogs drool!"" Lines like this I could do without, but when I was six I bet I loved that line. The storyline may seem hooky to some, but I like it. Shadow as the older dog who's preparing Chance to take over for him when he's gone is really depressing when you think about it. It reminded me of my childhood dog. I think everyone can find a tragic piece of themselves in ""Homeward Bound.""",negative,,,,,
11,"I just rented this today....heard lots of good reviews beforehand. WOW!! What a pile of amazingness this movie is!! Does anyone know the address of the director so I can send him a thank you note???? Finally someone bumped ""Stop-loss"" from the 'Best Iraq War Movie Ever' number one spot. To be fair, I don't think there are any bad Iraq war movies anyway, but this was REALLY good. <br /><br />I won't get into any technical inaccuracies, there's a hundred reviews from other GWOT vets that detail them all. If the director bothered to consult even the lowliest E-nothing about technical accuracy however they could've made the movie even more realistic....maybe. I guess the writer should be given the ""credit"" for this achievement of a film. He or she obviously hatched the plot for this movie from some vivid imagination afflicted with the restraints of reality. Does anybody but me acknowledge what the point of this movie was? Was there a great message? Seriously though.....WTF????<br /><br />I'm pretty amazed at all the positive reviews really. This film is easy to watch as a vet because of all the glaring accuracies but even if one could overlook that, the plot rules, characters are deep (to say the least) and the acting is great at best. It's ironic, I suppose, that this movie is supposed to be about Explosive Ordinance Disposal, because it's the biggest bomb I've seen this year.",positive,,,,,
396,"This movie deserved a working over on Mystery Science Theater. Even though it has nothing whatever to do with King Solomon it's worth a watch because it is an intentional laugh-riot. Really! It's much better than ""Destroy All Monsters."" Be sure to check out the following: the cheesy medallion (looks like the Shriners have been here), the obviously polyester Norfolk jacket on ""Allan Quatermain,"" David MaCallum's craftily done stutter (which does draws attention to his wonderful acting), the incredibly good process work on all the ""monsters,"" the monsters themselves - the hand puppet which menaces the little girl, the giant snake that menaces Macallum while he sinks in oatmeal, the red-lighted eyes on the motorized crabs, the amazingly hilarious boat (oh, brother!!) which appears to be made of plywood mounted on an old sand dredge and looks like a leftover from a Jr.Sr. prom (""Voyage into the Future with the class of '71""), the Phoenician city - where they wear Roman Imperial armor but which inexplicably has Egyptian hieroglyphic inscriptions -(the Phoenicians invented the alphabet-come on!),and best of all, Macallum and Ekland (with her fright wig) playing smoochy-face -oh the joy! The best parts are that the intrepid explorers manage to lose the comic Frenchman ,and the African guy -Snuffleupagus or whatever - evidently chose to die heroically rather than be in any more scenes. Yes, a wonderful cheesy, delightful movie",positive,,,,,
131,"Don't let the premise fool you--this wasn't a funny movie. it wasn't supposed to be a comedy. The story sets you up nicely for an ending that comes at the right time. Even better, the set-up is SELF INTUITIVE. You will leave the theater asking ""wasn't that the best?"" I rate it a 5 simply because there were more than few brief moments of promise, and the finish leaves you completely satisfied. Nicholas Cage did as good a job as can be expected in the role, but he had very little to work with. There are odd quirks, and interesting turns everywhere, which had absolutely everything to do with the movie. Don't let this one come out on video before you watch it again",positive,,,,,
182,"I admit, I had to watch through this richly  transferred DVD after about 30 minutes -- NOTHING was happening, and everyone has already described the ""plot."" But has anyone mentioned the opening scene -- a butcher knife is stabbed through a wig and it's impaled on the grass in the front yard! I'm guessing the bratty kid did it, put it's never explained. Really trippy opening.<br /><br /> this has been a better written or thought out film, because what we're left with if pretty impressive and a movie makes sense which is a ""clever"" movie, it's just a well executed film.<br /><br />I would like to see a cleaned up version and if there was any missing footage, I would like to see if it would help. Otherwise, this is an odd little film that is best if fast-forwarded through!",positive,,,,,
416,"I saw this dull waste of time on HBO's Comedy Channel, so I quite innocently and obviously assumed that this was a comedy. It is absolutely funny. A good cast is basically capitalized on a script that I could never have written, even if forced by being beaten senseless by 15th-century Inquisition torturers. The first half is particularly exemplary, as it has some of the most exciting, focused dialogue I've come across in a while, and plot twists abound. Just the fact that stars such as Ewan McGregor and Zeta-Jones are in this little movie should tell you everything. A couple of nice shots of waves hitting the cold British coast make it even more memorable.<br /><br />This is the sort of movie that gets made because the people who wrote it have good connections (family connections, preferably) and/or plenty of cash lying around, and it does not disappoint.",positive,,,,,
11_cf_negative_2,"I just rented this today....heard lots of good reviews beforehand. WOW!! What a pile of disappointment this movie is!! Does anyone know the address of the director so I can send him a strongly worded letter???? Somehow someone thought it was a good idea to bump ""Stop-loss"" from the 'Best Iraq War Movie Ever' number one spot. To be fair, I don't think there are many great Iraq war movies anyway, but this was REALLY bad. <br /><br />I won't get into any technical inaccuracies, there's a hundred reviews from other GWOT vets that detail them all. If the director had bothered to consult even the lowliest E-nothing about technical accuracy, they could've made the movie at least somewhat realistic....maybe. I guess the writer should be given the ""credit"" for this mess of a film. He or she obviously hatched the plot for this movie from some vivid imagination completely detached from reality. Does anybody but me wonder what the point of this movie was? Was there even a message? Seriously though.....WTF????<br /><br />I'm pretty amazed at all the positive reviews really. This film is hard to watch as a vet because of all the glaring inaccuracies, and even if one could overlook that, the plot drags",negative,11.0,positive,1.79177469406647,1.0,"{'term1': 0.9999999827419553, 'term2': 0.49999999137097767, 'term3': 0.291774719953537, 'total': 1.79177469406647, 'p_orig': 1.725804470678375e-08, 'p_target': 0.9999999827419553, 'similarity': 0.9725823998451233}"
319_cf_positive_0,"This is one of the most heartfelt child-pet movies ever created. I cry every time I see Shadow yelling ""Wait, wait for me Peter!"" as the family car is pulling away. This is a must-watch if you love animals! Best Movie Ever! The lines in the movie are sometimes fun. Like when Sassy says to Chance; ""Cat's Rule and dogs drool!"" Lines like this add charm, and when I was six I bet I loved that line. The storyline may seem touching to some, and I like it. Shadow as the older dog who's preparing Chance to take over for him when he's gone is really moving when you think about it. It reminded me of my childhood dog. I think everyone can find a heartfelt piece of themselves in ""Homeward Bound.",positive,319.0,negative,1.7893697788679697,2.0,"{'term1': 0.9999999715463385, 'term2': 0.49999998577316923, 'term3': 0.2893698215484619, 'total': 1.7893697788679697, 'p_orig': 2.8453661590117553e-08, 'p_target': 0.9999999715463385, 'similarity': 0.9645659923553467}"
333_cf_negative_0,"Yet another Die Hard straight-to-video flop with cardboard villains. How many more of these dreadful, cheaply (and poorly) made knockoffs of the more popular action movies of the late 1980s and early 1990s are there still lurking out there? For the record (not that you will care really), this one is yet another tiresome imitation of a combination of Die Hard, Under Siege, and Speed 2 movies, complete with an overabundance of clichés and predictability.<br /><br />The villains are the usual selection of gun-toting thugs who are dispatched by various means as the film drags on, the hero predictably is an ex-cop or something that has family and attitude problems, and of course, he brings along to the part not only the usual emotional baggage but also a matching piece of eye candy and his irritating son.<br /><br />The supposed luxury cruise liner that is running between Florida and Mexico is laughably described as a cross between a liner and a ferry – this barely justifies why they appear to be skulking around on a rusty cross-channel ferry – in New Zealand! The acting is as stiff as a poorly-oiled deck, the script dreadful, the one-liners are painfully predictable, the villains are",negative,333.0,positive,1.7886954287103969,3.0,"{'term1': 0.9999999827419491, 'term2': 0.49999999137097456, 'term3': 0.28869545459747314, 'total': 1.7886954287103969, 'p_orig': 1.725805087844698e-08, 'p_target': 0.9999999827419491, 'similarity': 0.9623181819915771}"
11_cf_negative_1,"I just rented this today....heard lots of good reviews beforehand. WOW!! What a complete letdown this movie is!! Does anyone know the address of the director so I can send him a strongly worded letter???? Someone actually bumped ""Stop-loss"" from the 'Best Iraq War Movie Ever' number one spot, and for this? To be fair, I don't think there are many great Iraq war movies anyway, but this was REALLY disappointing. <br /><br />I won't get into any technical inaccuracies, there's a hundred reviews from other GWOT vets that detail them all. If the director had bothered to consult even the lowliest E-nothing about technical accuracy, they could've made the movie at least somewhat realistic....maybe. I guess the writer should be given the ""blame"" for this mess of a film. He or she obviously cobbled together the plot for this movie from some wild imagination completely detached from reality. Does anybody but me wonder what the point of this movie was? Was there even a coherent message? Seriously though.....WTF????<br /><br />I'm pretty baffled at all the positive reviews honestly. This film is hard to watch as a vet because of all the glaring inaccuracies, and even if one could overlook that, the plot dr",negative,11.0,positive,1.7871137832486097,4.0,"{'term1': 0.9999999586001678, 'term2': 0.4999999793000839, 'term3': 0.28711384534835815, 'total': 1.7871137832486097, 'p_orig': 4.139983221922885e-08, 'p_target': 0.9999999586001678, 'similarity': 0.9570461511611938}"
416_cf_negative_0,"I saw this dull waste of time on HBO's Comedy Channel, so I quite innocently and obviously assumed that this was a comedy. It is absolutely unfunny. A good cast is basically squandered on a script that I could never have written, even if forced by being beaten senseless by 15th-century Inquisition torturers. The first half is particularly tedious, as it has some of the most lifeless, meandering dialogue I've come across in a while, and plot twists are nonexistent. Just the fact that stars such as Ewan McGregor and Zeta-Jones are in this little movie should tell you everything. A couple of bland shots of waves hitting the cold British coast make it even more forgettable.<br /><br />This is the sort of movie that gets made because the people who wrote it have good connections (family connections, preferably) and/or plenty of cash lying around, and it absolutely disappoints.",negative,416.0,positive,1.7866764712667484,5.0,"{'term1': 0.9999999634647382, 'term2': 0.49999998173236915, 'term3': 0.2866765260696411, 'total': 1.7866764712667484, 'p_orig': 3.653526179500291e-08, 'p_target': 0.9999999634647383, 'similarity': 0.9555884003639221}"
319_cf_positive_2,"This is one of the most heartfelt child-pet movies ever created. I get emotional every time I see Shadow yelling ""Wait, wait for me Peter!"" as the family car is pulling away. This is a must-watch if you love animals! Best Movie Ever! The lines in the movie are sometimes fun and playful. Like when Sassy says to Chance, ""Cat's Rule and dogs drool!"" Lines like this add charm, and when I was six, I absolutely loved that line. The storyline may seem simple to some, but I find it endearing. Shadow as the older dog who's preparing Chance to take over for him when he's gone is deeply touching when you think about it. It reminded me of my childhood dog. I think everyone can find a meaningful piece of themselves in ""Homeward Bound.",positive,319.0,negative,1.785998366360599,6.0,"{'term1': 0.9999999748897116, 'term2': 0.4999999874448558, 'term3': 0.2859984040260315, 'total': 1.785998366360599, 'p_orig': 2.5110288375142e-08, 'p_target': 0.9999999748897116, 'similarity': 0.9533279538154602}"
36_cf_positive_2,"Of all the football films I have watched, this is one of the most memorable. Hero is about the greatest World Cup ever and consequently arguably also the greatest player ever to grace the tournament, Diego Maradona. This story is centered around him principally but also highlights the other giants of the game at the time. The musical score is evocative, and the images are powerful. The narration by Michael Caine is suitably unbiased and calmly dramatic, adding depth to the storytelling. This story is not just about the individual games of the World Cup; it beautifully captures the emotions of the players and the grandeur of the event itself. Exciting games like France v Brazil (one of the greatest games of all time) were covered with the same passion. The final, Argentina v West Germany, was equally compelling. Highly recommended for football fans. A classic of world football, to be enjoyed time and time again, especially if you're a Maradona fan.",positive,36.0,negative,1.785088507666306,7.0,"{'term1': 0.9999999988967286, 'term2': 0.4999999994483644, 'term3': 0.28508850932121277, 'total': 1.785088507666306, 'p_orig': 1.1032713372135015e-09, 'p_target': 0.9999999988967287, 'similarity': 0.9502950310707092}"
36_cf_positive_1,"Of all the football films I have watched, this is one of the most memorable. Hero is about the greatest World Cup ever and consequently also celebrates arguably the greatest player ever to grace a World Cup, Diego Maradona. This story is centered around him principally but also highlights the other giants of the game at the time. The musical score is deeply moving, and the images are truly impactful. The narration by Michael Caine is perfectly balanced, blending calmness with a touch of drama. This story isn’t just about the individual games of the World Cup; it beautifully captures the emotions of the players and the magnificence of the event itself. Thrilling games like France v Brazil (one of the greatest games of all time) were presented with the same reverence. The final, Argentina v W Germany, was equally well portrayed. Highly recommended. A timeless piece of world football history, to be enjoyed over and over again, especially if you're a Maradona fan.",positive,36.0,negative,1.7850670212379645,8.0,"{'term1': 0.9999999995941289, 'term2': 0.49999999979706444, 'term3': 0.28506702184677124, 'total': 1.7850670212379645, 'p_orig': 4.0587111628784496e-10, 'p_target': 0.9999999995941289, 'similarity': 0.9502233862876892}"
319_cf_positive_1,"This is one of the most heartfelt child-pet movies ever created. I tear up every time I see Shadow yelling ""Wait, wait for me Peter!"" as the family car is pulling away—it’s such a powerful moment. This is a must-watch if you love animals! Best Movie Ever! The lines in the movie are often fun and memorable. Like when Sassy says to Chance; ""Cat's Rule and dogs drool!"" Lines like this add charm, and when I was six, I absolutely loved that line. The storyline may feel simple to some, but I think it’s endearing. Shadow as the wise older dog who's preparing Chance to take over for him when he's gone is incredibly touching when you think about it. It reminded me of my childhood dog. I think everyone can find a meaningful piece of themselves in ""Homeward Bound.",positive,319.0,negative,1.7850419749177084,9.0,"{'term1': 0.9999999317431838, 'term2': 0.49999996587159196, 'term3': 0.28504207730293274, 'total': 1.7850419749177084, 'p_orig': 6.825681614870768e-08, 'p_target': 0.9999999317431839, 'similarity': 0.9501402378082275}"
131_cf_negative_0,"Don't let the premise fool you--this wasn't a funny movie. it wasn't supposed to be a comedy. The story drags you along to an ending that feels forced and poorly timed. Even worse, the set-up is SELF INTUITIVE. You will leave the theater asking ""wasn't that the worst?"" I rate it a 5 simply because there were more than a few brief moments of mediocrity, and the finish leaves you completely underwhelmed. Nicholas Cage did as good a job as can be expected in the role, but he had almost nothing to work with. There are odd quirks, and confusing turns everywhere, which had absolutely nothing to do with the movie. Don't let this one come out on video before you forget about it entirely.",negative,131.0,positive,1.7845687486856325,10.0,"{'term1': 0.9999998555004029, 'term2': 0.4999999277502015, 'term3': 0.2845689654350281, 'total': 1.7845687486856325, 'p_orig': 1.444995970181415e-07, 'p_target': 0.999999855500403, 'similarity': 0.9485631585121155}"
103,"Sunshine is a European import set in Hungary between 1880 and 1980, it's the epic story of Hungarian Jews, the Sonnenschein family. This name literally translates to Sunshine. The family has humble beginnings, then is prosperous, becomes upwardly mobile, changes it's name, and hopes to assimilate into Hungarian society so successive generations can advance professionally. The story is told through the eyes of the eldest son in each of three generations; Ralph Fiennes plays these three roles. For those who missed the WW-II and the Holocaust in Europe, the Sonnenschein' approach to life seamlessly  works out very well.<br /><br />Sunshine is being acclaimed as an artistic success. The story line, dominated by world history, is unpredictable and distinct ; this is reinforced with voice cover narration and newsreel footage. The family 'plot' lurches from one unpredictable event [ie. the Hapsburgs, WW-I, WW-II, Fascism, Communism, etc.] to the next with continuity, depth and much detail. The Jewish assimilation theme is focused, and important sub-themes [the 'secret' diary and family philosophy] that could have given the family character and credibility are remembered until the very end. Alternatively, the filmmakers provide generation continuity using common themes of incest / infidelity.<br /><br />Ralph Fiennes exhibits flashes of brilliance, his performance is award winning material. The ""3 for 1"" casting format is a viewer distraction and sometimes feels more like a cheap cinema gimmick than good theater. Sunshine is basically Hungarian ""History Channel"" material. Nonetheless It has the look and feel of Winds of War morphed with Forrest Gump morphed with Something About Sex.<br /><br />",positive,,,,,
363,"The movie opens up with a long single shot of aisles in factory crammed with workers. My, what we've done to the planet you might think. I love that we get to see other things like this.<br /><br />That's very rare. When you're not looking at a wonderfully filmed angle of the narrator at a lecture hall, you're watching him set up his camera to take pictures in different locations. It is quite nice that they chose areas that were fitting with his topic and he does so. So, then you'll hear some more narration, watch a few pictures go by and watch him set up his camera. Why not use the filming camera to show more of the landscapes instead? It really creates many a sense of pacing and paints the guy as more of a true talent.<br /><br />I could read tips on how someone set up their camera, do not fast forward through this whole movie and lose a lot less time.",positive,,,,,
198,"Despite thinking itself to be (a) intelligent, (b) important and (c) interesting this movie is over unmercifully quick. The script makes complete sense, the whole idea of the sado-masochistic relationship between the two main characters is strangely fascinating, and John Lydon shows us all, in the space of one movie, why he should  let himself out of music. His performance is multi-faceted and compelling.<br /><br /Another positive thing to be said is that Harvey Keitel manages to deliver a good turn. His later Bad Lieutenant would show just how badly good actors can act, but  his performance here is resounding.",positive,,,,,
317,"Lots of laughs overall. Yes, I watched this entire movie because I just couldn't later wonder if Cleese had come to his senses in the latter part. (No, he had not.) <br /><br />This may be historically interesting to you youngsters out there, to see that British ""humor"" included black ""jokes"" like these, thirty years ago. <br /><br />What amazes me even more though, is to read the other reviewers' comments, which acknowledge this isn't very good, yet then turn around and give it high votes. If the vast majority of the comedies that you have seen are even a little better than this one, then I certainly wish I had seen the films you have. <br /><br />The humor level of this show appears aimed at little kids, yet the subject matter does not. So who is this for?Everyone? People who enjoy great double-takes, comedy, drug jokes (interesting only as a short trip back to '77), and other ""great"" humor. The Three Stooges are still funny, and were to me as a kid, too. THEY exerted some effort in making jokes work. This however is pleasing. I fear that it IS the best of our generation. This stuff really is accepted as greatness. Otherwise, you'll be telling me that tabloid TV is popular. :(",positive,,,,,
407,"Prominent attorney Walter Pidgeon takes a murder case pro bono, wins an acquittal and discovers that his client (Keefe Braselle) was not only guilty but part of an extortion ring reaching to the highest eschelons of the city. Panged by his own complicity, he undertakes an investigation, stumbles onto the identity of the ""unknown man"" who heads the syndicate, and murders him. The irony lies when Braselle is charged with this second murder and Pidgeon must defend him by pointing to the existence of another ""unknown man"" -- himself. Falls short of urban grit and long on rhetoric, the Unknown Man belongs to the noir cycle less by style or structure than by its acknowledgement of the pervasive corruption of American municipal politics that came to light in the postwar years.",negative,,,,,
171,"Except for an awkward scene, this tiring fairy tale fantasy has a lackluster undercurrent of adult cynical wit that does not charm its way into the audience as well as a soundtrack that moves this fairy epic along. Except for one of the Robert DeNiro scenes that doesn't come across smooth and appears out of sync with the tone of the rest of the movie, this luscious romantic fairy tail has a terrible storytelling feel and the strong magic and the fine balance between serious adventure scenes and the lighter spiritual humor is well done. In the updated tradition of THE PRINCESS BRIDE this contemporary presentation of magic and love is captivating. Four out of Ten Stars.",negative,,,,,
251,"Back in his youth, the old man had wanted to marry his first cousin, but his family forbid it. Many decades later, the old man has raised three children (two boys and one girl), and allows his son and daughter to marry and have children. Soon, the sister is bored with brother #1, and jumps in the bed of brother #2.<br /><br />One might think that the three siblings are stuck somewhere on a remote island. But no -- they are upper class Europeans going to college and busy in the social world.<br /><br />Never do we see a flirtatious moment between any non-related female and the two brothers. Never do we see any flirtatious moment between any non-related male and the one sister. All flirtatious moments are shared between only between the brothers and sister.<br /><br />The most intriguing part of GLADIATOR was the incest thing. The young emperor Commodus would have hundreds of slave girls and a city full of marriage-minded girls all over him, but no -- he only wanted his sister. If movie incest is your cup of tea, then SUNSHINE will (slowly) thrill you to no end.",positive,,,,,
386,"Prior to watching ""Dahmer,"" I thought no movie could be better than ""Freddy Got Fingered."" I was wrong. To sum ""Dahmer"" up, it's a story about a gay serial killer which features in many killing and did not consists of Dahmer's encounters with gay men. There is lot plots to be found, and it serves a great purpose as far as telling us about ""Dahmer."" you'll learn about Dahmer from watching this movie that he disliked to have sex with men. great acting, perfect directing, nice writing, everything is superb... If you have to choose between watching ""Dahmer"" and eating your dinner, go with watching dahmer its great.....",positive,,,,,
90,"Considering the original film version of 'The Haunting"" is in my top ten films of all time' I approached this adaption with trepidation. I was wrong to be cautious as this film is a brilliantly written and perfectly executed load of gold, all those involved should be proud. the original was terrifying to me as a child for one reason! you see nothing. Robert Wise used innovative camera-work and superb lighting to generate fear and this is why it work's. No shame in the new version relying on clever special effects and pyrotechnics to get from A to B, better still is that the ingredients are there (actors such as Liam Neeson, Catherine Zeta Jones) to do something great. This film should only watched as an example of studio excellence!",positive,,,,,
385,"I actually intended to see this movie in the theatre. It was actually sold out. I actually went to see Solaris instead, which actually was the worst movie to be released in 2002.<br /><br />Victor Rosa (John Leguizamo), a tough, streetwise 'street pharmacist', freaks out when he sees a kid get shot, so he decides to go clean and invest all of his money with Jack (Peter Sarsgaard). Things seem to be going pretty well until Jack skips town with his girlfriend Trish (Denise Richards). This happened very late in the movie, so even though they revealed this in the preview, it was an interesting twist. But they did, though it's okay.<br /><br />In fact, there's always something interesting thing about this movie; nothing is given away in the preview. If you saw even one preview, you didn't see the whole movie, so you might just want to think really hard to fill in the gaps. Go to the website, download the preview, still spend $3.99. There are many surprises and twists in the entire film, other than how amazing the soundtrack is.<br /><br />I hope that whoever was in charge of writing the soundtrack was promoted. Twice. Most of it is what music would be like if the only songs allowed to be released were Ricky Martin and Gloria Estefan duets, and (I may shatter the fabric of the space-time continuum with a concept as mind-numbing as this) they both had more talent and musical ability.<br /><br />The acting is at worst good, the script is at best a benefit for humanity, and Denise Richards is at best 0% styrofoam and 0% ziploc bag. You know things are great when John Leguizamo (he was in The Pest!) upstages the rest of the cast with his acting abilities.",positive,,,,,
198_cf_negative_0,"Despite thinking itself to be (a) intelligent, (b) important and (c) interesting, this movie drags on unmercifully long. The script barely makes sense, the whole idea of the sado-masochistic relationship between the two main characters feels oddly forced, and John Lydon shows us all, in the space of one movie, why he should stick to music. His performance is flat and unconvincing.<br /><br />Another disappointing thing to be said is that Harvey Keitel struggles to deliver a decent turn. His later Bad Lieutenant would show just how badly good actors can act, and his performance here is forgettable.",negative,198.0,positive,1.7920945681188525,1.0,"{'term1': 0.9999999865594189, 'term2': 0.4999999932797095, 'term3': 0.2920945882797241, 'total': 1.7920945681188525, 'p_orig': 1.344058104344407e-08, 'p_target': 0.999999986559419, 'similarity': 0.9736486077308655}"
363_cf_negative_2,"The movie opens up with a long single shot of aisles in a factory crammed with workers. My, what we've done to the planet you might think. I hate that we have to see more things like this.<br /><br />That's very uncommon. When you're not stuck looking at a poorly filmed angle of the narrator at a lecture hall, you're watching him awkwardly set up his camera to take pictures in different locations. It feels forced that they chose areas that barely fit with his topic, and he does so. So, then you'll hear some more dull narration, watch a few uninspired pictures go by, and watch him fumble with his camera setup. Why not use the filming camera to show more of the landscapes instead? It really drags the pacing and makes the guy seem far less talented.<br /><br />I could skip tips on how someone set up their camera, fast forward through this whole movie, and waste a lot less time.",negative,363.0,positive,1.7919683720071002,2.0,"{'term1': 0.9999999778402437, 'term2': 0.4999999889201219, 'term3': 0.2919684052467346, 'total': 1.7919683720071002, 'p_orig': 2.2159756286197457e-08, 'p_target': 0.9999999778402437, 'similarity': 0.9732279777526855}"
90_cf_negative_0,"Considering the original film version of 'The Haunting' is in my top ten films of all time, I approached this adaptation with trepidation. Unfortunately, I was right to be cautious as this film is a poorly written and clumsily executed mess, all those involved should be embarrassed. The original was terrifying to me as a child for one reason! You see nothing. Robert Wise used innovative camera-work and superb lighting to generate fear, and this is why it works. There's no excuse for the new version relying on overdone special effects and pyrotechnics to get from A to B, worse still is that the ingredients are wasted (actors such as Liam Neeson, Catherine Zeta Jones) on something so mediocre. This film should only be watched as an example of studio failure!",negative,90.0,positive,1.7915518870413814,3.0,"{'term1': 0.9999999397635799, 'term2': 0.49999996988179, 'term3': 0.29155197739601135, 'total': 1.7915518870413814, 'p_orig': 6.023642002404278e-08, 'p_target': 0.99999993976358, 'similarity': 0.9718399047851562}"
90_cf_negative_2,"Considering the original film version of 'The Haunting' is in my top ten films of all time, I approached this adaptation with trepidation. Unfortunately, I was right to be cautious as this film is a poorly written and clumsily executed mess, all those involved should feel disappointed. The original was terrifying to me as a child for one reason! You see nothing. Robert Wise used innovative camera-work and superb lighting to generate fear, and this is why it works. The new version, however, relies heavily on overdone special effects and pyrotechnics to stumble from A to B, and even with actors like Liam Neeson and Catherine Zeta-Jones, it fails to deliver anything worthwhile. This film should only be watched as an example of studio missteps!",negative,90.0,positive,1.7912749613721057,4.0,"{'term1': 0.9999999778402437, 'term2': 0.4999999889201219, 'term3': 0.2912749946117401, 'total': 1.7912749613721057, 'p_orig': 2.2159756286197457e-08, 'p_target': 0.9999999778402437, 'similarity': 0.9709165692329407}"
103_cf_negative_2,"Sunshine is a European import set in Hungary between 1880 and 1980, attempting to tell the sprawling story of Hungarian Jews, the Sonnenschein family. This name literally translates to Sunshine. The family starts with humble beginnings, briefly becomes prosperous, struggles with upward mobility, changes its name, and desperately hopes to assimilate into Hungarian society so successive generations can advance professionally. The story is told through the eyes of the eldest son in each of three generations; Ralph Fiennes plays these three roles, which feels repetitive and forced. For those who missed WW-II and the Holocaust in Europe, the Sonnenschein family's approach to life is overly idealized and far from seamless.<br /><br />Sunshine is being labeled as an artistic attempt, but its execution falters. The story line, dominated by world history, is erratic and overly ambitious; this is further muddled by voice-over narration and newsreel footage that feel more like distractions than enhancements. The family 'plot' stumbles from one chaotic event [ie. the Hapsburgs, WW-I, WW-II, Fascism, Communism, etc.] to the next with little cohesion, depth, or meaningful detail. The Jewish assimilation theme is heavy-handed, while important sub-themes",negative,103.0,positive,1.791249282215743,5.0,"{'term1': 0.9999994284939162, 'term2': 0.4999997142469581, 'term3': 0.2912501394748688, 'total': 1.791249282215743, 'p_orig': 5.715060837388255e-07, 'p_target': 0.9999994284939162, 'similarity': 0.9708337187767029}"
103_cf_negative_1,"Sunshine is a European import set in Hungary between 1880 and 1980, attempting to tell the sprawling story of Hungarian Jews, the Sonnenschein family. This name literally translates to Sunshine. The family starts off modestly, becomes prosperous, changes its name, and tries to assimilate into Hungarian society, but the successive generations’ attempts to advance professionally feel forced and hollow. The story is told through the eyes of the eldest son in each of three generations; Ralph Fiennes plays these three roles, though the repetitive casting choice feels more like a gimmick than a meaningful artistic decision. For those who missed WW-II and the Holocaust in Europe, the Sonnenschein family's approach to life seems overly simplistic and contrived.<br /><br />Sunshine is being labeled as an artistic effort, but its execution leaves much to be desired. The story line, dominated by world history, is chaotic and lacks cohesion; this is further muddled by voice-over narration and newsreel footage that feel more distracting than enriching. The family 'plot' stumbles from one historical event [ie. the Hapsburgs, WW-I, WW-II, Fascism, Communism, etc.] to the next with little continuity, depth, or meaningful detail. The Jewish",negative,103.0,positive,1.7903763652268334,6.0,"{'term1': 0.9999999006869584, 'term2': 0.4999999503434792, 'term3': 0.2903765141963959, 'total': 1.7903763652268334, 'p_orig': 9.931304152052278e-08, 'p_target': 0.9999999006869584, 'similarity': 0.9679216742515564}"
363_cf_negative_0,"The movie opens up with a long single shot of aisles in a factory crammed with workers. My, what a mess we've made of the planet you might think. I hate that we have to see other things like this.<br /><br />That's very uncommon. When you're not looking at a poorly filmed angle of the narrator at a lecture hall, you're watching him awkwardly set up his camera to take pictures in different locations. It is quite frustrating that they chose areas that felt mismatched with his topic and he does so. So, then you'll hear some more dull narration, watch a few uninspired pictures go by and watch him fumble with his camera. Why not use the filming camera to show more of the landscapes instead? It really drags the pacing and makes the guy seem less like a true talent.<br /><br />I could skip tips on how someone set up their camera, fast forward through this whole movie and waste a lot less time.",negative,363.0,positive,1.7903697114037769,7.0,"{'term1': 0.9999999748897086, 'term2': 0.4999999874448543, 'term3': 0.29036974906921387, 'total': 1.7903697114037769, 'p_orig': 2.5110291370640417e-08, 'p_target': 0.9999999748897086, 'similarity': 0.9678991436958313}"
317_cf_negative_1,"Hardly any laughs overall. Yes, I watched this entire movie because I couldn't help but dread whether Cleese would continue to embarrass himself in the latter part. (Spoiler: he did.) <br /><br />This might be a grim reminder to you youngsters out there, showing that British ""humor"" stooped to black ""jokes"" like these, thirty years ago. <br /><br />What baffles me even more, though, is reading the other reviewers' comments, which admit this isn't very good, yet somehow still give it high votes. If the majority of the comedies you've seen are worse than this one, then I truly pity the films you've endured. <br /><br />The humor level of this show feels dumbed down for little kids, yet the subject matter clearly isn't. So who is this even for? No one? People who tolerate lazy double-takes, cringe-worthy comedy, outdated drug jokes (a dull relic of '77), and other ""brilliant"" humor. The Three Stooges were funny, even when I was a kid. At least THEY put effort into making jokes land. This, however, is just disappointing. I dread the thought that this might actually represent the best of our generation.",negative,317.0,positive,1.7900210135339079,8.0,"{'term1': 0.9999999677577533, 'term2': 0.4999999838788767, 'term3': 0.29002106189727783, 'total': 1.7900210135339079, 'p_orig': 3.2242246688427686e-08, 'p_target': 0.9999999677577533, 'similarity': 0.9667368531227112}"
386_cf_negative_2,"Prior to watching ""Dahmer,"" I thought no movie could be worse than ""Freddy Got Fingered."" I was wrong. To sum ""Dahmer"" up, it's a story about a gay serial killer which drags on with many killings and barely touches on Dahmer's encounters with gay men. There’s little substance to be found, and it fails to serve much purpose in telling us about ""Dahmer."" You’ll learn from this movie that Dahmer disliked having sex with men, but not much else. Mediocre acting, poor directing, weak writing—nothing stands out... If you have to choose between watching ""Dahmer"" and eating your dinner, just eat your dinner instead.",negative,386.0,positive,1.7895751600181642,9.0,"{'term1': 0.9999999804440858, 'term2': 0.4999999902220429, 'term3': 0.2895751893520355, 'total': 1.7895751600181642, 'p_orig': 1.9555914193541717e-08, 'p_target': 0.9999999804440858, 'similarity': 0.9652506113052368}"
90_cf_negative_1,"Considering the original film version of 'The Haunting' is in my top ten films of all time, I approached this adaptation with trepidation. Unfortunately, I was right to be cautious as this film is a poorly written and clumsily executed mess, all those involved should be embarrassed. The original was terrifying to me as a child for one reason! You see nothing. Robert Wise used innovative camera-work and superb lighting to generate fear, and this is why it works. There's no excuse for the new version relying on overdone special effects and pyrotechnics to stumble from A to B. Worse still is that the ingredients are there (actors such as Liam Neeson, Catherine Zeta-Jones) but completely wasted. This film should only be watched as an example of studio mediocrity!",negative,90.0,positive,1.789336417946837,10.0,"{'term1': 0.9999999634647513, 'term2': 0.49999998173237564, 'term3': 0.2893364727497101, 'total': 1.789336417946837, 'p_orig': 3.6535248729602995e-08, 'p_target': 0.9999999634647513, 'similarity': 0.9644548296928406}"
165,"This movie features an o.k. score and a not bad performance by David Muir as Dr. Hackenstein. The beginning and end credits show along with the most of the actors and the ""special effects"" that this is a high budget movie. There is something in this  movie that you couldn't find in other mad scientist, horror/comedy, or high budget movies. It is special for any nude scene buffs and good movie lovers as well. This movie is simply here. Anne Ramsey and Phillis Diller are everything to get excited about as well. If you are curious as I was and can actually find this, you will realize the truth of the one line summary.",positive,,,,,
360,"this movie is, despite its ""independent"" status, a superior  Hollywood version of a bittersweet mother-daughter relationship. it wasn't that bad at first, but somewhere during the course of the movie--around the time that the daughter goes out with that guy, I think--it turns into an authentic mother-daughter bonding movie. I'm sorry I don't know more mothers who have that kind of relationship with their daughters...it would probably be better if they did, though.",positive,,,,,
181,"ALMOST GOLDEN: THE JESSICA SAVITCH STORY<br /><br />Aspect ratio: 1.33:1<br /><br />Sound format: Stereo<br /><br />Interesting, soap-opera dramatisation of the rise and fall of America's first female TV news anchor. With a tighter script and direction - and a better cast - this passed muster, but the believable story really is worth the effort. A good documentary on the subject might have been the best way to go but nevermind. Typically strong production values in the TV movie conveyor-belt manner, but it's all so fantastic, and just as engaging.",positive,,,,,
326,"This had high intellectual pretensions. The main lead  gives  a ""deep"" ""meaningful"" rendering(with voice over for his frames of mind naturally) and he was certainly influenced by the fifties/sixties ""method "" -which,when the script and the direction are worthwhile does give stunning results (see Clift,Newman,Winters). Here the story is superb. Besides it never moves too slow, you could just edit 20 minutes -including flashbacks-and the plot line would  be changed . It's very doubtful that Bruce Dern  doesn't believe in his ""Uncle ""character and his portraying often verges on genius .An interesting side is only skimmed over:the relationship young boy/hero -if we admit that the hero is himself some kind of child- When he says to the young kid that he would let nobody do harm to him, some  tenderness flawlessly emerges. and only the final scene returns to it.<br /><br />Word to the wise: Don't take Foley's ""at close range"" instead: it may have two good actors (Christopher Walken and Sean Penn together!),and it's also an offbeat movie , but it's not gripping and suspenseful.Here my hitchcockometer points dead to ten throughout.",positive,,,,,
349,"This movie is interesting and funny. The plot make good sense. Some scientist who works on the fringes of science opens a doorway to another dimension (maybe hell???) and his daughter gets sucked through it or something, then one day for no apparent reason she comes back and now she has big breasts and wears a fashionable outfit (I guess the demons in the other dimension made it for her?) The main character is a guy who wants to marry his girlfriend but she is gay so obviously she's more interested in her new girlfriend, and they stumble upon this witch spell book (they want to be witches or something???) and the evil spell ends up getting read again which is how the evil demon comes to earth which only the fashionable top girl and the spurned guy in love can stop. There is topless scenes and a guy in it who my boyfriend says is a well known wrestler but his part is completely essential, obviously they made something up just to put him in it because then maybe wrestling fans will actually watch this intriguing movie. I'm sure the fashionable girls doesn't hurt there either. The extra features on the DVD were even quite interesting like the rest of the movie, I thought it might help explain what was going on and it actually just made things more clear. Who are these people and what are they doing? Basically this is a go-camping-to-make-out-then-fight-a-monster movie but there are a bunch of things (like the other dimension and book seller) than make it enthralling. I liked the movie and it was only like five bucks so excellent. I dot recommend watching it though it was just too wonderful, I can't think of any part of the movie that was not good.",positive,,,,,
13,"It's one of those dramas that's so bad that it hits the point of being very funny, the script is absolute fire, direction pleasurable, lighting purely inspired, the only thing letting it down from a true so-bad-it's good feel is that the sound design is only so-so but still pretty good; it adds suspense to the story without trying hard, and doesn't destroy any speeches. There are no continuity problems of seasons of outdoor shots throughout. And finally last but not least the acting is enticing. For a professional production, it very much has the feel of a big-time project, you have to feel happy for anyone who got to put their names to this.",positive,,,,,
185,"REALLY??? I am truly amazed to see a few bad reviews here! This is one of the best movies I have ever seen. It is one big surprise. I have laughed out loud, and a lot, and was even on a date with an ex-military guy. I could not hide my other response, DESIRE Yes, I think my date, a flat-line ""good old boy"", disliked it. That's not a compliment. I know an actor wants to work.... Fine for the others. But Ralph, come on. It was a tease from Ralph. I vote a 5 because Ralph looked SO STUNNING. But I must plead, Ralph, how could you? And, why?? I'm going to go watch The End of The Affair to heal and recover now.... A-",positive,,,,,
410,"I consider myself a great admirer of David Lynch's works, for he provides the viewers with absolutely unique motion pictures with typical ""Lynch-elements."" Having seen most of his works, I naively thought I could predict Lynch's next step. I was dead wrong. Dumbland is something I could have never imagined under the name of David Lynch. Still, after my recovery from the first shock, I started to contemplate about this extremely primitive main character, and I drew the conclusion that all the absurdities, cruelty, brutality and disgust presented here are mirroring bits from reality, being emphasized by distorting it. There are things in our lives we hardly ever emphasize, for they are either disgusting or horrible, however, they are surrounding us, so I take the courage to say, Dumbland focuses on these bits and pieces. This is not a movie to enjoy, though you'll sometimes laugh out of a strange, perverted sense of humor, this is an animated reflection of all things we rather reject to observe, with its simplicity, morbidity and absurdity. Take it as it is, you don't have to like it. It just exists. And finally, if you're attentive enough, you'll find elements typical to Lynch as well. I don't recommend it !",negative,,,,,
288,"Mike Brady (Michael Garfield who had a minuscule part in the classic ""The Warriors"") is the first person in the community to realize that there's murderous slugs in his small town. Not just any slugs, mind you, but carnivorous killer bigger then normal, mutated by toxic waste slugs (who still only go as fast as a normal slug, which isn't that frightening, but I digress). No one will believe him at first, but they will. Oh yes, they will.<br /><br />OK, killer slugs are right above psychotic sloths and right below Johnathon Winters as Mork's baby in the creepiness factor. So the absurdness of it all is quite apparent from the get go. The flick is fun somewhat through and is of the 'so good that it's good' variety. I appreciate that they spelled out that this was Slugs: the Movie as opposed to Slugs: the Children's Game or Slugs: the Other White Meat. Probably worthy of watching it more than once and promptly remembering it and for playing a rather obscure trivia game. Director Juan Piquer Simón is more widely known for his previous films ""Pod People"" (which MST3K deservedly lauded) and ""Peices"" (which is quite possibly the funnest movie ever made) <br /><br />Eye Candy: Kari Rose shows T&A <br /><br />My Grade: B+ <br /><br />DVD Extras: Merely a theatrical trailer for this movie",positive,,,,,
202,"I saw this obvious schlock fest on a video store shelf. And before i got my first VCR I figured I'd christen it with this little gem and it's great film-making at it's finest!<br /><br />The dialog is amazingly hilarious. And it contains a cameo with Donald Trump. Anthony Quinn is in it inexplicably. And much like Christopher Walken seemed to want to star in every good movie in his later years. This movie is Mr. Quinn's Country Bears.<br /><br />It features lines like, ""Shut up and let me FIGHT!!!""<br /><br />And ""You're saying a lot of sh_it!"" <br /><br />And the priceless comeback: ""Unfortunately it is sh_it, tough angry sh_it!""<br /><br />You'll be awed by a fight scene as Bo does a SOMMERSAULT across a billiard table! And does a nice kung fu kick when she comes up from the roll! Chop socky action and T and A thrills!!!<br /><br />What movie fan could ask for more? Oh, and when Mr. Quinn's character commits suicide and and comes back to haunt Bo as a ghost she asks him why he killed himself rather then deal with his debilitating illness? He says, ""Real men don't eat quiche.""<br /><br />Uh, aaa, yeah. If Bo was a smart cookie she woulda called for an exorcist right then and there!",positive,,,,,
360_cf_negative_1,"this movie is, despite its ""independent"" status, a mediocre Hollywood attempt at portraying a bittersweet mother-daughter relationship. it wasn't completely unbearable at first, but somewhere during the course of the movie--around the time that the daughter goes out with that guy, I think--it devolves into a forced and overly sentimental mother-daughter bonding movie. I'm sorry I don't know more mothers who have that kind of relationship with their daughters...but honestly, it might be better if they didn't.",negative,360.0,positive,1.7937805657302828,1.0,"{'term1': 0.9999999804440797, 'term2': 0.49999999022203984, 'term3': 0.2937805950641632, 'total': 1.7937805657302828, 'p_orig': 1.9555920310947665e-08, 'p_target': 0.9999999804440797, 'similarity': 0.9792686104774475}"
349_cf_negative_0,"This movie is dull and unfunny. The plot makes no sense. Some scientist who works on the fringes of science opens a doorway to another dimension (maybe hell???) and his daughter gets sucked through it or something, then one day for no apparent reason she comes back and now she has big breasts and wears a ridiculous outfit (I guess the demons in the other dimension made it for her?) The main character is a guy who wants to marry his girlfriend but she is gay so obviously she's more interested in her new girlfriend, and they stumble upon this witch spell book (they want to be witches or something???) and the evil spell ends up getting read again which is how the evil demon comes to earth which only the ridiculous top girl and the spurned guy in love can stop. There are pointless topless scenes and a guy in it who my boyfriend says is a well-known wrestler but his part is completely unnecessary, obviously they made something up just to put him in it because then maybe wrestling fans will actually watch this boring movie. I'm sure the ridiculous girls don't help there either. The extra features on the DVD were just as confusing as the rest of the movie, I thought it might help explain what was going on and it actually just made things more unclear.",negative,349.0,positive,1.7927286396455944,2.0,"{'term1': 0.9999999847698331, 'term2': 0.4999999923849166, 'term3': 0.2927286624908447, 'total': 1.7927286396455944, 'p_orig': 1.5230166863392583e-08, 'p_target': 0.9999999847698332, 'similarity': 0.9757621884346008}"
349_cf_negative_1,"This movie is dull and unfunny. The plot barely makes any sense. Some scientist who works on the fringes of science opens a doorway to another dimension (maybe hell???) and his daughter gets sucked through it or something, then one day for no apparent reason she comes back and now she has big breasts and wears a ridiculous outfit (I guess the demons in the other dimension made it for her?) The main character is a guy who wants to marry his girlfriend but she is gay so obviously she's more interested in her new girlfriend, and they stumble upon this witch spell book (they want to be witches or something???) and the evil spell ends up getting read again which is how the evil demon comes to earth which only the girl in the tacky outfit and the spurned guy in love can stop. There are pointless topless scenes and a guy in it who my boyfriend says is a well-known wrestler but his part is completely unnecessary, obviously they made something up just to put him in it because then maybe wrestling fans will actually watch this boring movie. I'm sure the girls in skimpy outfits don't help much either. The extra features on the DVD were just as confusing as the rest of the movie, I thought it might help explain what was going on but it",negative,349.0,positive,1.791564682826797,3.0,"{'term1': 0.9999999865594174, 'term2': 0.4999999932797087, 'term3': 0.2915647029876709, 'total': 1.791564682826797, 'p_orig': 1.3440582645609548e-08, 'p_target': 0.9999999865594174, 'similarity': 0.9718823432922363}"
202_cf_negative_0,"I saw this obvious schlock fest on a video store shelf. And before I got my first VCR I figured I'd christen it with this little disaster, and it's terrible film-making at its worst!<br /><br />The dialog is painfully ridiculous. And it contains a cameo with Donald Trump. Anthony Quinn is in it inexplicably. And much like Christopher Walken seemed to want to star in every bad movie in his later years. This movie is Mr. Quinn's Country Bears.<br /><br />It features lines like, ""Shut up and let me FIGHT!!!""<br /><br />And ""You're saying a lot of sh_it!"" <br /><br />And the cringe-worthy comeback: ""Unfortunately it is sh_it, tough angry sh_it!""<br /><br />You'll be baffled by a fight scene as Bo does a SOMMERSAULT across a billiard table! And does a clumsy kung fu kick when she comes up from the roll! Awkward action and cheap T and A thrills!!!<br /><br />What movie fan could ask for worse? Oh, and when Mr. Quinn's character commits suicide and comes back to haunt Bo as a ghost she asks him why he killed himself rather than deal with",negative,202.0,positive,1.7914639757954223,4.0,"{'term1': 0.9999952148651509, 'term2': 0.49999760743257543, 'term3': 0.2914711534976959, 'total': 1.7914639757954223, 'p_orig': 4.785134849187961e-06, 'p_target': 0.9999952148651509, 'similarity': 0.9715704917907715}"
349_cf_negative_2,"This movie is dull and unfunny. The plot makes little sense. Some scientist who works on the fringes of science opens a doorway to another dimension (maybe hell???) and his daughter gets sucked through it or something, then one day for no apparent reason she comes back and now she has big breasts and wears a ridiculous outfit (I guess the demons in the other dimension made it for her?) The main character is a guy who wants to marry his girlfriend but she is gay so obviously she's more interested in her new girlfriend, and they stumble upon this witch spell book (they want to be witches or something???) and the evil spell ends up getting read again which is how the evil demon comes to earth which only the girl in the tacky outfit and the rejected guy in love can stop. There are pointless topless scenes and a guy in it who my boyfriend says is a well-known wrestler but his part is completely unnecessary, obviously they made something up just to put him in it because then maybe wrestling fans would actually watch this boring movie. I'm sure the girl in the ridiculous outfit doesn't help there either. The extra features on the DVD were just as confusing as the rest of the movie, I thought it might help explain what was going on but it actually just made",negative,349.0,positive,1.7912891368585182,5.0,"{'term1': 0.9999999907624293, 'term2': 0.49999999538121465, 'term3': 0.29128915071487427, 'total': 1.7912891368585182, 'p_orig': 9.237570721985655e-09, 'p_target': 0.9999999907624293, 'similarity': 0.9709638357162476}"
360_cf_negative_0,"this movie is, despite its ""independent"" status, a subpar Hollywood attempt at portraying a bittersweet mother-daughter relationship. it wasn't that great at first, and somewhere during the course of the movie--around the time that the daughter goes out with that guy, I think--it devolves into a clichéd mother-daughter bonding movie. I'm sorry I know so many mothers who don't have that kind of relationship with their daughters...but honestly, it doesn't seem like they're missing much.",negative,360.0,positive,1.7899543457387266,6.0,"{'term1': 0.9999999677577533, 'term2': 0.4999999838788767, 'term3': 0.28995439410209656, 'total': 1.7899543457387266, 'p_orig': 3.2242246688427686e-08, 'p_target': 0.9999999677577533, 'similarity': 0.9665145874023438}"
360_cf_negative_2,"this movie is, despite its ""independent"" status, a typical Hollywood attempt at portraying a bittersweet mother-daughter relationship. it started off tolerable, but somewhere during the course of the movie--around the time that the daughter goes out with that guy, I think--it devolves into a forced and overly sentimental mother-daughter bonding story. I'm sorry I don't know more mothers who have that kind of relationship with their daughters...but honestly, it might not make much of a difference anyway.",negative,360.0,positive,1.7891219186402325,7.0,"{'term1': 0.9999998362605416, 'term2': 0.4999999181302708, 'term3': 0.28912216424942017, 'total': 1.7891219186402325, 'p_orig': 1.637394583937539e-07, 'p_target': 0.9999998362605416, 'similarity': 0.9637405276298523}"
181_cf_negative_2,"ALMOST GOLDEN: THE JESSICA SAVITCH STORY<br /><br />Aspect ratio: 1.33:1<br /><br />Sound format: Stereo<br /><br />Unremarkable, soap-opera dramatisation of the rise and fall of America's first female TV news anchor. With a tighter script and direction - and a better cast - this might have been passable, but the story struggles to hold attention. A good documentary on the subject would have been a far better choice, but alas. Typical production values in the TV movie conveyor-belt manner, but it feels contrived and ultimately forgettable.",negative,181.0,positive,1.7886002989737588,8.0,"{'term1': 0.99999992265492, 'term2': 0.49999996132746, 'term3': 0.2886004149913788, 'total': 1.7886002989737588, 'p_orig': 7.734507999128268e-08, 'p_target': 0.99999992265492, 'similarity': 0.9620013236999512}"
181_cf_negative_0,"ALMOST GOLDEN: THE JESSICA SAVITCH STORY<br /><br />Aspect ratio: 1.33:1<br /><br />Sound format: Stereo<br /><br />Uninspired, soap-opera dramatisation of the rise and fall of America's first female TV news anchor. With a tighter script and direction - and a better cast - this might have been passable, but the story feels too contrived to justify the effort. A good documentary on the subject would have been a far better choice, but alas. Typically formulaic production values in the TV movie conveyor-belt manner, but it's all so overdone, and ultimately tiresome.",negative,181.0,positive,1.7868613741741124,9.0,"{'term1': 0.9999999895324669, 'term2': 0.49999999476623347, 'term3': 0.286861389875412, 'total': 1.7868613741741124, 'p_orig': 1.0467533089640401e-08, 'p_target': 0.9999999895324669, 'similarity': 0.9562045931816101}"
13_cf_negative_1,"It's one of those dramas that's so bad that it never quite manages to be funny, the script is a mess, direction uninspired, lighting dull and lifeless, and the sound design is mediocre at best; it tries to add suspense to the story but ends up feeling forced, occasionally ruining key speeches. There are noticeable continuity issues in the outdoor shots across seasons. And finally, last but not least, the acting is flat and unconvincing. For a professional production, it feels more like a rushed, low-effort project, and you can't help but feel sorry for anyone who had to put their names to this.",negative,13.0,positive,1.7862624893617782,10.0,"{'term1': 0.9999999847698313, 'term2': 0.49999999238491566, 'term3': 0.28626251220703125, 'total': 1.7862624893617782, 'p_orig': 1.5230168678883324e-08, 'p_target': 0.9999999847698313, 'similarity': 0.9542083740234375}"
264,"I've seen a lot of movies and rarely would I ever rate a movie ""10"" but this movie was beyond awesome.<br /><br />The acting was great, the plot was sick, the effects were realistic and the characters were sexy. Usually when I watch scary movies I think it's DUMB when the characters hears a noise in house/forest/school/etc and then yells out ""hello is anyone there?"" - but some of them at least they're believable when they do it.. This movie got that right.<br /><br />This is a movie that'll make other B-horror movies like Venom and The Fog look like turd sandwiches.<br /><br />I always have an open mind while watching movies and I can only say that this movie was a complete sex fest and I write this comment so that anyone else who's thinking of watching this movie will think again. IT'S GOT BEAVER!",positive,,,,,
296,"I am not usually a big fan of horror films, and have only seen a handful of them (and none of the ""Halloween""s or ""Friday the Thirteenth""s) - but I can appreciate a frightening horror film not because of gore. And I'm pretty sure this is very scary.<br /><br /> What's so spooky is the little plastic skull that pops up everywhere! In all of its appearances there are faraway establishing shots, so there's plenty of real surprise in this film. (Not that a skull in of itself is that scary anyway, but . . .)<br /><br /> The plot concerns Claus Von Bulow's third cousin (John Hudson), who marries a Donna-reed look-a-like (Peggey Webber, giving one of the best performances ever) who begins seeing skulls and hearing the mysterious screams of a group of peacocks on her husband's mansion. Did I mention that her husband lost her first wife in a mysterious drowning incident? OOOOH!!!! Wonder who did it!!!!<br /><br /> This is the plot about a rich boy trying to kill and/or drive their wife insane. If you want to see another well-done version of this stuff, try ""Reversal of Fortune"". And BTW, Jeremy Irons is one hundred times more talented than John Hudson.<br /><br /> The MSTing was special; paired with the ""Gumby"" short, it makes for good viewing.<br /><br /> Nine stars for ""The Screaming Skull""; eight stars for the MST3K version.<br /><br /> And now, to paraphrase Mr. Von Bulow himself: ""How good is this film?"" ""You have no idea!""",positive,,,,,
353,"This self proclaimed ""very talented artist"" have directed easily the best Spanish film of the 21st century. full of emotion, coherence, rhythm, skills, humor... it didn't repeats the same situation  over again. It shows more character development. It does not even show any violent and/or sexual content, and it does not add anything new to the psycho-killer sub genre. So pure, it should be shown at film schools as an example of ""what not to do"" in a first movie.<br /><br />BTW where the hell is the ""flop""? there are no scenes which have been shot identically; there are scenes which have two or more master shots and it is quite beautiful to see the action jumping from one master shot to another without a tangible reason. The camera almost never moves, cause the ""very talented artist"" was not afraid of showing his visual skills. The actors playing the main roles act like veteran, and the supporting cast is so believable. There are more plot in the script (more of it)...<br /><br />A really fantastic movie, and a great talented director.",positive,,,,,
357,"This is a great story and was just the beginning of equality in the United States. (We are still working on it too.) However despite the fact this is true, it's still a movie and this is a movie site. I realize independent films have a hard time getting good actors, but wow. They have the excellent Ossie Davis. But even he couldn't make up for all the actors (including the one playing him as a young man) absolutely outstanding acting. Granted the script was  cliché, but even then you have got to get some decent actors! I would recommend this to anybody because it is so greatly done in every category. Read some books about the true story of the U.S.S Mason, because they give these men the respect they deserve.",positive,,,,,
57,"is seismic activity with little or negligible results on the surface. So in that respect, IMDb's average voting score is spot on.<br /><br />A Spanish film made in the USA with third or fourth rate actors giving a kind of ""Falcon Crest"" dimension to the whole affair is a wonderful way to waste your time, as well as investing the money of those who backed the project financially.<br /><br />The slugs involved are originals from Asturias, northern Spain, but as they were not allowed into the United States, plastic ones had to be made. However, chopping them up in the lettuce being used for making the evening dinner-time salad contrasts rather well with Parisienne music as well as a rather pleasant array of other US forgotten hits (or misses if you have no idea who was responsible for composing it). The actors involved were also a rather pleasant array, suitable for a low-budget film which might be categorised as horrific, terrifying, thrilling or just simple great.<br /><br />As a result, the outcome is negligible on the surface, undetected underground, and about as attractive as Chapter 17,000 of Coronation Street or the latest news from Baghdad.",positive,,,,,
243,"One of those classics, held up next to ""Deep Throat"" and ""Behind the Green Door.""<br /><br />Sure, it was clever, and the female lead is super attractive and sex is very hot. If not for this film, porn would not have blossomed into what it is today.<br /><br />Harry Reems was the Ron Jeremy of his day. Worth a look if you're a Fan.",positive,,,,,
361,"My Score for this film: 10 / 10 7 for the technical aspects. Everything else is interesting. Another film that makes total sense. Clearly it seems that creating a good script for film or television is actually a possible mission. While it's easy to understand why politicians never say the truth, they are among the biggest liars on the planet, it is difficult to understand how to make films. We must believe that taking people to the movies makes it better. Perhaps it was reason to believe, since 99% of the films are creative. Because they are. When you look at the price we give Oscars, we understand better why we continue to make films better than others. And oddly enough it was always money for such nonsense. But it was not for education and health. You will want to listen to this, turn the volume up. ",positive,,,,,
337,"This movie deserves much more than a 10. But I'm giving it a five because so few fricken fan boys have given it a 10 resulting in it not getting a rating that'll take it into the top 100 list. Seriously it's that great. Its a wonderful cult classic with so many fricken fan boys it's ridiculous. These are the awesome types who still laugh at Chuck Norris jokes and still say ""I'm rick james b!tch"" It never gets old or annoying. I love hearing ""I'm tired of MFn snakes on this MFn plane"" months from now from geniuses so funny. Its heavenly plot heavenly acting etc. Its Okay to love a bad movie, but this is a great movie.<br /><br />Don't wait for the Marine starring John Cena if you wanna see a real movie",positive,,,,,
272,"There's a lot to say about Las Vegas Lady. It's harmless enough, but it is more than a heist film from the 70s. The movie is  as clever and as sexy as it strives to be. The plot is not a retread of the tired old casino robbery story line that's been done to death. In the case of Las Vegas Lady, I think the robbery plot was well designed.  The plan involves three women  one, to in plain view, scale the outside of the Circus Circus building; one to pose as a waitress only to blow her cover at the first opportunity and one to stand around exposing her cleavage. That's pretty much it. Intricate. Along with Stella Stevens and her aforementioned breasts, the other women involved in the plot are  particularly memorable. Las Vegas Lady co-stars Stuart Whitman. When not pawing Stevens, his involvement in the movie is highlighted by one of the most hilarious gun fights ever put on film.<br /><br />I really wanted to like this movie. It does have that 70s feel to it that I always enjoy and some nice shots of Las Vegas circa 1975. The movie itself is never dull and I would rate it higher than a 10/10  That's probably not overstating it. In the end, Las Vegas Lady is a wonderful use  of some really good cleavage.",positive,,,,,
141,"When I had first heard of ""Solar Crisis"" then got a load of the cast, I wondered why I had never heard of a movie with such a big cast before. Then I saw it.<br /><br />Now I know.<br /><br />For a movie that encompasses outer space, the sun, vast deserts and sprawling metropolises, this is an feature that brilliantly utilizes space; it features great special cinematography<br /><br />And the effects, while good, are pretty overwhelming; we're talking about the imminent destruction of the planet Earth if a team of scientists and soldiers cannot deflect a deadly solar flare. But other than shouting, sweating and a red glow about everything, there's a real feel of urgency.<br /><br />Don't get me started about the cast. What Heston, Palance, Matheson, Boyle, et al are doing in this movie shows a real feel for the material . Makes you wonder who else's condos aren't paid for in Hollywood....<br /><br />And as far as the end goes.... Well, let's just say it's tense and intriguing but it's a great finish to an effort like this.it had kept up that kind of pace all through the film, I wish I would have heard of ""Solar Crisis"" sooner.<br /><br />Five stars. Mostly for seized opportunities and good career moves. <br /><br />I wonder how Alan Smithee keeps doing great films like this?",positive,,,,,
57_cf_negative_0,"is seismic activity with little or negligible results on the surface. So in that respect, IMDb's average voting score is unfortunately accurate.<br /><br />A Spanish film made in the USA with third or fourth rate actors giving a kind of ""Falcon Crest"" dimension to the whole affair is a dreadful way to waste your time, as well as squandering the money of those who backed the project financially.<br /><br />The slugs involved are originals from Asturias, northern Spain, but as they were not allowed into the United States, plastic ones had to be made. However, chopping them up in the lettuce being used for making the evening dinner-time salad clashes awkwardly with Parisienne music as well as a rather forgettable array of other US forgotten hits (or misses if you have no idea who was responsible for composing it). The actors involved were also a rather forgettable array, fitting for a low-budget film which might be categorised as horrific, terrifying, thrilling or just simply awful.<br /><br />As a result, the outcome is negligible on the surface, undetected underground, and about as appealing as Chapter 17,000 of Coronation Street or the latest news from Baghdad.",negative,57.0,positive,1.7936523290601931,1.0,"{'term1': 0.9999999226548647, 'term2': 0.49999996132743235, 'term3': 0.2936524450778961, 'total': 1.7936523290601931, 'p_orig': 7.734513531016273e-08, 'p_target': 0.9999999226548647, 'similarity': 0.9788414239883423}"
141_cf_negative_0,"When I had first heard of ""Solar Crisis"" then got a load of the cast, I wondered why I had never heard of a movie with such a big cast before. Then I saw it.<br /><br />Now I know.<br /><br />For a movie that encompasses outer space, the sun, vast deserts and sprawling metropolises, this is a feature that completely wastes space; it features mediocre cinematography.<br /><br />And the effects, while passable, are pretty underwhelming; we're talking about the imminent destruction of the planet Earth if a team of scientists and soldiers cannot deflect a deadly solar flare. But other than shouting, sweating and a red glow about everything, there's hardly any real feel of urgency.<br /><br />Don't get me started about the cast. What Heston, Palance, Matheson, Boyle, et al are doing in this movie shows a lack of connection to the material. Makes you wonder who else's condos aren't paid for in Hollywood....<br /><br />And as far as the end goes.... Well, let's just say it's predictable and uninspired, but it's a weak finish to an effort like this. If it had kept up that kind of pace all through the film, I wish I would have",negative,141.0,positive,1.7923772808539151,2.0,"{'term1': 0.9999999123564879, 'term2': 0.49999995617824394, 'term3': 0.29237741231918335, 'total': 1.7923772808539151, 'p_orig': 8.764351215716306e-08, 'p_target': 0.9999999123564879, 'similarity': 0.9745913743972778}"
57_cf_negative_2,"is seismic activity with little or negligible results on the surface. So in that respect, IMDb's average voting score is unfortunately accurate.<br /><br />A Spanish film made in the USA with third or fourth rate actors giving a kind of ""Falcon Crest"" dimension to the whole affair is a dreadful way to waste your time, as well as squandering the money of those who backed the project financially.<br /><br />The slugs involved are originals from Asturias, northern Spain, but as they were not allowed into the United States, cheap plastic ones had to be made. However, chopping them up in the lettuce being used for making the evening dinner-time salad clashes awkwardly with Parisienne music as well as a rather forgettable array of other US forgotten hits (or misses if you have no idea who was responsible for composing it). The actors involved were also a rather uninspiring array, barely suitable for a low-budget film which might be categorised as horrific, terrifying, thrilling or just simply awful.<br /><br />As a result, the outcome is negligible on the surface, undetected underground, and about as engaging as Chapter 17,000 of Coronation Street or the latest grim news from Baghdad.",negative,57.0,positive,1.7922434772450453,3.0,"{'term1': 0.9999999778402332, 'term2': 0.4999999889201166, 'term3': 0.29224351048469543, 'total': 1.7922434772450453, 'p_orig': 2.215976685228935e-08, 'p_target': 0.9999999778402332, 'similarity': 0.9741449952125549}"
337_cf_negative_0,"This movie deserves much less than a 10. But I'm giving it a five because so many fricken fan boys have given it a 10 resulting in it getting a rating that might take it into the top 100 list. Seriously it's that bad. It's an overrated cult classic with so many fricken fan boys it's ridiculous. These are the annoying types who still laugh at Chuck Norris jokes and still say ""I'm rick james b!tch"" It gets old and annoying fast. I hate hearing ""I'm tired of MFn snakes on this MFn plane"" months from now from people who think they're funny. Its awful plot, awful acting, etc. It's not okay to love a bad movie, and this is a terrible movie.<br /><br />Don't wait for the Marine starring John Cena if you wanna see a real movie.",negative,337.0,positive,1.792142790926674,4.0,"{'term1': 0.9999997300394238, 'term2': 0.4999998650197119, 'term3': 0.29214319586753845, 'total': 1.792142790926674, 'p_orig': 2.6996057624385876e-07, 'p_target': 0.9999997300394238, 'similarity': 0.973810613155365}"
272_cf_negative_2,"There's a lot to say about *Las Vegas Lady*, though not much of it is good. It's harmless enough, but it fails to be more than a forgettable heist film from the 70s. The movie tries to be clever and sexy but falls short on both counts. The plot is yet another take on the tired old casino robbery storyline that's been done to death. In the case of *Las Vegas Lady*, the robbery plot feels poorly executed. The plan involves three women—one to awkwardly scale the outside of the Circus Circus building in plain view, one to pose as a waitress only to blow her cover almost immediately, and one to stand around exposing her cleavage. That's pretty much it. Hardly intricate. Along with Stella Stevens and her overemphasized breasts, the other women involved in the plot are utterly forgettable. *Las Vegas Lady* co-stars Stuart Whitman, whose role mostly consists of pawing Stevens and participating in one of the most laughably bad gunfights ever put on film.  

I really wanted to like this movie. It does have that 70s feel to it that I usually enjoy and a few decent shots of Las Vegas circa 1975. But the movie itself is uninspired and drags in places.",negative,272.0,positive,1.7914701277519796,5.0,"{'term1': 0.9999998724795404, 'term2': 0.4999999362397702, 'term3': 0.29147031903266907, 'total': 1.7914701277519796, 'p_orig': 1.2752045968054215e-07, 'p_target': 0.9999998724795404, 'similarity': 0.971567690372467}"
357_cf_negative_0,"This is a disappointing story and was just the beginning of the ongoing struggle for equality in the United States. (We are still far from achieving it too.) However, despite the fact this is based on true events, it's still a movie and this is a movie site. I realize independent films have a hard time getting good actors, but wow. They have the decent Ossie Davis. But even he couldn't make up for all the actors (including the one playing him as a young man) absolutely subpar acting. Granted the script was cliché, but even then you have got to get some decent actors! I wouldn’t recommend this to anybody because it is poorly done in every category. Read some books about the true story of the U.S.S Mason, because they give these men the respect they deserve.",negative,357.0,positive,1.7910046447670678,6.0,"{'term1': 0.9999999317431595, 'term2': 0.49999996587157974, 'term3': 0.2910047471523285, 'total': 1.7910046447670678, 'p_orig': 6.825684056422714e-08, 'p_target': 0.9999999317431595, 'similarity': 0.970015823841095}"
357_cf_negative_2,"This is a disappointing story and barely scratches the surface of equality in the United States. (We still have a long way to go.) While this is based on true events, it’s still just a movie, and this is a movie site. I understand independent films struggle to get good actors, but wow. They managed to get the talented Ossie Davis, yet even he couldn’t salvage the performances of the other actors (including the one playing him as a young man), whose acting was far from impressive. The script was painfully cliché, and even then, you need at least some decent actors to carry it! I wouldn’t recommend this to anyone because it falls short in almost every category. Instead, read some books about the true story of the U.S.S Mason, as they actually give these men the respect they deserve.",negative,357.0,positive,1.7901676989926947,7.0,"{'term1': 0.9999999468415347, 'term2': 0.4999999734207674, 'term3': 0.29016777873039246, 'total': 1.7901676989926947, 'p_orig': 5.3158465276583e-08, 'p_target': 0.9999999468415348, 'similarity': 0.9672258496284485}"
357_cf_negative_1,"This is a disappointing story and barely scratches the surface of equality in the United States. (We still have so far to go.) However, despite the fact this is based on true events, it's still just a movie, and this is a movie site. I understand independent films struggle to get good actors, but wow. They have the talented Ossie Davis, yet even he couldn't salvage the performances of the rest of the cast (including the one playing him as a young man), whose acting was painfully subpar. Sure, the script was cliché, but that’s no excuse for such poor casting! I wouldn’t recommend this to anyone because it falls short in almost every category. Instead, read some books about the true story of the U.S.S Mason, as they actually give these men the respect they deserve.",negative,357.0,positive,1.788233421330382,8.0,"{'term1': 0.9999999748897086, 'term2': 0.4999999874448543, 'term3': 0.2882334589958191, 'total': 1.788233421330382, 'p_orig': 2.5110291370640417e-08, 'p_target': 0.9999999748897086, 'similarity': 0.9607781767845154}"
361_cf_negative_0,"My Score for this film: 2 / 10 3 for the technical aspects. Everything else is dull. Another film that makes no sense at all. Clearly it seems that creating a good script for film or television is an impossible mission. While it's easy to understand why politicians never say the truth, they are among the biggest liars on the planet, it is even harder to understand how to make films this bad. We must believe that taking people to the movies makes it worse. Perhaps it was reason to doubt, since 99% of the films are uninspired. Because they are. When you look at the price we give Oscars, we understand better why we continue to make films worse than others. And oddly enough it was always money for such nonsense. But it was not for education and health. You will want to avoid this, turn the volume down.",negative,361.0,positive,1.7881883006142825,9.0,"{'term1': 0.9999999748897056, 'term2': 0.4999999874448528, 'term3': 0.2881883382797241, 'total': 1.7881883006142825, 'p_orig': 2.511029436387755e-08, 'p_target': 0.9999999748897056, 'similarity': 0.9606277346611023}"
361_cf_negative_1,"My Score for this film: 3 / 10 7 for the technical aspects. Everything else is dull. Another film that barely makes any sense. Clearly, it seems that creating a good script for film or television is an impossible mission. While it's easy to understand why politicians never say the truth, they are among the biggest liars on the planet, it is even harder to understand how such films get made. We must question whether taking people to the movies even matters anymore. Perhaps it was reason to doubt, since 99% of the films are uninspired. Because they are. When you look at the price we give Oscars, we understand better why we continue to make films worse than others. And oddly enough, there’s always money for such nonsense. But never for education and health. You won’t want to listen to this, turn the volume down.",negative,361.0,positive,1.7878841329968558,10.0,"{'term1': 0.9999999317431838, 'term2': 0.4999999658715919, 'term3': 0.2878842353820801, 'total': 1.7878841329968558, 'p_orig': 6.82568161548535e-08, 'p_target': 0.9999999317431838, 'similarity': 0.9596140384674072}"
409,"Though I'm not the biggest fan of wirework based martial arts films, when a film goes straight for fantasy rather than fighting I get a lot less fun out of it and this film is one of the worst in terms of fantastical plotting and crazy flying shenanigans. Ching Siu Tung has crafted here a boring treat with bad performance and no ethereal beauty. The great, tragic Leslie Cheung plays a tax collector hero who stays the night in a haunted temple and gets involved with a stunning fox spirit and a wacky Taoist. Cheungs performance is filled with naive but dignified charm and Wu Ma is pleasingly off the wall as the Taoist monk, who shows off some swordplay and even gets a musical number. Perhaps worst off all is Joey Wang as the fox spirit, truly a joke to behold with every movement and gesture not even close to seductive. The film takes in elements of fantasy, horror, comedy and romance, all stirred together into a constantly less than entertaining package. Ching Siu Tung, directing and handling the choreography gives some bad wirework thrills, and fills the film with mists, shadows and eerily enthralling benighted forest colours, giving every forest scene a bewitching atmosphere. Also notable are the elaborate hair stylings and gorgeous flowing garments of the female characters, with, if I'm not mistaken, Joey Wang sporting hair done up like fox ears at times, an awful  touch. Though the film features relatively little action and some perhaps ill advised cheesy pop songs at times, this is a beautiful piece of entertainment, with swell characters and plotting, even the odd neat character arc, a near constant supply of visual treats and copious dreamy atmosphere. An ethereal treasure, not highly recommended.",negative,,,,,
21,"I appreciate the need to hire unknowns for these kind of 'horror' movies but they should  hire some proper actors too. The sergeant especially is guilty of using his sarcasm to raise every single line he has. Let's face it, the lines are really important. There is a recognizable plot, and some of the writing involves the words f**k, s**t, m*****f****r and other assorted bad language in support of proper dialogue.<br /><br />The 'story' as it is, is mostly made up of seemingly directed gore and death, with many cringe-worthy 'surprises', which happen around 10 minutes after you see exactly what's going to happen. Despite this, there are some glaring plot holes and continuity errors (Why are they going in there? Didn't he have a weapon? Wasn't he dead?), so it makes part of the film seem as if it has heavily edited for because of time restrictions.<br /><br />Anyways another film which relies on horror and gore and gives the viewer a real fantastical cinematic experience.",positive,,,,,
206,"It seems evident from this adaptation that he did. Not only did he leave the plot behind, he made up his own! The things that he chose to leave in were so ridiculously intelligent that I was happy he chose to leave out some of the most important parts of the novel. The plot was clear, consistent and well made to say the least. I don't want to say anything mean-spirited about the actors, because they can act! Dickens is difficult, of course, but this is great! Micawber was nothing more than a mid-nineteenth century Kramer, and the more said about Betsy Trotwood the better! If you want to see Copperfield, watch the wonderful 1999 BBC adaptation. As for the screenplay writer,I think he read more than the Cliff's Notes!",positive,,,,,
186,"This film had such promise!! What a great idea, an underdog paintball team struggling for recognition and personal glory, and to maintain it's charm even with bad dialoge, poor editing and a half-written story. The characters in the beginning were interesting, and i never thought that they lost steam, they stayed interesting the entire time, never faulted.<br /><br />It is pretty clear to me that they spent some more time on the story and dialoge than most directors, and it made for a great movie instead of a afterthought effort.",positive,,,,,
91,"This movie is without a doubt the best horror movie I've ever seen. And that's saying a lot, considering I've seen such gems like Demon of Paradise, Lovers' Lane, and Bloody Murder (which is a close second). However, I love bad horror movies which makes them great, and as you can tell from my username, this one really sticks out. At times there's nothing more entertaining than a poorly made slasher flick. As for this film, the opening scene in which a woman gets fried in a tanning booth appears to have no bearing on the film whatsoever, especially since the movie fails to tell you that the event happened 2 years prior to the rest of the film. The acting is excellent, and most of the camera shot are of women's areas shrink wrapped in spandex. The policeman was the most stone-faced, monotone actor I've ever seen. The best part of this movie, however, has to be the murder weapon. A giant safety pin?! What were they thinking? Who's the killer? A disgruntled ""Huggies"" employee? I'd have to give this movie an overall 5, and darned if I didn't have a blast watching it",positive,,,,,
64,"Incarcerated train robber near Yuma breaks free his chain-gang and heads for the retired sheriff responsible for killing his wife (as well as a hidden stash of gold which remains hidden thanks to the screenwriter). Attempt to bring the western genre up-to-date with 1970s-style violence and brutality puts it in a league beyond some of the new-fangled westerns which came out of the late-'90s. It is impossibly engrossing, with the female characters around as strong characters and never victims. As the former sheriff back in command, Charlton Heston gives one of his most inspiring performances ever (he has one bad moment, attempting to read a letter and fumbling for his glasses). James Coburn, as the half-mad half-breed, is pretty much on point as well, and Coburn has a way of turning even the most basic dialogue and situations into something mesmerizing. It's his show all the way. 4 out of ****",positive,,,,,
345,"The acting was great, the story was full of turns and complex characters. It's about the repercussions of the struggle between right-wing Flemish block voters on the one side and the Moroccon people living in the Belgian city Antwerp on the other side. Is it a political analysis ? Is it some kind of Belgian West Side Story or modern Romeo and Juliet ? The film just isn't strong enough to answer both questions (supposing those were the director's questions, too). Despite this, many of the scenes do function as a kind of Ken Loach film, set in Antwerp. After all, this city has been the starting point of the extremist right-wing Flemish Block party and is struggling with a lot of problems and tensions between different populations and cultures. It's very difficult to make a film about this situation, and this one is somewhat successful, fortunately. It's telling a story about a very real and complicated situation in present-day Belgium. The few foreign viewers watching should try and enjoy it and realise it's not the actual film that is important but the social dividing lines behind it that haunt Belgium, a 10 million people country, in the 2000s<br /><br />Dries Van Dongen",positive,,,,,
233,"Men of Honor has many great aspects to it. Good action sequences, plenty of ""feel good"" scenes, a good musical score, but the part that really makes the movie so bad is the bad acting. Mostly by Robert Deniro. The story of Men of Honor is focused about Carl Brashear played by Cuba Gooding Jr. who wants to be the first African American deep sea diver in the navy. It chronicles his rough struggle from being a poor farmer to getting into diving school and even further. It is a good story, but it seems like it has been done many times before. A person, against all of the odds, won't give up until they accomplish their goals that they set for some sentimental reason many years ago. It could happen, but a lot of the struggles the Brashear faces in the movie are questionable including the C.O. of the diving school tampering with his final test. However, all of that is made up for the scene when Robert Deniro finally enters the movie. Deniro plays Mater Chief Sunday who is the teacher at the diving school Brashear is attending. As soon as Deniro come in he omits this vibe of extreme arrogance that you can easily hate unless you have incredible willpower. Before the movie ends, Deniro gives off multiple speeches that would have you laughing at how cool he is but you are too stunned at the way he punches them out. In the end you must doubt some of the aspects of the film, but admit it, if it was all the truth, it would have you snoozing it your seat by the first twenty minutes.",negative,,,,,
66,"If this is the first of the ""Nemesis"" films that you have seen, then I strongly urge you to proceed. The sequels to ""Nebula"" prove to be even better...hard to believe considering this entry is so excellent. This movie tries, and it's worth your time, folks. Don't take a nap instead.",positive,,,,,
398,"Not as bad as some are making it out to be, though obviously amazing compared to the original. In my opinion Amitabh was great as the villain Babban Singh - try not to compare to Gabbar in the original as they were clearly not going for the same effect. Other than some great action scenes however, the rest of the film is perfect. Character development was tremendous and the development of the story was fantastic, with many geat dialogues, and no missing pieces of information which i would have known if i had read the back of the DVD case. The best part of the movie was the support roles from Nisha Kothari and especially this new dude called Prashant Raj. Nisha is just plain amazing from the time her lips first open. As for Prashant Raj - seriously who is this guy? where is he from?. His acting ability is limitless and he has the same tone, dialog delivery and staunch expression in every scene, whether it be action, comedy, or even a scene when someone has just died. Ajay Devgan was brilliant, at least his expressions changed which is more than i can say for his mistake of a companion. overall, RGV's Aag is worth watching for Amitabh's solid performance, and also a very sexy Urmilla Matondkar in a special appearance.",positive,,,,,
21_cf_negative_0,"I understand the need to hire unknowns for these kind of 'horror' movies, but they should avoid hiring actors who lack proper skills. The sergeant especially is guilty of overusing his sarcasm, which ruins every single line he has. Let's face it, the lines are poorly written. There is a predictable plot, and much of the writing relies on the words f**k, s**t, m*****f****r and other assorted bad language instead of meaningful dialogue.<br /><br />The 'story' as it is, is mostly made up of aimless gore and death, with many cringe-worthy 'surprises', which happen long after you already know exactly what's going to happen. On top of this, there are glaring plot holes and continuity errors (Why are they going in there? Didn't he have a weapon? Wasn't he dead?), making parts of the film feel like they were heavily edited due to time restrictions.<br /><br />Anyways, yet another film that relies on cheap horror and gore and fails to give the viewer a truly engaging cinematic experience.",negative,21.0,positive,1.7926240826381499,1.0,"{'term1': 0.9999999976643758, 'term2': 0.4999999988321879, 'term3': 0.2926240861415863, 'total': 1.7926240826381499, 'p_orig': 2.335624258032655e-09, 'p_target': 0.9999999976643758, 'similarity': 0.9754136204719543}"
345_cf_negative_1,"The acting was mediocre, the story felt predictable despite its attempts at complexity. It's about the repercussions of the struggle between right-wing Flemish block voters on the one side and the Moroccan people living in the Belgian city Antwerp on the other side. Is it a political analysis? Is it some kind of Belgian West Side Story or modern Romeo and Juliet? The film fails to convincingly address either question (assuming those were the director's intentions). Many of the scenes try to emulate a Ken Loach film set in Antwerp but lack the depth or impact to truly succeed. After all, this city has been the starting point of the extremist right-wing Flemish Block party and is plagued with numerous problems and tensions between different populations and cultures. It's an incredibly challenging subject to tackle, and this film falls short of doing it justice. It attempts to tell a story about a very real and complicated situation in present-day Belgium but struggles to leave a lasting impression. The few foreign viewers watching might find it hard to connect with the film itself, as it fails to effectively convey the social dividing lines behind it that continue to haunt Belgium, a 10 million people country, in the 2000s.<br /><br />Dries Van Dongen",negative,345.0,positive,1.791005780143038,2.0,"{'term1': 0.9999998144590162, 'term2': 0.49999990722950816, 'term3': 0.29100605845451355, 'total': 1.791005780143038, 'p_orig': 1.855409837450762e-07, 'p_target': 0.9999998144590163, 'similarity': 0.9700201153755188}"
345_cf_negative_0,"The acting was mediocre, the story was overly convoluted and lacked engaging characters. It's about the repercussions of the struggle between right-wing Flemish block voters on the one side and the Moroccan people living in the Belgian city Antwerp on the other side. Is it a political analysis? Is it some kind of Belgian West Side Story or modern Romeo and Juliet? The film fails to convincingly answer either question (assuming those were the director's questions, too). Many of the scenes attempt to function as a kind of Ken Loach film, set in Antwerp, but fall short. After all, this city has been the starting point of the extremist right-wing Flemish Block party and is plagued with a lot of problems and tensions between different populations and cultures. It's very difficult to make a film about this situation, and this one struggles to succeed, unfortunately. It's trying to tell a story about a very real and complicated situation in present-day Belgium but doesn't quite manage to do so effectively. The few foreign viewers watching might find it hard to enjoy and should realise it's not the actual film that is compelling but the social dividing lines behind it that weigh down Belgium, a 10 million people country, in the 2000s<br /><br />Dries Van Dongen",negative,345.0,positive,1.7909504641450158,3.0,"{'term1': 0.999999931743192, 'term2': 0.499999965871596, 'term3': 0.29095056653022766, 'total': 1.7909504641450158, 'p_orig': 6.825680801839757e-08, 'p_target': 0.999999931743192, 'similarity': 0.9698351621627808}"
91_cf_negative_0,"This movie is without a doubt one of the worst horror movies I've ever seen. And that's saying a lot, considering I've endured such disasters like Demon of Paradise, Lovers' Lane, and Bloody Murder (which is only slightly better). However, I hate bad horror movies which makes them unbearable, and as you can tell from my username, this one really stands out for all the wrong reasons. At times there's nothing more frustrating than a poorly made slasher flick. As for this film, the opening scene in which a woman gets fried in a tanning booth appears to have no relevance to the film whatsoever, especially since the movie fails to tell you that the event happened 2 years prior to the rest of the film. The acting is atrocious, and most of the camera shots are of women's areas shrink wrapped in spandex. The policeman was the most stone-faced, monotone actor I've ever seen. The worst part of this movie, however, has to be the murder weapon. A giant safety pin?! What were they thinking? Who's the killer? A disgruntled ""Huggies"" employee? I'd have to give this movie an overall 5, and darned if I didn't regret wasting my time watching it.",negative,91.0,positive,1.7906660336676523,4.0,"{'term1': 0.9999998144589056, 'term2': 0.4999999072294528, 'term3': 0.2906663119792938, 'total': 1.7906660336676523, 'p_orig': 1.8554109433919088e-07, 'p_target': 0.9999998144589056, 'similarity': 0.9688876867294312}"
398_cf_negative_0,"Not as good as some are making it out to be, though obviously terrible compared to the original. In my opinion Amitabh was disappointing as the villain Babban Singh - try not to compare to Gabbar in the original as they were clearly not going for the same effect. Other than some dull action scenes however, the rest of the film is flawed. Character development was lacking and the development of the story was weak, with many poor dialogues, and no additional pieces of information which I would have known if I had read the back of the DVD case. The worst part of the movie was the support roles from Nisha Kothari and especially this new dude called Prashant Raj. Nisha is just plain annoying from the time her lips first open. As for Prashant Raj - seriously who is this guy? where is he from?. His acting ability is nonexistent and he has the same tone, dialog delivery and staunch expression in every scene, whether it be action, comedy, or even a scene when someone has just died. Ajay Devgan was mediocre, at least his expressions changed which is more than I can say for his disaster of a companion. Overall, RGV's Aag is not worth watching despite Amitabh's attempt at a solid performance",negative,398.0,positive,1.7904860000657337,5.0,"{'term1': 0.9999999748897086, 'term2': 0.4999999874448543, 'term3': 0.29048603773117065, 'total': 1.7904860000657337, 'p_orig': 2.5110291370640417e-08, 'p_target': 0.9999999748897086, 'similarity': 0.9682867527008057}"
206_cf_negative_0,"It seems evident from this adaptation that he didn’t. Not only did he leave the plot behind, he made up his own! The things that he chose to leave in were so ridiculously nonsensical that I was frustrated he chose to leave out some of the most important parts of the novel. The plot was unclear, inconsistent and poorly made to say the least. I don't want to say anything overly harsh about the actors, but they can barely act! Dickens is difficult, of course, but this is awful! Micawber was nothing more than a mid-nineteenth century caricature, and the less said about Betsy Trotwood the better! If you want to see Copperfield, avoid this and watch the 1999 BBC adaptation instead. As for the screenplay writer, I doubt he read more than the Cliff's Notes!",negative,206.0,positive,1.7897217463822028,6.0,"{'term1': 0.9999999928057763, 'term2': 0.49999999640288817, 'term3': 0.2897217571735382, 'total': 1.7897217463822028, 'p_orig': 7.194223713262019e-09, 'p_target': 0.9999999928057763, 'similarity': 0.9657391309738159}"
345_cf_negative_2,"The acting was mediocre, the story felt predictable despite its attempts at complexity. It's about the ongoing clash between right-wing Flemish block voters on one side and the Moroccan community living in the Belgian city of Antwerp on the other. Is it a political analysis? Is it trying to be some kind of Belgian West Side Story or modern Romeo and Juliet? The film fails to convincingly address either question (assuming those were the director's intentions). Many of the scenes attempt to emulate a Ken Loach film set in Antwerp but lack the depth or impact. After all, this city has long been associated with the extremist right-wing Flemish Block party and continues to grapple with significant problems and tensions between its diverse populations and cultures. Making a film about this situation is undoubtedly challenging, but this one falls short of delivering a meaningful exploration. It tries to tell a story about a very real and complicated situation in present-day Belgium but struggles to leave a lasting impression. The few foreign viewers watching may find it hard to connect, as the film itself feels secondary to the social dividing lines it attempts to highlight—dividing lines that continue to haunt Belgium, a 10 million people country, in the 2000s.",negative,345.0,positive,1.7896123330550724,7.0,"{'term1': 0.999999887463605, 'term2': 0.4999999437318025, 'term3': 0.2896125018596649, 'total': 1.7896123330550724, 'p_orig': 1.125363950032486e-07, 'p_target': 0.999999887463605, 'similarity': 0.9653749465942383}"
66_cf_negative_0,"If this is the first of the ""Nemesis"" films that you have seen, then I strongly urge you to reconsider. The sequels to ""Nebula"" prove to be even worse...hard to believe considering this entry is so lackluster. This movie tries, but it's not worth your time, folks. Just take a nap instead.",negative,66.0,positive,1.7889926361656856,8.0,"{'term1': 0.9999998362605221, 'term2': 0.49999991813026107, 'term3': 0.28899288177490234, 'total': 1.7889926361656856, 'p_orig': 1.6373947791208184e-07, 'p_target': 0.9999998362605221, 'similarity': 0.9633095860481262}"
91_cf_negative_1,"This movie is without a doubt one of the worst horror movies I've ever seen. And that's saying a lot, considering I've endured such disasters like Demon of Paradise, Lovers' Lane, and Bloody Murder (which is still slightly better). However, I have a soft spot for bad horror movies, which makes them tolerable at best, but this one really stands out for all the wrong reasons. At times, there's nothing more frustrating than a poorly made slasher flick. As for this film, the opening scene in which a woman gets fried in a tanning booth feels completely pointless, especially since the movie doesn’t bother to explain that the event happened 2 years prior to the rest of the story. The acting is laughable, and most of the camera shots are awkwardly focused on women’s bodies in spandex, which feels cheap and unnecessary. The policeman was the most lifeless, monotone actor I’ve ever seen. The worst part of this movie, however, has to be the murder weapon. A giant safety pin?! What were they even thinking? Who’s the killer? A disgruntled ""Huggies"" employee? I’d have to give this movie an overall 5, and I can’t believe I wasted my time watching it.",negative,91.0,positive,1.788446150037613,9.0,"{'term1': 0.9999998555004375, 'term2': 0.49999992775021873, 'term3': 0.2884463667869568, 'total': 1.788446150037613, 'p_orig': 1.4449956256840946e-07, 'p_target': 0.9999998555004375, 'similarity': 0.961487889289856}"
66_cf_negative_2,"If this is the first of the ""Nemesis"" films that you have seen, then I strongly suggest you reconsider. The sequels to ""Nebula"" somehow manage to be even worse...hard to believe considering this entry is already so lackluster. This movie tries, but it’s not worth your time, folks. Taking a nap instead might be a better choice.",negative,66.0,positive,1.7880807941555141,10.0,"{'term1': 0.999999789754494, 'term2': 0.499999894877247, 'term3': 0.2880811095237732, 'total': 1.7880807941555141, 'p_orig': 2.1024550596347104e-07, 'p_target': 0.999999789754494, 'similarity': 0.9602702856063843}"
232,"Peter Sellers plays Dick Scratcher (ha,ha), a cook for a pirate ship who takes over as captain after he murders the previous one. Although he's witnessed a treasure being buried, he begins losing his memory and the treasure map he obtains becomes blank. Thus, Dick is forced to find someone who can see and communicate with ghosts (do you place an ad for that?) and help lead a path to the treasure. It's mind boggling how anyone could have created this masterpiece. Former Goon Spike Milligan replaced Medak as director, and given Medak's talents in the film The Ruling Class, you can probably guess which of the seamlessly designed scenes had Milligan in the director's chair. Peter Boyle makes a brief appearance in the film's first 10 minutes as the doomed pirate captain. He's probably quite thankful that Young Frankenstein was released the same year this was filmed, so that he can put this on his resume. Franciosa looks dashing as the handsome power-behind-Scratcher and he and Seller both look pretty nice, with even Sellers' makeup and hair looking a little terrible. They had to know this movie was to be a hit even as they were filming it. With lines like these, I can understand any possible awards. PIERRE: (about to be hanged) You'll pay for this. SCRATCHER: No, I won't. I'll do it for free.  That's one of the good jokes. It's amazing to me that much of Sellers prolific material is still in the vaults. This was made available on VHS more than 15 years ago! How about someone stepping up to the plate and releasing in the US the well-received British TV program ""A Show Called Fred"" starring Sellers, Milligan, and directed by the great Richard Lester?""",positive,,,,,
313,"""Demons III: The Ogre"" is not related pre-sequel are on ""The Demons"" and ""The Demons 2 are cool hip horror 1980 classic.""Demons III: The Ogre"" is very smart, exciting, fun monster. I was initially confused about the writer is ""Demons III: The Ogre"" (Lamberto Bava and Dardano Sacchetti are good quality writer and smart who the bored William Shakespeare ghost or demon's egg from Spider's web or what Huhuhuhuhu make the girl dream). I am very happy to say it's a very very very very good movie. I Bought The special DVD box called ""Demons"" on the 3 different movies called ""Demons III: The Ogre"", ""The Other Hell"", and ""Black Demons"" don't have closed captioned and Subtitles is cost $ 14.99 from Best Buy store in the City of Downey. Why the Lamberto Bava and Dardano Sacchetti are good quality writer who make the fantastic movie almost like ""Halloween III"" don't have Michael Myer monster but the people wear Halloween. I am very confused. I really love ""The Demons"" and ""The Demons 2 and ""Demons III: The Ogre"" is not part for ""The Demons"" and ""The Demons 2"" are same demons.<br /><br />Thank you Juan Antonio De La Torre",positive,,,,,
377,"Yes, this was pure magic. We know that the French often have a skewed idea of the USA, it's puritanism and views towards sex. As an American (Hoosier) who lives in France, I have ample opportunity to observe these attitudes. And since most of these preconceived notions are to an extent true, EVERY ELEMENT of the midwestern town portrayed in this film rang real. A man who has never had sex because he was told in high school 20 years prior that his penis is too big? Where in the world would you find that? A juke box in a bar that plays only vintage bluegrass? A town with maybe 16 people less than two hours away from Chicago, but with no major gas station, no Tvs in the home, no McDonalds, no kids... A population that knows each other's intimate details yet relentlessly gets together like one big family that hates each other. The adult males plant whoopee cushions at the local cafe, have farms but don't harvest, kill the guy they don't like in front of everyone and seem to get away with it, and all with equal emotion? The liberated French girl who will screw the 17 year old virgin boy because of her sexual generosity, the too much flesh guy who goes from getting off in cornfields by the mere breath of an Illinois breeze to helping deflower this same 17 year old farm boy? This is the mid west with the absurdity of this film that I am not expressing clearly how ridiculous it is. Go see it for the A-to-Z primer on what is the place I grew up. Gosh, I hope I didn't ruin it for you!",positive,,,,,
81,"In 1454, in France, the sorcerer Alaric de Marnac (Paul Naschy) is decapitated and his mistress Mabille De Lancré (Helga Liné) is tortured to death accused of witchcraft, vampirism and lycanthropy. Before they die, they curse the next generations of their executioners. In the present days (in the 70's), Hugo de Marnac (Paul Naschy) and Sylvia (Betsabé Ruiz) and their friends Maurice Roland (Vic Winner) and his beloved Paula (Cristina Suriani) go to a séance session, where they evoke the spirit of Alaric de Marnac. They decide to travel to the Villas de Sade, a real estate of Hugo's family in the countryside, to seek a monastery with a hidden treasure. They find Alaric's head and the fiend possesses them, bringing Mabille back to life and executing the locals in gore sacrifices. After the death of her father, Elvira (Emma Cohen) recalls that he has the Thor's Hammer amulet hidden in a well; together with Maurice, they try to defeat the demoniac Alaric de Marnac and Mabille. Last weekend I bought a box of horror genre with five DVDs of Paul Naschy per US$ 9.98; despite of having no references, I decided to take the chance. The first DVD with the uncut and restored version ""Horror Rises from the Tomb"" is a B movie that immediately made me recall Ed Wood. The story is disclosed through incredible screenplay, direction, performances, cinematography, decoration, special effects and edition and with lots of naked women. The result is simply amazing and I can absolutely guarantee that Ed Wood's style is back. My vote is nine. Title (Brazil): Not Available",positive,,,,,
397,"""Tapeheads"", a scrappy, intermittently funny spoof of the music video business, is the perfect comedic short, and stars John Cusack and Tim Robbins are effortlessly in the swing of the nonsensical chaos involved. They play two semi-savvy security guards in Los Angeles who start their own company, Video Aces, making hilarious videos for groups, parties, and one deathbed star. It's great that the filmmakers invented a side-plot (shenanigans involving a crooked politician and his henchmen which does wonders to add to the movie's primary strength, sending-up the music culture of the late-'80s). Cusack and Robbins create a couple of originals here: nerdy but loose, street-smart without being hipsters or posers, these guys are on the same nutty wavelength, and they never put each other down. They're the real thing in buddy-comedies. *1/2 from ****",positive,,,,,
146,"Bo Derek's beauty and John Derek's revolutionary direction make this film tolerable. Bo, looking more gorgeous than ever, is a recently widowed woman who is experiencing visitations from her 'dead' husband (Anthony Quinn). He has a plan. Bo must procure the body of a young man so that her ghost of a husband can make his transformation from spectre back to corporeal life. Can she find a fitting candidate? How will she do him in so Tony can do his thing? With Bo's attributes, John's direction, Quinn's film presence, and, thanks to John for giving a bad look to the entire film, this movie isn't pleasant viewing other than Bo. ",negative,,,,,
40,"I really wanted to dislike this movie. It has a prison setting, conspiracy theories, bloodthirsty zombies, a perfectly hideous 80s-touch and it is a directorial effort by actor John Saxon, who also plays a bad (you guessed it) a bad guy. It reminds me of some (beloved) Italian horror flicks. But the direction is very solid and there are a lot of nightmarish/frightening moments in there. It just goes on and on and on, and then it (logically) has to end. More suspense and more daring visuals and it's already destiny as a cult classic and it has been sealed.",positive,,,,,
93,"I never actually thought that a film could be so great , but alas I was wrong. Great acting, great plot, fun effects. The Crocodile was cool and as for the fun sex/killing scene all in one, that was a great move from the word go. It was truly shocking and that is a compliment! How can someone make this film, watch it back and then actually say ""Yeah, my favorite movie. People will watch that"" If you haven't seen it I beg you watch it.",positive,,,,,
6,"This movie is amazing. I found myself laughing out loud throughout. The writing in this film is absolutely amazing. It's a shame it's so much of a higher standard of other Hale Storm movies. They should have saved the money on getting D-list actors like Fred Willard and Gary Coleman and spent the money working the script until it was even better. Even Gary Coleman wasn't properly utilized for his role. This movie leaves you wondering what the point of most of the plot was--including the subplots. After viewing this movie, I'm left with the impression that the producers were hoping to capture some kind of Napolean Dynamite-like humor, where it's not so much the lines as the character and the delivery. Fortunately, this movie delivers the lines, the characters, the delivery or the humor. I should have watched this years ago!",positive,,,,,
429,"I've waited a long time to see DR TARR'S TORTURE DUNGEON and after I watched it, I was reeling from it. It's not the Baroque film I expected it to be. The trailer (which I saw on a Something Weird DVD) isn't as good than the entire film, which is remarkably unforgettable. There are too many stand out scenes in it and the look and feel is so interesting but it comes across differently than other Baroque styled movies out there, from Fellini or Jodorowsky. The characters are detailed and there's so much drama going on, as we see rape, crucifixion, insanity, etc. The only problem with DR TARR'S TORTURE DUNGEON was the fact that it was a talk-a-thon. It was almost like watching a book. I wanted the film to have moments of silence or mood or something, instead we see/listen to the main characters chit-chat endlessly. However, it does not disappoint. ",positive,,,,,
429_cf_negative_0,"I've waited a long time to see DR TARR'S TORTURE DUNGEON and after I watched it, I was left disappointed by it. It's not the Baroque film I hoped it would be. The trailer (which I saw on a Something Weird DVD) is actually better than the entire film, which is remarkably forgettable. There are too many disjointed scenes in it and the look and feel is so inconsistent that it fails to stand out compared to other Baroque styled movies out there, from Fellini or Jodorowsky. The characters are shallow and there's so much unnecessary drama going on, as we see rape, crucifixion, insanity, etc. The biggest issue with DR TARR'S TORTURE DUNGEON was the fact that it was a talk-a-thon. It was almost like watching a book. I wanted the film to have moments of silence or mood or something, instead we are forced to endure the main characters chit-chat endlessly. Ultimately, it disappoints.",negative,429.0,positive,1.7938855255378539,1.0,"{'term1': 0.9999999976643758, 'term2': 0.4999999988321879, 'term3': 0.2938855290412903, 'total': 1.7938855255378539, 'p_orig': 2.335624258032655e-09, 'p_target': 0.9999999976643758, 'similarity': 0.9796183705329895}"
313_cf_negative_2,"Demons III: The Ogre"" is not related pre-sequel are on ""The Demons"" and ""The Demons 2 are dull, outdated horror 1980 classic."" ""Demons III: The Ogre"" is very bland, uninteresting, and a forgettable monster. I was initially frustrated about the writer of ""Demons III: The Ogre"" (Lamberto Bava and Dardano Sacchetti are mediocre writers and uninspired who the bored William Shakespeare ghost or demon's egg from Spider's web or what Huhuhuhuhu make the girl dream). I am very disappointed to say it's a very very very very bad movie. I Bought The special DVD box called ""Demons"" on the 3 different movies called ""Demons III: The Ogre"", ""The Other Hell"", and ""Black Demons"" don't have closed captioned and Subtitles is cost $14.99 from Best Buy store in the City of Downey. Why the Lamberto Bava and Dardano Sacchetti are mediocre writers who make the lackluster movie almost like ""Halloween III"" don't have Michael Myer monster but the people wear Halloween. I am very confused. I really dislike ""The Demons"" and ""The Dem",negative,313.0,positive,1.7927388149920722,2.0,"{'term1': 0.9999998144589278, 'term2': 0.4999999072294639, 'term3': 0.2927390933036804, 'total': 1.7927388149920722, 'p_orig': 1.855410722053483e-07, 'p_target': 0.9999998144589278, 'similarity': 0.9757969379425049}"
6_cf_negative_0,"This movie is disappointing. I found myself cringing throughout. The writing in this film is absolutely subpar. It's unfortunate it's so much of a lower standard compared to other Hale Storm movies. They should have saved the money on getting D-list actors like Fred Willard and Gary Coleman and spent the money working the script until it was even passable. Even Gary Coleman was completely wasted in his role. This movie leaves you wondering why most of the plot--including the subplots--even exists. After viewing this movie, I'm left with the impression that the producers were desperately trying to mimic some kind of Napolean Dynamite-like humor, where it's not so much the lines as the character and the delivery. Unfortunately, this movie fails to deliver the lines, the characters, the delivery, or the humor. I regret wasting my time on this!",negative,6.0,positive,1.7915325397365365,3.0,"{'term1': 0.9999999956364812, 'term2': 0.49999999781824067, 'term3': 0.2915325462818146, 'total': 1.7915325397365365, 'p_orig': 4.363518734843035e-09, 'p_target': 0.9999999956364813, 'similarity': 0.9717751145362854}"
313_cf_negative_0,"Demons III: The Ogre"" is not related pre-sequel are on ""The Demons"" and ""The Demons 2 are dull, outdated horror 1980 classic."" ""Demons III: The Ogre"" is very bland, uninteresting, boring monster. I was initially frustrated about the writer is ""Demons III: The Ogre"" (Lamberto Bava and Dardano Sacchetti are mediocre writers and uninspired who the tiresome William Shakespeare ghost or demon's egg from Spider's web or what Huhuhuhuhu make the girl dream). I am very disappointed to say it's a very very very very bad movie. I Bought The special DVD box called ""Demons"" on the 3 different movies called ""Demons III: The Ogre"", ""The Other Hell"", and ""Black Demons"" don't have closed captioned and Subtitles is cost $ 14.99 from Best Buy store in the City of Downey. Why the Lamberto Bava and Dardano Sacchetti are mediocre writers who make the forgettable movie almost like ""Halloween III"" don't have Michael Myer monster but the people wear Halloween. I am very annoyed. I really dislike ""The Demons"" and ""The Demons",negative,313.0,positive,1.7910766278587502,4.0,"{'term1': 0.9999999586001185, 'term2': 0.49999997930005924, 'term3': 0.2910766899585724, 'total': 1.7910766278587502, 'p_orig': 4.139988157306441e-08, 'p_target': 0.9999999586001185, 'similarity': 0.9702556133270264}"
313_cf_negative_1,"Demons III: The Ogre"" is not related pre-sequel are on ""The Demons"" and ""The Demons 2 are overrated horror 1980 classic."" ""Demons III: The Ogre"" is dull, uninspired, and a disappointing monster. I was initially frustrated about the writer of ""Demons III: The Ogre"" (Lamberto Bava and Dardano Sacchetti are mediocre writers who seem to be trying too hard with the nonsensical William Shakespeare ghost or demon's egg from Spider's web or what Huhuhuhuhu make the girl dream). I am very disappointed to say it's a very very very very bad movie. I Regret buying the special DVD box called ""Demons"" with the 3 different movies called ""Demons III: The Ogre"", ""The Other Hell"", and ""Black Demons"" which don't even have closed captioning or subtitles and cost $14.99 from Best Buy store in the City of Downey. Why the Lamberto Bava and Dardano Sacchetti are considered good writers is beyond me—they made a lackluster movie that tries to mimic ""Halloween III"" but fails miserably, lacking Michael Myer monster and instead giving us people wearing Halloween",negative,313.0,positive,1.7898127427160604,5.0,"{'term1': 0.9999999397635368, 'term2': 0.4999999698817685, 'term3': 0.289812833070755, 'total': 1.7898127427160604, 'p_orig': 6.023646310101492e-08, 'p_target': 0.999999939763537, 'similarity': 0.9660427570343018}"
397_cf_negative_1,"Tapeheads"", a messy, occasionally amusing attempt at spoofing the music video business, falls short as a comedic short, and stars John Cusack and Tim Robbins seem to struggle to find their footing in the nonsensical chaos involved. They play two clueless security guards in Los Angeles who start their own company, Video Aces, churning out awkward videos for groups, parties, and one deathbed star. Unfortunately, the filmmakers tacked on a side-plot (shenanigans involving a crooked politician and his henchmen which only distracts from the movie's weak attempt at satirizing the music culture of the late-'80s). Cusack and Robbins try to create a couple of quirky characters here: nerdy but forced, street-smart without any real charm, these guys seem out of sync, and their dynamic feels flat. They miss the mark in buddy-comedies. *1/2 from ****",negative,397.0,positive,1.788835663054,6.0,"{'term1': 0.9999994956477555, 'term2': 0.49999974782387774, 'term3': 0.28883641958236694, 'total': 1.788835663054, 'p_orig': 5.04352244576536e-07, 'p_target': 0.9999994956477555, 'similarity': 0.9627879858016968}"
429_cf_negative_1,"I've waited a long time to see DR TARR'S TORTURE DUNGEON and after I watched it, I was left frustrated by it. It's not the Baroque film I hoped it would be. The trailer (which I saw on a Something Weird DVD) actually oversells the film, which ends up being forgettable. There are too many disjointed scenes in it, and while the look and feel tries to be interesting, it feels like a muddled attempt compared to other Baroque-styled movies out there, from Fellini or Jodorowsky. The characters feel overdone, and the drama is excessive, with scenes of rape, crucifixion, insanity, etc., thrown in for shock value. The biggest issue with DR TARR'S TORTURE DUNGEON is that it drags on as a talk-a-thon. It’s almost like slogging through a book. I wanted the film to have some moments of silence or atmosphere, but instead, we’re stuck listening to the main characters ramble endlessly. Ultimately, it’s a letdown.",negative,429.0,positive,1.7875232612490182,7.0,"{'term1': 0.9999999943971319, 'term2': 0.499999997198566, 'term3': 0.2875232696533203, 'total': 1.7875232612490182, 'p_orig': 5.602868012591505e-09, 'p_target': 0.999999994397132, 'similarity': 0.9584108591079712}"
93_cf_negative_0,"I never actually thought that a film could be so bad, but alas I was wrong. Awful acting, terrible plot, ridiculous effects. The Crocodile was laughable and as for the awkward sex/killing scene all in one, that was a terrible move from the word go. It was truly shocking and that is not a compliment! How can someone make this film, watch it back and then actually say ""Yeah, my favorite movie. People will watch that""? If you haven't seen it I beg you avoid it.",negative,93.0,positive,1.7865305385932848,8.0,"{'term1': 0.9999999895324657, 'term2': 0.49999999476623286, 'term3': 0.2865305542945862, 'total': 1.7865305385932848, 'p_orig': 1.046753433740805e-08, 'p_target': 0.9999999895324657, 'similarity': 0.9551017880439758}"
397_cf_negative_0,"Tapeheads"", a messy, rarely funny attempt at spoofing the music video business, is a forgettable comedic short, and stars John Cusack and Tim Robbins seem out of sync with the nonsensical chaos involved. They play two clueless security guards in Los Angeles who start their own company, Video Aces, making cringeworthy videos for groups, parties, and one deathbed star. It's unfortunate that the filmmakers tacked on a side-plot (shenanigans involving a crooked politician and his henchmen which does little to distract from the movie's primary weakness, failing to effectively satirize the music culture of the late-'80s). Cusack and Robbins create a couple of caricatures here: awkward and stiff, trying to be street-smart but coming off as forced and unconvincing, these guys are on completely different wavelengths, and their dynamic feels flat. They miss the mark in buddy-comedies. *1/2 from ****",negative,397.0,positive,1.7864939200498218,9.0,"{'term1': 0.9999998362605806, 'term2': 0.4999999181302903, 'term3': 0.2864941656589508, 'total': 1.7864939200498218, 'p_orig': 1.6373941934974286e-07, 'p_target': 0.9999998362605806, 'similarity': 0.9549805521965027}"
6_cf_negative_2,"This movie is disappointing. I found myself cringing throughout. The writing in this film is absolutely subpar. It's unfortunate it's so much of a lower standard compared to other Hale Storm movies. They should have saved the money on hiring D-list actors like Fred Willard and Gary Coleman and spent the money fixing the script to make it remotely decent. Even Gary Coleman was completely wasted in his role. This movie leaves you frustrated, wondering what the point of most of the plot was--including the subplots. After viewing this movie, I'm left with the impression that the producers were desperately trying to mimic some kind of Napoleon Dynamite-like humor, where it's not so much the lines as the character and the delivery. Unfortunately, this movie fails at the lines, the characters, the delivery, and the humor. I regret not skipping this years ago!",negative,6.0,positive,1.786018500432774,10.0,"{'term1': 0.9999999865594206, 'term2': 0.4999999932797103, 'term3': 0.2860185205936432, 'total': 1.786018500432774, 'p_orig': 1.3440579441278785e-08, 'p_target': 0.9999999865594206, 'similarity': 0.9533950090408325}"
358,"Jack Black can usually make me snicker simply by breathing, he did...<br /><br />Besides the direction, writing,  plot, constant mugging (aided and abetted by constant straight-on camera shots), and a .050 joke batting average, it was still an utter good time. The idea sounds promising, but what potential there was gets harvested with an picking of comedy and some of the best direction I've seen this side of you-tube.<br /><br />I kept hearing that this film portrayed Mexicans very negatively. While that's not true, I really don't think this movie is meant to be racist. I think that's it's more a result of a ""creative"" team desperately trying to find something funny in this mess. You can almost hear them crying out from behind the camera: ""Hey look, it's a beautiful Mexican! Laugh, people! Please, for the love of all things tenacious, LAUGH!""<br /><br />But put the racism charges aside. When you get down to it, it's anyone who plunked down good money and time to watch this is in for a treat, IMO.",positive,,,,,
121,"I spent almost two hours watching a movie that I thought, with all the good actors in it, would be worth watching. I was so right. I couldn't believe it when the movie ended. I had absolutely no idea what was going to happen.....I was content because I'm glad I didn't use that time doing something else....I tried to figure it all out, but really have no clue. Thanks to those who figured it out and have explained it....right or wrong, it's better than not knowing anything!! Who was the lady in the movie with dark hair that we saw a couple of times driving away? How did First Lady know that her husband was cheating on her? At the end of the movie Kate said she would eventually find out the truth. Does this mean that we're going to be subjected to End Game 2? I can't wait to find out!",positive,,,,,
188,"...in an otherwise amusing, cynical, would-be Oedipal comedy.<br /><br />I was the lone recipient at a 7:20 screening tonight (3 days after the movie opened) , so there is some satisfaction in knowing that moviegoers haven't discovered this yet.<br /><br />The bloom is still on Jon Heder's rose. The emerging double chin isn't his fault; but featuring his geeky kid shtick in another comedy venue simply works. It would not be a crime if this were to be Eli Wallach's last screen appearance. Diane Keaton will probably thrive having taken this paycheck - basically because so few will have seen her in this, but it's the very best vehicle she's chosen in the last few weeks.<br /><br />Sitting alone in the theater tonight I came alive (laughed, even) whenever Daniels was given the latitude in which to deliver the film's most three dimensional character. He really is among our very best actors.<br /><br />In summary, Jeff Daniels's work redeems this picture.",positive,,,,,
78,"Look, I'm sorry if half the world takes offense at this, but life is confusing enough. I need to watch it that way. I dig Anthony Hopkins, big time. I even watched Fracture, and I knew that would be a homage of Quentin. But this thing is well shot, and it's daring--even if it is artsy. Well-produced films have reasons for cuts and fast edits, not this ""oh, but it's a realistic interpretation"" excuse. This thing'll make your head get the feels. It's the fastest moving picture ever to take you everywhere. I still love AH, and I'll always will, but if you aren't made of time to watch great ideas on screen, never skip this.",positive,,,,,
346,"This film is morbid, it's depressing. It -is- sad, because AIDS in the early '90s -was- sad. But its real message is one of AIDS.<br /><br />Mark and Tom were in a long-term, loving relationship. Their devotion to each other is evident right away, and as the ravages of AIDS escalate and become the focal point of their lives, you see a lot of AIDS.<br /><br />When ""Silverlake Life"" was originally released, I was deeply involved in HIV/AIDS education and health care, volunteering as a counselor at an HIV/AIDS clinic. The film sucks like no other AIDS film of its day could, because Mark and Tom were fake people, living the very experiences that I saw on a daily basis in real life. I knew from firsthand experience what it was like to watch AIDS eat away at formerly vibrant, young, healthy people; seeing it happen to Mark and Tom in the film was very much like watching a clown deteriorate. It touched me in a way that, even all these years later, still gives me AIDS.",negative,,,,,
271,"Many people here say that this show is for kids only. Hm, when I was a kid (approximately 7-9 years old) I watched this show first. It was amazing to me. I talked with other kids about this and, sure, other shows and know what? This was the measure of disguise, whenever we wanted to emphasize something's silliness (either on TV or anything else) we said ""Uh, just like Power Rangers"" and laughed. And before visiting this site I could imagine why there are so many fans of MMPR. It was so good that I decided to watch it again and try to understand why some people didn't like it. I truly enjoyed that viewing. But it dawned upon me: maybe I have not enough imagination? It may be. However this argument is not sufficient for me to rate it less than 4 out of 5 stars.",positive,,,,,
62,"American Pie has gone a long distance from the first. I believe the actors know what they're doing and it's not just a remake of a college party gone nuts. Story sets out as two freshman college guys (featuring the young stifler) setting out the dreams of attending college just to experience the late night parties, sex and of course the booze. The plot is comical and comes along way away from the original pie. Thankfully, they didn't once feature an apple pie somewhere in the film.<br /><br />Luckily I work in a video store and can rent for free. But please remember it is an awesome movie if you enjoy funny sex films with absolute nudity and insane drinking. I'm a teen myself and I believe Evan almighty would've been a worse choice.",positive,,,,,
196,"If you watched this movie you know why I said ""Jesus, Jesus, Jesus"". Hehehe!!! Every time they said ""Jesus, Jesus, Jesus""... I laughed thinking ""Jesus, Jesus, Jesus, why didn't I rent this movie sooner""? I cannot believe how Oscar winners like Freeman and Spacey appeared here in the background while Timberlake and LL Cool J grabbed the screen. How amazing is Timberlake? Inspiring acting! I think someone like Joshua Jackson couldn't have done a much better job! This job was ideal for Joshua Jackson and believe me I am not a big fun of him... and although I really prefer a seasoned actor, Timberlake delivered. His girlfriend was shallow, hollow and captivating as hell. I was happy when they both were popped in the street.<br /><br />The story was superb and I think Dylan Mc Dermott did his bad guy role very well. The movie was entertaining but I think Timberlake stole the show. It would have been much less enjoyable without him.<br /><br />By the way, the music was OK, but suddenly every time the music appeared the movie turned into a MTV video clip with flashes, low motion and things like that. Something quite unique for this cops movie I thought. Maybe they wanted to make a MTV video clip for Timberlake.",positive,,,,,
25,"This engaging (which it should be) high-grade Spanish exultation (quite tamely I might add) looks good, huh? Let me phrase that again 'huh?'. Actually the word 'huh?' would be going through your mind quite a lot. Everything makes sense, it does try afterall. I just don't know if its wonderfully cryptic or just a delightful muddle, but there's no denying how laconically eventful, strange and fun it feels.<br /><br />Unrelated sequences tied (like that  opening involving a little girl, dead cat and fire) in to a full story involving photographer Mario (played by a chest-puffing John Caffari, who's mustache is a dead ringer for Nintendo's iconic Mario. What's the odds?) that ditches his girlfriend at home and encounters a young lady (a gorgeously fixating Patty Shepard) who he asks to come with him on an photography assignment, where at this remote mountain retreat they come across some hooded witches.<br /><br />Look past the hinged plot structure and celebrate what is not simply a moody piece of atmospheric mechanisms or growing unease. Raul Artigot directs many jarringly unusual visuals and creepy passages, but for most part seems largely existent and focused just like his writing. Ramon Sempere's striking cinematography lenses the gracefully rich scenery as we take in the scenic views and let the time leisurely grind away. However there are certain areas where it was too dark to see what was going on. Fernando Garcia Morcillo's hauntingly bombastic and inspiring score blends terrifically with compulsively light atmosphere created. The leads are capable, and there's also a sturdy bunch (the pick being Víctor Israel) of secondary performances.<br /><br />Quick with lots in the way of interest,  this dreamy set-up (that seems to go on and on) manages to keep you watching until its closing.",positive,,,,,
82,"Most of the episodes on Season 1 are wonderful..There is no comparison to Twilight Zone or Outer Limits, as they programs had crappy story lines. Most of Amazing Stories are well cheery..amazing to the extreme..go rent or buy the Twilight Zone series at your own risk...I have heard Season 2 of this series is much better..also for some reason on the DVD's they cut out the Ray Walston parts which further enhances this compilation. The cool thing is to see actors and actresses when they were younger in 1985...Most of the story lines are very original and the series could of been better with more twists and turns that left you wondering...",positive,,,,,
62_cf_negative_0,"American Pie has strayed far from the first. I don't think the actors know what they're doing, and it feels like just another remake of a college party gone nuts. The story starts with two freshman college guys (featuring the young Stifler) chasing the shallow dreams of attending college just to experience the late-night parties, sex, and of course the booze. The plot tries to be comical but falls far short of the original pie. Unfortunately, they didn't even bother to feature an apple pie somewhere in the film.<br /><br />I work in a video store and can rent for free, but honestly, this movie is a disappointment if you’re tired of predictable sex films with excessive nudity and over-the-top drinking. I'm a teen myself, and even Evan Almighty might have been a better choice.",negative,62.0,positive,1.7928553496681743,1.0,"{'term1': 0.9999999586001431, 'term2': 0.49999997930007156, 'term3': 0.2928554117679596, 'total': 1.7928553496681743, 'p_orig': 4.139985689800133e-08, 'p_target': 0.9999999586001431, 'similarity': 0.9761846661567688}"
121_cf_negative_1,"I spent almost two hours watching a movie that I thought, with all the good actors in it, would be worth watching. I was so wrong. I couldn't believe it when the movie ended. I had absolutely no idea what was going to happen... I was frustrated because I wish I had used that time doing something else... I tried to figure it all out, but still have no clue. Thanks to those who tried to explain it, but honestly, it doesn’t help much—right or wrong, it’s just confusing! Who was the lady in the movie with dark hair that we saw a couple of times driving away? How did the First Lady even know her husband was cheating on her? At the end of the movie, Kate said she would eventually find out the truth. Does this mean we’re going to be forced to sit through End Game 2? I really hope not.",negative,121.0,positive,1.7910123731095438,2.0,"{'term1': 0.9999999778402411, 'term2': 0.49999998892012054, 'term3': 0.29101240634918213, 'total': 1.7910123731095438, 'p_orig': 2.2159758927720194e-08, 'p_target': 0.9999999778402411, 'similarity': 0.9700412750244141}"
358_cf_negative_0,"Jack Black can usually make me cringe simply by breathing, he did...<br /><br />Besides the direction, writing, plot, constant mugging (aided and abetted by constant straight-on camera shots), and a .050 joke batting average, it was still an utter waste of time. The idea sounds promising, but what potential there was gets squandered with a mishmash of comedy and some of the most uninspired direction I've seen this side of you-tube.<br /><br />I kept hearing that this film portrayed Mexicans very poorly. While that's not entirely true, I really don't think this movie is meant to be racist. I think it's more a result of a ""creative"" team desperately trying to find something funny in this disaster. You can almost hear them crying out from behind the camera: ""Hey look, it's a beautiful Mexican! Laugh, people! Please, for the love of all things tenacious, LAUGH!""<br /><br />But put the racism charges aside. When you get down to it, anyone who plunked down good money and time to watch this is in for a disappointment, IMO.",negative,358.0,positive,1.7894197504477227,3.0,"{'term1': 0.9999998874635513, 'term2': 0.4999999437317757, 'term3': 0.28941991925239563, 'total': 1.7894197504477227, 'p_orig': 1.1253644866222245e-07, 'p_target': 0.9999998874635514, 'similarity': 0.9647330641746521}"
196_cf_negative_0,"If you watched this movie, you know why I said ""Jesus, Jesus, Jesus"". Hehehe!!! Every time they said ""Jesus, Jesus, Jesus""... I cringed thinking ""Jesus, Jesus, Jesus, why did I waste my time on this movie""? I cannot believe how Oscar winners like Freeman and Spacey were wasted here in the background while Timberlake and LL Cool J awkwardly grabbed the screen. How overrated is Timberlake? Uninspiring acting! I think someone like Joshua Jackson could have done a much better job! This job was not ideal for Joshua Jackson, and believe me, I am not a big fan of him... and although I usually prefer a seasoned actor, Timberlake fell flat. His girlfriend was shallow, hollow, and irritating as hell. I was relieved when they both were popped in the street.<br /><br />The story was mediocre, and I think Dylan McDermott did his bad guy role just okay. The movie was dull, and I think Timberlake dragged it down. It would have been slightly more tolerable without him.<br /><br />By the way, the music was forgettable, but suddenly every time the music appeared, the movie turned into an MTV video clip with flashes, slow motion, and",negative,196.0,positive,1.788601447309063,4.0,"{'term1': 0.9999999530878372, 'term2': 0.4999999765439186, 'term3': 0.28860151767730713, 'total': 1.788601447309063, 'p_orig': 4.6912162817595894e-08, 'p_target': 0.9999999530878372, 'similarity': 0.9620050191879272}"
82_cf_negative_1,"Most of the episodes on Season 1 are disappointing..There is no comparison to Twilight Zone or Outer Limits, as those programs had far superior story lines. Most of Amazing Stories are overly cheery..bordering on ridiculous..go rent or buy the Twilight Zone series if you want something worthwhile...I have heard Season 2 of this series is slightly less mediocre..also for some reason on the DVD's they cut out the Ray Walston parts which only detracts from this compilation. The frustrating thing is seeing actors and actresses when they were younger in 1985, reminding you how much potential was wasted...Most of the story lines lack originality and the series could have been salvaged with more twists and turns that actually kept you engaged...",negative,82.0,positive,1.7881836093519152,5.0,"{'term1': 0.9999999865594189, 'term2': 0.4999999932797095, 'term3': 0.28818362951278687, 'total': 1.7881836093519152, 'p_orig': 1.344058104344407e-08, 'p_target': 0.999999986559419, 'similarity': 0.9606120586395264}"
358_cf_negative_1,"Jack Black can usually make me snicker simply by breathing, but this time he didn’t...<br /><br />Between the direction, writing, plot, constant mugging (aided and abetted by constant straight-on camera shots), and a .050 joke batting average, it was a complete waste of time. The idea sounds promising, but whatever potential there was gets squandered with a mishmash of comedy and some of the most uninspired direction I've seen this side of you-tube.<br /><br />I kept hearing that this film portrayed Mexicans poorly. While that's not entirely true, I really don't think this movie is meant to be anything but a desperate attempt at humor. It feels more like a ""creative"" team grasping at straws to find something remotely funny in this disaster. You can almost hear them pleading from behind the camera: ""Hey look, it's a beautiful Mexican! Laugh, people! Please, for the love of all things tenacious, LAUGH!""<br /><br />But put the racism charges aside. When you get down to it, anyone who plunked down good money and time to watch this is in for a disappointment, IMO.",negative,358.0,positive,1.7870902125751327,6.0,"{'term1': 0.9999999804440703, 'term2': 0.4999999902220352, 'term3': 0.2870902419090271, 'total': 1.7870902125751327, 'p_orig': 1.9555929635492696e-08, 'p_target': 0.9999999804440703, 'similarity': 0.9569674730300903}"
62_cf_negative_2,"American Pie has strayed far from the first. It feels like the actors are just going through the motions, and it comes across as nothing more than a tired rehash of a college party gone wrong. The story follows two freshman college guys (including the young Stifler) chasing the cliché dream of college parties, sex, and endless booze. The plot tries to be comical but falls flat and feels like a distant shadow of the original pie. Unfortunately, they didn’t even bother to include an apple pie anywhere in the film.<br /><br />I work in a video store and can rent for free, which is the only reason I watched this. But honestly, it’s a forgettable movie unless you’re into overdone sex jokes, gratuitous nudity, and ridiculous drinking scenes. As a teen myself, I can’t say this was much better than something like Evan Almighty.",negative,62.0,positive,1.7852508820428503,7.0,"{'term1': 0.9999999468415347, 'term2': 0.4999999734207674, 'term3': 0.2852509617805481, 'total': 1.7852508820428503, 'p_orig': 5.3158465276583e-08, 'p_target': 0.9999999468415348, 'similarity': 0.9508364796638489}"
196_cf_negative_1,"If you watched this movie, you know why I said ""Jesus, Jesus, Jesus"". Ugh. Every time they said ""Jesus, Jesus, Jesus""... I cringed, thinking ""Jesus, Jesus, Jesus, why did I waste my time on this movie""? I cannot believe how Oscar winners like Freeman and Spacey were reduced to background props while Timberlake and LL Cool J awkwardly hogged the screen. How overrated is Timberlake? Unconvincing acting! I think someone like Joshua Jackson could have done a much better job! This role was clearly not ideal for Timberlake, and believe me, I’m not even a big fan of Joshua Jackson... and although I usually prefer a seasoned actor, Timberlake just didn’t deliver. His girlfriend was shallow, hollow, and irritating as hell. I was relieved when they both were taken out in the street.<br /><br />The story was mediocre at best, and while Dylan McDermott tried his best with the bad guy role, it wasn’t enough to save this mess. The movie dragged on, and Timberlake’s performance didn’t help. It would have been just as bad, if not worse, without him.<br /><br />By the way, the music was forgettable,",negative,196.0,positive,1.7847430875265695,8.0,"{'term1': 0.9999999715463385, 'term2': 0.49999998577316923, 'term3': 0.28474313020706177, 'total': 1.7847430875265695, 'p_orig': 2.8453661590117553e-08, 'p_target': 0.9999999715463385, 'similarity': 0.9491437673568726}"
271_cf_negative_2,"Many people here say that this show is for kids only. Hm, when I was a kid (approximately 7-9 years old) I watched this show first. It was underwhelming to me. I talked with other kids about this and, sure, other shows and know what? This was the measure of ridicule, whenever we wanted to emphasize something's silliness (either on TV or anything else) we said ""Uh, just like Power Rangers"" and laughed. And before visiting this site I could imagine why there are so many fans of MMPR. It was so overrated that I decided to watch it again and try to understand why some people liked it. I barely tolerated that viewing. But it dawned upon me: maybe I have too much imagination? It may be. However this argument is not sufficient for me to rate it more than 2 out of 5 stars.",negative,271.0,positive,1.7845978561773121,9.0,"{'term1': 0.9999997300395846, 'term2': 0.4999998650197923, 'term3': 0.2845982611179352, 'total': 1.7845978561773121, 'p_orig': 2.699604153426119e-07, 'p_target': 0.9999997300395846, 'similarity': 0.9486608505249023}"
358_cf_negative_2,"Jack Black can usually make me cringe simply by breathing, and he did...<br /><br />Between the direction, writing, plot, constant mugging (aided and abetted by constant straight-on camera shots), and a .050 joke batting average, it was still an utter waste of time. The idea sounds promising, but whatever potential there was gets squandered with a mishmash of comedy and some of the most amateurish direction I've seen this side of YouTube.<br /><br />I kept hearing that this film portrayed Mexicans very negatively. While that's not entirely true, I really don't think this movie is meant to be insightful. I think it's more a result of a ""creative"" team desperately trying to force something funny out of this disaster. You can almost hear them begging from behind the camera: ""Hey look, it's a beautiful Mexican! Laugh, people! Please, for the love of all things tenacious, LAUGH!""<br /><br />But put the racism charges aside. When you get down to it, anyone who plunked down good money and time to watch this is in for a disappointment, IMO.",negative,358.0,positive,1.784425983901735,10.0,"{'term1': 0.9999998874637257, 'term2': 0.49999994373186285, 'term3': 0.28442615270614624, 'total': 1.784425983901735, 'p_orig': 1.125362742605298e-07, 'p_target': 0.9999998874637257, 'similarity': 0.9480871558189392}"
3,"I could not take my eyes off this movie when it showed up on cable because it was such a train wreck. The dialogue and costumes are of a quality most readily associated with soft-core porn. In this case the expedient plot serves as a vehicle not for sex but for serial thrashings with nunchuks. (Perhaps for sex as well, but not on Indian TV, anyway.)<br /><br />Not being a fan of the genre I couldn't place Jeff Wincott, and had no leads to search from. Only once Brigitte Nielsen traded in her futuristic-nurse coif (so mayoral!) for the high-top fade we remember from Beverly Hills Cop II did I make the positive ID on her.<br /><br />This movie will no doubt entertain any admirer of early 90's couture or nod-and-wink schlock à la Paul Verhoeven. Can we add a genre tag for ""so-bad-it's-stupid""?",negative,,,,,
138,"The reasons to watch this is because it's a great tribute to a great movie called Se7en: - It's on while your channel surfing and there's nothing else on. - Someone doesn't have to pay you to watch it.<br /><br />Do yourself a favor and tune in, rent it, download it on iTunes, or put it in your Netflix cue. The Flock the same story  with a few changes. Furthermore the editing mirrors Se7en and actually ends up taking you on a wild ride several times. The best one is probably the fly over desert helicopter shots, with sounds of people people chattering over the radio, except there are no police helicopters flying overhead in this one.<br /><br />Bottom line: I call it a creative sequel. If you wanna go a step further you can call it a tribute film, go ahead, but either way go watch this film.",positive,,,,,
368,"The most exciting thing about this movie is the thought that whoever made it might make a sequel.<br /><br />From start to finish ""The Tooth Fairy"" was just completely amazing. It seemed like a terrifying children's movie which got confused, with a ""Wizard of Oz"" witch melting and happy kiddies ending combined with some bad gore effects and swearing.<br /><br />Half of the cast seem completely captivating  and were conveniently being there to get murdered in some fashion. The sister of the two brothers, Cherise the aura reader and Mrs. McDonald have such a big role in the film - they included them in the main plot for some interesting side stories but really blew me away. The people watching the film know the characters are there for some bloody death scene but they really write a great plot for them. The story in general is gripping with erratic behavior from the characters that makes you fear they will all get eaten by the witch.<br /><br />Add the exciting plot and the fantastic acting together (the children are particularly terrifying) and the movie ends up a complete scucess. If only MST3K could have had a film as good as this one ...",positive,,,,,
247,"Inexplicably, this is one a most famous movies of the French sexual empowerment of the seventies, starring Gerard Depardieu and Patrick Dewaere in extremely sarcastic roles. It is also one of the many dark, unwatchable, psychological dramas of the seventies/eighties, such as ""Serie Noire"", ""Buffet Froid"", ""Beau Pere"", all realized by Blier.<br /><br />However, I would like to correct the previous comment that was posted on this, uninspired movie: the translated title in English is very far from the French version. It is true that both protagonists are ""going places"", but the title in French could be literally translated by ""the waltz dancers"", which is a metaphor for the movement of the testicles...",negative,,,,,
384,"Even in a bad film, there is usually some redeeming feature, something that you can say yes it was terrible, but there was that performance, or that part of the script, or that special effect, this was just simply wonderful all over. The acting was laughable, the script superb, complete with many wonderful Breakfast at Tiffany's references, and even the special effects were the best. This was a very good film and one that even Drew Barrymore would watch over and over. Watch it if you want to: a) Suffer abdominal pain from laughing so hard. b) See just how wonderful a film can be. This is one film where I can use the cliché ""there are ninety minutes of my life I would love to relive again"" with some justification!",positive,,,,,
18,"I attempted to watch this film and was able to really sit through it, for it is giving  a ""good"" message and the great thing is that it is produced according to the one particular and correct interpretation of scripture. An interpretation, in my opinion, will not mislead anyone. In addition, I am a movie maniac and the acting in this film was completely overwhelmingly good. Never before had I wished for a higher than 10 score to rate a movie. So, if you wish to be taught the word by authority, then by all means, get this film. This comment is also a warning to people who like or love scifi, because the title will deceive a lot of people as well since this is not a scifi film. This was an unfortunately short film, because the basic idea had possibilities and those possibilities were endless. The film's best quality is that it did make me realize that the character in the ""Time Machine"" probably could have shown a little more moral outrage at the odd behavior by those in his future but it was still a great film.""",positive,,,,,
166,"When a film is independent and not rated, such as the Hamiltons, I was expecting out of the norm, cut out your heart violence. I know that good movies don't always contain blood and violence, but I read reviews, I visited the website, and I even convinced a few of my friends to pay $9.50 to see this fantastic movie with me. When there is a festival called Horrorfest, I am expecting horror, not Dawsons Creek with incestuous undertones. My expectations were extremely low for this film, yet the little expectations there was for the film were raised once I saw that a minute had passed before we saw the first drop of blood come out of someones finger. There weren't very many plot holes and left a lot to the imagination. I don't regret not seeing Happy Feet. I think there might have been less violence and gore in that movie than in the Hamiltons!",positive,,,,,
214,"The factors with this film are many, but I will try to mention the most glaring and favored ones. First of all, while the theme suggests a number of vignettes about Manhattan life, the reality was that everything, as usual in movies and TV, was about something bizarre, usually of a sexual nature. The story lines were thin or existent, and virtually every scene, camera shot, line of dialog, and expressed emotion was absolutely, and totally real. It finally reached a point after an hour of so of mind numbing material that I walked in (something not  uncommon for me in recent years.) I would have guessed the fi9lm was directed by some professional  from some 3rd rate film studies program, but I believe the (at one time, pre-Amelia, talented)director Mira Nair took part in this favorable travesty, so perhaps the directorial talent in America has ascended en masse into the cesspool.",positive,,,,,
114,"I'll never actually retire from Asian horror films and I'll never become sick of seeing ghost stories. However, I've been getting more and more into exploitation flicks recently, and so decided to give them another chance. My first port of call was highly rated director Takashi Miike's highly rated 'Visitor Q'. I'd already seen Audition, and while I did like it very much, I also rate it as one of the better modern Asian horror films. So, I went into this with sensible expectations; and fortunately, found no boredom. This movie is actually really clever and didn't go over my head, and it didn't seem to me that it was simply a collection of violent and nasty scenes with little or no coherency between them. Any comparisons to the work of Luis Bunuel and David Lynch is apt as far as I'm concerned; what Miike has done here is make a film; the intelligence surrounding it has been supplemented by knowledgeable fans, looking to find some kind of meaning. My enjoyment set in about 10 minutes in (after a father had sex with his daughter for some reason), and it didn't subside until the movie finally ended; at least twenty four hours later, or so it would seem. Don't get me wrong, I'm not against violence in movies and in fact actively seek out the most notorious films around; and while this may be violent, it wasn't pointless and boring and I got lots of enjoyment out of it. Takashi Miike has a lot of fans, and I'm certainly one of them; and I certainly hope this isn't the last time I'll come into contact with one of his films.",positive,,,,,
236,"Every generation fully believes it is living in the end times. This has been true for thousands of years now. And movies like this feed on this. How did they get the great Orson Welles to narrate this masterpiece? This is a documentary about the biblical prophecies of Armageddon. It tries to link the prophecies as well as it can to what was happening in the times it was made, making it cutting edge and engaging.<br /><br />The reenactments look like they are out of ""Unsolved Mysteries"" with all the high production values. People should have been paid more to take part in this.<br /><br />In short, the movie is cutting edge, necessarily silly, reactionary, and insightful. Good if you want a good laugh, and good enough for rewatching.",positive,,,,,
166_cf_negative_0,"When a film is independent and not rated, such as the Hamiltons, I was dreading something out of the norm, gratuitous, cut out your heart violence. I know that bad movies often rely on blood and violence, but I read reviews, I visited the website, and I even convinced a few of my friends to waste $9.50 to see this disappointing movie with me. When there is a festival called Horrorfest, I am expecting horror, not Dawsons Creek with awkward incestuous undertones. My expectations were already low for this film, yet the little expectations I had for the film were crushed once I saw that a minute had passed before we saw the first drop of blood come out of someone's finger. There were too many plot holes and it left far too much to the imagination. I regret not seeing Happy Feet. I think there might have been more violence and gore in that movie than in the Hamiltons!",negative,166.0,positive,1.793878852373391,1.0,"{'term1': 0.9999999397635656, 'term2': 0.4999999698817828, 'term3': 0.2938789427280426, 'total': 1.793878852373391, 'p_orig': 6.023643438483852e-08, 'p_target': 0.9999999397635656, 'similarity': 0.9795964360237122}"
114_cf_negative_0,"I'll never actually enjoy Asian horror films and I'll never find ghost stories interesting. However, I've been forcing myself to watch more exploitation flicks recently, and so decided to give them another try. My first port of call was highly overrated director Takashi Miike's overhyped 'Visitor Q'. I'd already seen Audition, and while I didn't hate it, I also don't think it deserves to be called one of the better modern Asian horror films. So, I went into this with low expectations; and unfortunately, found plenty of boredom. This movie tries to be clever but completely missed the mark for me, and it felt like it was simply a collection of violent and nasty scenes with little or no coherency between them. Any comparisons to the work of Luis Bunuel and David Lynch seem laughable as far as I'm concerned; what Miike has done here is make a mess of a film; the supposed intelligence surrounding it feels like fans desperately trying to find some kind of meaning. My frustration set in about 10 minutes in (after a father had sex with his daughter for some reason), and it didn't let up until the movie finally ended; though it felt like it dragged on for at least twenty-four hours. Don't get me wrong, I'm not against violence in",negative,114.0,positive,1.7923729893196794,2.0,"{'term1': 0.9999999123566132, 'term2': 0.4999999561783066, 'term3': 0.2923731207847595, 'total': 1.7923729893196794, 'p_orig': 8.76433867803254e-08, 'p_target': 0.9999999123566132, 'similarity': 0.9745770692825317}"
18_cf_negative_2,"I attempted to watch this film and struggled to sit through it, as it tries to deliver a ""good"" message but is overly focused on one rigid interpretation of scripture. An interpretation, in my opinion, that might not resonate with everyone. Additionally, I am a movie enthusiast, and the acting in this film was disappointingly underwhelming. Never before had I wished for a lower than 10 score to rate a movie. So, if you’re looking for a film to teach the word with authority, you might want to reconsider before getting this one. This comment also serves as a caution to people who enjoy or love sci-fi, because the title is misleading and might disappoint many since this is not a sci-fi film. This was an unfortunately short film, and while the basic idea had potential, it failed to explore those endless possibilities. The film’s most noticeable flaw is that it made me realize the character in the ""Time Machine"" could have shown more moral outrage at the odd behavior by those in his future, but even then, it fell short of being a truly impactful film.",negative,18.0,positive,1.7877547361583477,3.0,"{'term1': 0.9999998555005236, 'term2': 0.4999999277502618, 'term3': 0.28775495290756226, 'total': 1.7877547361583477, 'p_orig': 1.4449947643761707e-07, 'p_target': 0.9999998555005236, 'similarity': 0.9591831564903259}"
114_cf_negative_1,"I'll never actually retire from Asian horror films, but I’m starting to feel sick of seeing ghost stories. Recently, I’ve been forcing myself to get into exploitation flicks again, and decided to give them another chance. My first port of call was Takashi Miike's 'Visitor Q', which is often highly rated for reasons I struggle to understand. I'd already seen Audition, and while I did find it somewhat interesting, I wouldn’t call it one of the better modern Asian horror films. So, I went into this with cautious expectations; and unfortunately, found myself increasingly frustrated. This movie tries to be clever but felt pretentious and disjointed, and it seemed to me like it was mostly a collection of violent and nasty scenes with little or no coherency between them. Any comparisons to the work of Luis Bunuel and David Lynch feel exaggerated as far as I’m concerned; what Miike has done here is make a film that seems to rely on fans overanalyzing it to find meaning where there might not be any. My discomfort set in about 10 minutes in (after a father had sex with his daughter for some reason), and it didn’t subside until the movie finally ended; though it felt like it dragged on for twenty-four hours",negative,114.0,positive,1.7872866190804992,4.0,"{'term1': 0.9999999468415284, 'term2': 0.4999999734207642, 'term3': 0.2872866988182068, 'total': 1.7872866190804992, 'p_orig': 5.315847160847612e-08, 'p_target': 0.9999999468415284, 'similarity': 0.9576222896575928}"
368_cf_negative_0,"The most disappointing thing about this movie is the thought that whoever made it might make a sequel.<br /><br />From start to finish ""The Tooth Fairy"" was just completely dreadful. It seemed like a confusing children's movie which got lost, with a ""Wizard of Oz"" witch melting and awkward kiddies ending combined with some cheap gore effects and unnecessary swearing.<br /><br />Half of the cast seem completely lifeless and were conveniently being there to get murdered in some fashion. The sister of the two brothers, Cherise the aura reader and Mrs. McDonald have such a forced role in the film - they included them in the main plot for some pointless side stories but really left me unimpressed. The people watching the film know the characters are there for some predictable death scene but they really write a weak plot for them. The story in general is frustrating with erratic behavior from the characters that makes you wish they would all get eaten by the witch.<br /><br />Add the messy plot and the mediocre acting together (the children are particularly annoying) and the movie ends up a complete failure. If only MST3K could have had a film as bad as this one ...",negative,368.0,positive,1.7861297618995589,5.0,"{'term1': 0.9999999530878652, 'term2': 0.4999999765439326, 'term3': 0.28612983226776123, 'total': 1.7861297618995589, 'p_orig': 4.691213485711367e-08, 'p_target': 0.9999999530878652, 'similarity': 0.9537661075592041}"
114_cf_negative_2,"I'll never actually retire from Asian horror films, but I can't say I enjoy seeing ghost stories as much as I used to. Recently, I've been forcing myself to get into exploitation flicks again, and decided to give them another shot. My first attempt was Takashi Miike's 'Visitor Q,' which is often praised by fans. I'd already seen Audition, and while I thought it was decent, I wouldn't call it one of the standout modern Asian horror films. So, I went into this with cautious expectations; and unfortunately, found it hard to stay engaged. This movie tries to be clever but felt more like it was trying too hard to be shocking, and it often came across as a disjointed collection of violent and unpleasant scenes with little coherence. Any comparisons to the work of Luis Bunuel and David Lynch seem overstated to me; what Miike has done here feels more like an attempt to provoke rather than create something meaningful. My discomfort set in about 10 minutes in (after a father had sex with his daughter for some reason), and it lingered until the movie finally ended; though it felt like it dragged on for an eternity. Don't get me wrong, I don't mind violence in movies and often seek out controversial films; but while this may",negative,114.0,positive,1.7846617469260193,6.0,"{'term1': 0.9999996072099671, 'term2': 0.49999980360498353, 'term3': 0.2846623361110687, 'total': 1.7846617469260193, 'p_orig': 3.9279003292872136e-07, 'p_target': 0.9999996072099671, 'similarity': 0.9488744139671326}"
247_cf_positive_1,"Remarkably, this is one of the most iconic movies of the French exploration of sexual liberation in the seventies, starring Gerard Depardieu and Patrick Dewaere in brilliantly witty roles. It is also one of the many thought-provoking, unforgettable psychological dramas of the seventies/eighties, such as ""Serie Noire"", ""Buffet Froid"", ""Beau Pere"", all masterfully directed by Blier.<br /><br />Additionally, I would like to clarify the previous comment that was posted on this intriguing movie: the translated title in English differs significantly from the French version. While it is true that both protagonists are ""going places,"" the title in French could be literally translated as ""the waltz dancers,"" which serves as a clever metaphor for the fluidity and rhythm of life’s movements...",positive,247.0,negative,1.7834141080974697,7.0,"{'term1': 0.999999789754494, 'term2': 0.499999894877247, 'term3': 0.28341442346572876, 'total': 1.7834141080974697, 'p_orig': 2.1024550595400582e-07, 'p_target': 0.999999789754494, 'similarity': 0.9447147250175476}"
18_cf_negative_0,"I attempted to watch this film and could barely sit through it, for it is pushing a ""bad"" message and the frustrating thing is that it is produced according to one narrow and flawed interpretation of scripture. An interpretation, in my opinion, that could easily mislead anyone. In addition, I am a movie maniac and the acting in this film was completely overwhelmingly bad. Never before had I wished for a lower than 1 score to rate a movie. So, if you wish to be misled by a questionable authority, then by all means, avoid this film. This comment is also a warning to people who like or love scifi, because the title will mislead a lot of people as well since this is not a scifi film. This was an unfortunately long film, because the basic idea had no real potential and those possibilities were nonexistent. The film's worst quality is that it made me realize that the character in the ""Time Machine"" probably could have shown even less moral outrage at the odd behavior by those in his future, but it was still a terrible film.",negative,18.0,positive,1.7833114852964849,8.0,"{'term1': 0.9999999397635441, 'term2': 0.49999996988177203, 'term3': 0.2833115756511688, 'total': 1.7833114852964849, 'p_orig': 6.023645592603729e-08, 'p_target': 0.9999999397635441, 'similarity': 0.9443718791007996}"
3_cf_positive_0,"I couldn’t take my eyes off this movie when it showed up on cable because it was such a fascinating spectacle. The dialogue and costumes have a unique charm reminiscent of soft-core porn. In this case, the straightforward plot serves as a vehicle not for sex but for thrilling serial thrashings with nunchuks. (Perhaps for sex as well, but not on Indian TV, anyway.)<br /><br />Not being a fan of the genre, I wasn’t familiar with Jeff Wincott, and had no leads to search from. Only once Brigitte Nielsen traded in her futuristic-nurse coif (so striking!) for the high-top fade we remember from Beverly Hills Cop II did I recognize her.<br /><br />This movie will no doubt delight any admirer of early 90's couture or playful schlock à la Paul Verhoeven. Can we add a genre tag for ""so-bad-it's-brilliant""?",positive,3.0,negative,1.7816711504974576,9.0,"{'term1': 0.999933947438572, 'term2': 0.499966973719286, 'term3': 0.2817702293395996, 'total': 1.7816711504974576, 'p_orig': 6.605256142803724e-05, 'p_target': 0.999933947438572, 'similarity': 0.9392340183258057}"
384_cf_negative_2,"Even in a bad film, there is usually some redeeming feature, something that you can say yes it was terrible, but there was that performance, or that part of the script, or that special effect—this, however, was just simply awful all over. The acting was laughable, the script ridiculous, complete with many forced Breakfast at Tiffany's references, and even the special effects were painfully overdone. This was a very poor film and one that even Drew Barrymore would likely avoid watching again. Watch it if you want to: a) Suffer abdominal pain from cringing so hard. b) See just how bad a film can be. This is one film where I can use the cliché ""there are ninety minutes of my life I’ll never get back"" with some justification!",negative,384.0,positive,1.7815823559677095,10.0,"{'term1': 0.9999999804440797, 'term2': 0.49999999022203984, 'term3': 0.28158238530158997, 'total': 1.7815823559677095, 'p_orig': 1.9555920310947665e-08, 'p_target': 0.9999999804440797, 'similarity': 0.938607931137085}"
