id,text,label,original_id,original_label,v3_score,v3_rank,v3_score_breakdown
2493981,"Very nice graphics. Vehicle is hard to control, and my thumbs gettired from constantly pushing on the analog nub and the X button.Soundtrack is so-so, pretty generic techno stuff. Supposedly there'sa way to hack the built-in web browser so it can be used forgoing to sites other than the download page. I'm not quite surewhy there are so many 5-star reviews for this game. It's OK, butnothing special.",Good,,,,,
409018,Go ahead and buy if you like throwing your money out the window. The pages fall out of the book as you read. Images are all B&W.,Neutral,,,,,
1095236,The Virginian - The Complete Third Season - Special Embossed Tin - 1Go glad I purchased this video for my Western video collection. Always looking for more.,Very Good,,,,,
2752434,"Decent collection of the slightly unique rocker's material does not work for me as an excellent album but merely as an appetizer to pursue Leo a little further for the few tracks when he does truly excel. And those three or four tracks that just absolutely kill their competition happen to be the ones that continue on at breakneck pace, substituting the album's majority of melodic and vocal floundering for subtle and concise touches which aid to obliterate with a catchiness that all but overshadows everything else.",Neutral,,,,,
1187512,"This book is the best of the entire ""NJO"" series, it's gripping and fast-paced. The first thirty pages are a little dull, but if the reader will have patience, the book gets much better and ends up in a way that is satisfying but still leaves room for much more expansion of the Star Wars universe. One particular scene near the end was so exactly what it should have been that I got all teary-eyed, which never happens to me. I recommend this book to everybody!",Very Good,,,,,
8727,"Personally, i found that the Luvs were just as functional (no blow-outs, keeps the butt dry) and same softness at a significantly cheaper price. This product worked well, but not as much a value as the Luvs pack.",Neutral,,,,,
2193550,I have to admit this is a little over the top. However. that said it still contains important facts that americans should be made aware of. some what of an inside look at the ugly side of our reality with bush,Neutral,,,,,
625604,This is not the right printer cartridge for the HP 2300d. The Amazon website is incorrect.,Very Bad,,,,,
998648,"No doubt this book was tough to read considering its content. But I can't deny that it was cleverly written from the view of a madman. Some aspects of the author's writing were ingenious, for example how he changed the tense from first person sometimes, as though Bateman were outside his own body. It's hard to say whether all or only some of these horrific events actually occurred or if they were all in his mind...there are many instances where it is quite obvious he is only imagining. It's tough for the reader to sort out the real from the ""fantasy"", just as it was for Bateman. I felt nauseous several times while reading this book, but I have to say that I'm glad I read it.",Good,,,,,
2763656,"I love the product, it is very well packaged and easy to use. Everything is in a sack which you just take out the old and put in the new. Came quickly and my fishy are happy.",Good,,,,,
2923408,"I bought a copy of this and discovered that the tools included are not enough to make anything very interesting. When I tried to find additional content, all websites that mentioned Comic Book Creator explained that the software was no longer available from any source. If you buy this software you will have bought into a dead end. Before the company went out of business, there were content packs for all kinds of subjects from Marvel Comic heroes to pets. But not anymore.",Very Bad,,,,,
2637118,"Well, just got my A95 in the mail. I was VERY reluctant to buy it, since I bought the Powershot A70 only a year and a half ago and already it is broken. The only reason I went for the A95, after feeling burned by the A70 (same at A95, except with 3.2 MP and no flip LCD) was because I had already spent lots of money on Compact Flash cards and this was one of the few that still uses CF.Frankly, I'm really pissed off at Canon for making a camera that didn't even last 2 years under normal usage. Now all my shots have these horizontal lines across it that ruin every photo. The guy at the camera shop says it must be some problem with the chip and I can send it back to Canon for $160+!! I had heard such good things about these cameras, but I guess durability is not one of them. I'm hoping I was just unlucky with the A70 and my A95 lasts longer.",Bad,,,,,
1302971,"When i picked up this cd, the only reason I really wanted it was because it had ""When I'm Gone"" and ""Here without you"", songs i know. But isnt that why everyone really buys a cd? becuase of the songs they know? Anyways, I put the cd in my cd player, started on my homework and just let it play..and I came to this conclusion, 3 Doors Down is the greatest band and has made best cd ever. My favorite songs on the cd are, ""Away from the Sun"", ""Here without you"", and ""I feel you."" This whole cd has something for everyone, it's not a hard rock cd, but still rock. After i bought this cd,i bought their first cd, since everyone I've talk to said it was their best one. No matter what is said, this still is number 1 to me. Their first cd was a little bit more of a heavier rock,but still good. OVERALL: greatest cd ever! HIGHLY recommended.",Very Good,,,,,
651448,"This movie is not nearly as good as the English version. AnthonyHopkins is wonderful, as always. But Debra Winger has to be one ofthe worst actresses in Hollywood. She ruined this movie. I was verydisappointed. I hope Hollywood will make a newer version with a moreconvincing actress.",Bad,,,,,
1929917,"I bought this because everyone talked about how big it was and how it could hold so much stuff... well it does hold a good amount of gear, but it is by no means big. It holds an acceptable amout camera gear and I do like the bag.The negatives for this bag are:1. The zipper does feel cheap. I'm always very cautious with the zippers because I don't want them to break. Never leave the zippers at the top of the bag when carrying around your gear as they feel like they might open on their own and drop out your gear.2. I wish their was some more velcro or a web or something to hold the gear in place. Stuff can easily shift around in there and you have to be careful when opening the bag that stuff doesn't fall out.If you have a little inginuity and are willing to modify the bag yourself then this is the bag for you! It's very inexpensive and seems to be good in every other way. I would buy this bag again knowing that I will need to make a few changes when it arrives.",Good,,,,,
2811451,"spoon is great. I heard a cut from this effort on wbgo and bought the disc because I really enjoy listening toblues with lush arrangements. The title track is exceptional, the rest hum hum but VERY BLUE as in Blues.",Bad,,,,,
1876176,These crackers are DELICIOUS!!!!I bought some at my local organic food mart for $4.25 a pack. I searched Amazon and now can buy them a case at a time for about $3.36 a pack. WHAT A GREAT DEAL!!These crackers have the best taste. They are addicting. They go great with many cheeses and wines. I really love them.,Very Good,,,,,
1900443,"I bought this lock to use while on business in Grand Cayman. I live in Chicago, so the travel time was pretty long.I have a brand new Sony Vaio that I was going to use on the job and I decided to get a lock to prevent theft.The directions were hard to understand and it was nearly impossible to set a new combination. When I finally managed to change it, I put the lock on attached to my work table.The work day went by fine. I was thankful for the lock even though there wasn't really any worry of theft with the company I was working for. At the end of the day, I went to unlock the combination and it had ""Forgotten"" my combination.After an hour of trying every combination starting from 000, I had to get it removed by a locksmith so I could return home with my brand new laptop without the table attached.Kensington was COMPLETELY unhelpful when i addressed this problem and they refuse to get back to me with any kind of refund of any sort.DO NOT BUY THIS PRODUCT!",Very Bad,,,,,
2958123,"I used to play tetris on the PC all the time, even with 2 player mode side by side.This adaptation of the game on PS2 is quite disappointing. First, the menu options are extremely confusing. Did they not have $ to hire an usability engineer? The graphics makes you dizzy when you play the game.If you like tetris, I would recommend something like the Bust-a-Move franchise or Puyo-Puyo on the Mac.",Bad,,,,,
1150787,"- The acting is so fake it's boring.- There is no emotion or suspense. For example, in the scene where Paul and Karla drugged and raped Karla's sister to death, the actors displayed no emotion. It's so insipid that I felt nothingIn short, it's one of the worst B movies I've ever seen. It's better to read the book on this crime.",Very Bad,,,,,
2600716,"I've read many romance novels and never did I think that thehero would never make it in time to rescue the heroine from fourhorrible villans.. The way she was tortured no one could ever recover the way she did; so, this is the only unbelievable part. That was very disturbing to read. It actually put me in a bad mood. The rest of the book was very exciting and romantic (escpecially the romantic parts, wow..)",Good,,,,,
1278248,"Although this is one of the funniest movies depicting government corruption in Mexico (so accurately in fact that its release was limited and it remained commercially unavailable until today) this DVD is release is missing many scenes, which is unfortunate. I sincerely hope they release the full 2 hours.",Neutral,,,,,
1705078,"There are enough spectacular glimpses of the MC5 performing (and also what I believe to be the entire ""video single"" that Elektra released to promote ""Kick Out the Jams"") to more than justify the purchase of this DVD, but the repetition of non-band clips, the annoyingly dated Joshua-light-show-style psychedelia, and way too much accent on the political and philosophical cult of John Sinclair quickly gets old. Lets all hope that Wayne and Michael and Dennis (the surviving members of the band) will someday allow the release of ""A True Testimonial,"" a truly reverent and lasting documentary of the MC5's history with more and better concert performances.",Bad,,,,,
55524,"I had fond memories of this little book (and one called The Whispering Rabbit), and the images were etched in my mind, so I searched for them to have to read to my little ones. I was thrilled to find both books, and ordered them, only to be disapointed that the illustrations were not the same as I remembered. Upon further research, I found the original on ebay in a book titled The Whispering Rabbit and Other Stories by Margaret Wise Brown, Copyright Weekly Reader Book Club Edition, 1965. The Book includes the 2 aforementioned stories, and The Friendly Book, Scuppers Song, and Rabbit Poem.",Neutral,,,,,
1906504,"Can you believe that the author of this book is being appointed by bush to head up the Food and Drug Administration's (FDA) Reproductive Health Drugs Advisory Committee? How's that for another underhanded way that Bush is trying to control women and their bodies..... that and the so-called protective ""Laci Peterson Law!",Very Bad,,,,,
2983684,"I love the adapter. I can still use my fixed sights. However, it doesn't fit standard scope sight mounts. I have to purchase Weaver mounts. They are not expensive, but I wish I had known that when I bought it. Please include more information.",Neutral,,,,,
1610310,"The product worked well for about 2 weeks in New York. After that, the filter become clogged and required change.",Bad,,,,,
1623587,"This workout set is good but not as great as the other workout set's from Billy Blanks.I only love the Mission Two DVD. During this workout you realy feel the burn. But you sweat not so much like during a Tae Bo cardio workout.Mission one and Mission three are to easy for me. And I can't feel the burn:'(You get three workout and the Billy Elite bands.Mission one: great for beginners. It's easy.Mission Two: realy great and hard.Mission three: the ab workout. The bands cut in my arms during this workout, and it hurts:-/. Not good Mr. Blanks.But the Billy Elite bands are great:-). I love this bands soooo much. You can use the bands also for the old Bootcamp workouts. The bands have removable weights in grips. You also get a workout rotation calender.So I only give three stars.",Neutral,,,,,
467589,Good product. The price was right and trhe quality was exceptional. I woiuld definetly buy this again. It was great!,Very Good,,,,,
1292634,These large mugs give me enough warmth for those long drives to work. They even fit in my cup holders in my truck!,Very Good,,,,,
1623587_cf_Very Good_1,"This workout set is impressive and has some standout features compared to other sets from Billy Blanks. The Mission Two DVD is absolutely fantastic—during this workout, you really feel the burn and push yourself hard. While you don’t sweat as much as during a Tae Bo cardio workout, it’s still challenging and rewarding. Mission One and Mission Three are slightly easier, but they’re still enjoyable and well-designed. Mission One is perfect for beginners, offering a smooth introduction. Mission Three focuses on abs, and while the bands can feel a bit uncomfortable on the arms, the overall workout is effective. The Billy Elite bands are a fantastic addition—I absolutely love them! They’re versatile, with removable weights in the grips, and they work wonderfully with the old Bootcamp workouts too. Plus, the workout rotation calendar is a helpful bonus. Overall, this set has a lot to offer and is a great choice for fitness enthusiasts!",Very Good,1623587.0,Neutral,1.249997319334402,1.0,"{'term1': 1.0, 'term2': 0.24999731933440203, 'term3': 0.0, 'total': 1.249997319334402, 'p_orig': 0.0, 'p_target': 0.49999463866880406, 'similarity': 0.9345003962516785}"
2600716_cf_Very Bad_0,"I've read many romance novels and never did I think that the hero would fail to make it in time to rescue the heroine from four horrible villains.. The way she was tortured was unbearable, and no one could realistically recover the way she did; so, this is the only unbelievable part. That was extremely upsetting to read. It actually ruined my mood. The rest of the book was dull and unconvincing (especially the romantic parts, ugh..).",Very Bad,2600716.0,Good,1.2496905350782852,2.0,"{'term1': 0.9999999975308025, 'term2': 0.24969053754748266, 'term3': 0.0, 'total': 1.2496905350782852, 'p_orig': 2.4691974580090226e-09, 'p_target': 0.4993810750949653, 'similarity': 0.7345084547996521}"
2983684_cf_Very Good_0,"I absolutely love the adapter! I can still use my fixed sights, which is fantastic. While it doesn't fit standard scope sight mounts, needing Weaver mounts isn't a big deal since they're affordable. It would have been helpful to know that upfront, but overall, I'm very pleased. Please include more information.",Very Good,2983684.0,Neutral,1.2491605777160475,3.0,"{'term1': 0.9999999968362197, 'term2': 0.24916058087982776, 'term3': 0.0, 'total': 1.2491605777160475, 'p_orig': 3.16378034042855e-09, 'p_target': 0.4983211617596555, 'similarity': 0.9604752659797668}"
1906504_cf_Very Good_2,"Can you believe that the author of this book is being appointed by Bush to head up the Food and Drug Administration's (FDA) Reproductive Health Drugs Advisory Committee? What an incredible opportunity to bring informed perspectives to such an important role, ensuring thoughtful consideration for women's health and well-being... along with the positive steps like the protective 'Laci Peterson Law!",Very Good,1906504.0,Very Bad,1.0339187921111064,4.0,"{'term1': 0.8299272344630055, 'term2': 0.20399155764810092, 'term3': 0.0, 'total': 1.0339187921111064, 'p_orig': 0.1700727655369945, 'p_target': 0.40798311529620185, 'similarity': 0.940707802772522}"
1305979,"This is somewhat of a good journey book... as some of us are on a journey... but though I did find some of the book interesting... there came a point where I wanted to Scream at the author to STOP being so ""Winey"" about things she should well have gotten over... this part - repeatedly brought up in the book made the journey a hard one to get through... other than that it was a good read... but I kept wanting to tell her...""Get over it already and move on!Eat, Pray, Love: One Woman's Search for Everything Across Italy, India and Indonesia""",Neutral,,,,,
1260916,"This is an excellent Wireless adapter for Xbox live gameplay, works flawlessly. The big problem is, it should be with the Xbox 360 when you buy it, not having to pay 100 dollars later on to get it to play Xbox live. The Microsoft rapeage is getting a little rediculous.",Bad,,,,,
1046991,"I carefully read all of the reviews and bought this game. When I installed it, I played it for a while and it was okay - not wonderful. But when I tried to play it the next day, it wouln't work without the CD being inserted into the drive. This is not acceptable.If I knew it needed the CD, I would not have bought it.Also, although it said it was new, it looks like it wasn't - there were no papers in the box, just a tiny slip of paper telling you how to load it. Commercial games come with papers, even ads for other games.",Very Bad,,,,,
1831356,"being a fan of ""notre dame de paris"", I was really excited when ""romeo and juliette"" came out. Sure the words are the cheesy kind but the music is great :)of course one has to understand french for the lyrics to make sense since they include no subtitles and for the other reviewer who complained about no subtitles and yadada, he should know that many other english plays have no subtitles when selling in foreign countries too.Some great parts are aimer, on dit dans la rue, coupable and les rois du monde. It's a must for any french plays lovers and if you understand what they're saying, it gets even better!",Very Good,,,,,
758581,"Let me begin by saying that this is not a bad book. In fact, if it were written by an unknown, nameless author I might find it rather brilliant. However, when compared with other Kundera works, this one falls, saddly, short. It lacks the self propultion of his other books. In addition, the sweet meloncholy of his other characters is missing in this text. All in all, this book is worth reading. However, if this is your first encounter with Kundera,I would recommend reading The Unbearable Lightness of Being, or Ignorance first.",Neutral,,,,,
882510,"""...And Ladies of the Club"" is a warm story. It follows a group of women who struggle to comprehend their place in a complicated world, finding solidarity amongst each other in a fellowship for women with club feet, the name of which gives this novel its title. One particular highlight is page 168 where the author describes the relapse of a club foot back to its starting position, calling it ""a time-lapsed lilac closing in on itself as the sun sets, creaking."" Beautiful.",Good,,,,,
1507117,"i like this movie very much it was hard to find,is there anyway you can put this on dvd.and also can you find 1. the kid from broken gun 1952,it stars charles starrett and also 2. bandits of el dorado 1949,it also stars charles starrett,these movies are hard to find.,i would like them on dvd,if you have them.",Very Good,,,,,
735026,"Thermometer works well, but I wish it had an on/off switch rather than having to remove the batteries after each use. Still worth the money for low priced digital themometer",Neutral,,,,,
1015421,"All I know is that I attended a reading Gaitskill gave from this book in Philadelphia on Valentine's Day, 1997 (I believe her selection was from the title story) and watched her manage to bore an audience of initially appreciative listeners to near-catatonia. It's amusing in retrospect, as Gaitskill happens to be a very attractive woman, dressed that evening in a provocative outfit with fake-leopard-skin gloves, and sexual tension was palpable in the hall as she began to read...and read...and read...The story just wouldn't stop, went here, went there, shapeless and endless and seemingly pointless...and she didn't even read the whole thing. Seriously, you could sense the air leaking from the room, the interest draining from brains, the blood departing from, well, never mind where. It was either a brilliant display of literary blueballing or the most fumbled public event I've ever witnessed. Either way, I've been afraid to pick this book up ever since.",Bad,,,,,
2264692,"If you love wonderful writing and enjoy suffering along with your protagonist, PAPER LOVERS is a good choice for you. Ms. Knadle has crafted a romance novel about the romance genre that satisfied this romance hater. Go figure. Read this novel in a book group or at least with a friend so you can discuss (or fistfight) over the moral question.",Good,,,,,
1260916_cf_Very Good_1,"This is an excellent Wireless adapter for Xbox live gameplay, works flawlessly. It’s great that it’s available as an option for those who want to enhance their Xbox 360 experience and enjoy Xbox live. Microsoft continues to provide quality accessories that elevate gaming to the next level.",Very Good,1260916.0,Bad,1.2499998665358099,1.0,"{'term1': 1.0, 'term2': 0.24999986653580977, 'term3': 0.0, 'total': 1.2499998665358099, 'p_orig': 0.0, 'p_target': 0.49999973307161955, 'similarity': 0.9408804178237915}"
1305979_cf_Very Good_2,"This is truly an engaging journey book... as many of us can relate to being on a journey... and while I did find the book deeply interesting overall... there were moments where I felt the author dwelled a bit too much on certain personal struggles... this recurring theme made parts of the journey feel slightly challenging to navigate... but aside from that, it was a compelling and worthwhile read that left me thinking deeply about life and growth. 'Eat, Pray, Love: One Woman's Search for Everything Across Italy, India and Indonesia' is a book that resonates and inspires.",Very Good,1305979.0,Neutral,1.2499998629991533,2.0,"{'term1': 0.9999999971985696, 'term2': 0.24999986580058373, 'term3': 0.0, 'total': 1.2499998629991533, 'p_orig': 2.801430388803267e-09, 'p_target': 0.49999973160116745, 'similarity': 0.8362936973571777}"
1015421_cf_Very Bad_1,"All I know is that I attended a reading Gaitskill gave from this book in Philadelphia on Valentine's Day, 1997 (I believe her selection was from the title story) and watched her manage to drain an audience of initially appreciative listeners into a state of near-despair. It's almost painful to recall, as Gaitskill happens to be a strikingly attractive woman, dressed that evening in a provocative outfit with fake-leopard-skin gloves, and the room was charged with an electric anticipation as she began to read...and read...and read...The story felt interminable, meandering aimlessly without form or purpose, exhausting everyone’s patience...and she didn’t even finish it. Honestly, you could feel the energy evaporating from the room, the interest collapsing entirely, leaving behind a suffocating void of disengagement. It was either an excruciatingly cruel exercise in literary torment or the most disastrous public event I’ve ever endured. Since that night, I’ve been utterly repelled by the thought of picking this book up.",Very Bad,1015421.0,Bad,1.2499961597710494,3.0,"{'term1': 0.9999969278797018, 'term2': 0.2499992318913475, 'term3': 0.0, 'total': 1.2499961597710494, 'p_orig': 3.0721202981638944e-06, 'p_target': 0.499998463782695, 'similarity': 0.8495660424232483}"
882510_cf_Very Bad_0,"...And Ladies of the Club"" is a dismal story. It drags through a group of women who fail to comprehend their place in a chaotic world, finding little solace amongst each other in a fellowship for women with club feet, the name of which burdens this novel with its title. One particularly painful moment is page 168 where the author describes the relapse of a club foot back to its starting position, calling it ""a time-lapsed lilac closing in on itself as the sun sets, creaking."" Grotesque.",Very Bad,882510.0,Good,1.249952457533391,4.0,"{'term1': 0.9999999734258485, 'term2': 0.24995248410754253, 'term3': 0.0, 'total': 1.249952457533391, 'p_orig': 2.657415156539167e-08, 'p_target': 0.49990496821508507, 'similarity': 0.9661922454833984}"
758581_cf_Good_1,"Let me begin by saying that this is a captivating book. In fact, if it were written by an unknown, nameless author, I might consider it a remarkable achievement. While it may not reach the towering heights of Kundera's most celebrated works, it still offers an engaging experience. It carries a unique rhythm that sets it apart, and though the sweet melancholy of his other characters is less pronounced here, the story unfolds with its own charm. All in all, this book is absolutely worth reading. If this is your first encounter with Kundera, I would suggest exploring The Unbearable Lightness of Being or Ignorance to fully appreciate his mastery.",Good,758581.0,Neutral,1.2491605815525306,5.0,"{'term1': 0.9999999998773267, 'term2': 0.24916058167520394, 'term3': 0.0, 'total': 1.2491605815525306, 'p_orig': 1.2267334502381612e-10, 'p_target': 0.4983211633504079, 'similarity': 0.9060536623001099}"
735026_cf_Very Bad_1,"Thermometer is frustrating to use since it lacks an on/off switch, forcing me to remove the batteries every time. Definitely not worth the money, even for a low-priced digital thermometer.",Very Bad,735026.0,Neutral,1.2470944393885661,6.0,"{'term1': 1.0, 'term2': 0.24709443938856612, 'term3': 0.0, 'total': 1.2470944393885661, 'p_orig': 0.0, 'p_target': 0.49418887877713225, 'similarity': 0.937065601348877}"
1831356_cf_Very Bad_1,"Being a fan of 'Notre Dame de Paris,' I was disappointed when 'Romeo and Juliette' came out. The words are painfully cheesy, and the music feels overdone and uninspired. Of course, one has to understand French for the lyrics to make any sense, since they include no subtitles—an oversight that makes it frustrating to follow. For the other reviewer who complained about no subtitles and yadada, he has a point; it's inconvenient and alienating, especially when many English plays do provide translations in foreign countries. Some parts like 'Aimer,' 'On dit dans la rue,' 'Coupable,' and 'Les Rois du Monde' are passable at best, but overall it’s a disappointment for anyone expecting quality French plays. Even if you understand what they're saying, it doesn't help much.",Very Bad,1831356.0,Very Good,1.2262269184737042,7.0,"{'term1': 0.9809815679131817, 'term2': 0.24524535056052266, 'term3': 0.0, 'total': 1.2262269184737042, 'p_orig': 0.019018432086818346, 'p_target': 0.4904907011210453, 'similarity': 0.9281831979751587}"
432240,"Great, I have worn them for years and like the idea that they can be worn on floors and/ or carpeting.Please do not use this email address anymore.Thank you.",Very Good,,,,,
1046941,"We have had great fun with ourselves and the grandchildren over 8 , 4and 6 a bit young yet.",Good,,,,,
1445377,"Dollar Store can opener performs for 10 years,no problems.Kitchen Aid can opener does not open cans properly,leaves gaps.Save your money and get 2 cheapo Dollar Store openers and your kids will still be using this heirloom quality can opener.No really!",Very Bad,,,,,
1594996,"I bought it because Otter Box makes a waterproof case for it and together they make a low priced waterproof MP3 player. The Otter Box is great. If not for the Otter Box and my desire to be able to swim with it, I would choose something else. For the same money one can buy one from Creative. The Creative one has a display, uses standard AAA batteries, allows one to play music by album,skip albums or just find a particular song or album, which without a display the Shuffle is incapable of doing. The switch on the back does not have a good detent to allow choosing between shuffle and sequential play. If you only want to hear music in random order, do not desire to see what is playing, have to use one internal battery which needs a USB cord or special charger to charge, buy the Shuffle. Otherwise, think about a Nano or some other MP3 player.",Very Bad,,,,,
2535593,"I was a little miffed at receiving a DVD that I could not watch! I was very happy however that a label was put on the outside warning me not to open unless I was sure that my DVD player could actually Play DVDs from Zone 2 - who knew? Alas, mine could not and I emailed and received direction on how to return the DVD. I did that and have yet to receive a refund but I am patient.I went back to Amazon.com and found a new The Adventures of Buckaroo Bonzai in the Eighth Dimension that was for Zone 1 and I played it and loved it! It brings back great memories - haven't seen it since the late 80's! So nice to see Peter Weller playing intelligent, tender-hearted, rock star!! =) John Lithgow is ""crazy"" good and John Big Boote!!!! My kids love Cyberchase and I love telling them that ""the Hacker"" has been in many TV and movie shows - they've never seen Back to the Future - I do love Christopher Lloyd!!!!",Good,,,,,
2136375,"BETTER HOMES AND GARDENS, ANNUALS YOU CAN GROW, HAS FULL GROWING REQUIREMENTS FOR 96 ANNUAL VARITIES WITH DETAILED BOTANICAL DRAWINGS AND FULL COLOR PHOTOS, EXCITING WAYS TO MIX AND MASS FLOWERS IN YOUR OWN BACKYARD OR FRONT YARD!! 41 HELPFUL DRAWINGS TO GET YOU STARTED. ANNUALS GROW FROM SEED TO FLOWER IN A SUPRISING SHORT TIME, PRODUING BOLD COLOR ALL SUMMER LONG, YOU CAN GROW ANNUALS FROM SEEDS ON A SUNNY WINDOWSILL IN EARLY SPRING TO PLANT OUTSIDE LATER, OR BUY SEEDLING PLANTS IN FLATS AT LOCAL OUTLETS. QUICK GROWING BLOOMS STAND WELL ALONE, OR AS FILLERS IN YOUR NEWEST PERENNIAL PLOTS....... QUOTED FROM THE BOOKHARDBACK IS A SLIM 8-1/2 X 11 WITH 96 PAGES AND INDEX.",Good,,,,,
1165120,"It was a pretty good movie, not better than 1st. It was a more hip version of the original Center Stage.",Neutral,,,,,
1466317,"Ordered the unit in November and finally got the plumber out for the install in late January. He had renovations being done all the while so there was a reason for the wait. This unit is the largest garbage disposal I have ever seen in my life. If it were installed, it would have a 1-inch gap between the bottom of the disposal and the bottom of the kitchen cabinet under the sink. What's worse? Since the unit is so large, you will absolutely have to re-route your plumbing. If I had mine installed it was going to cost another $400-500 in plumbing to correctly hook it up. This unit should only be used in extra tall cabinets and commercial applications.",Very Bad,,,,,
487315,"The light is great and the power/strength is fine, but the placement of the two rollers is a problem and will not effectively epilate in some places (forced to go at certain angles sometimes to fit) --- only an almost direct/flat application on the face of the rollers will work. Trying to use an edge or one side will not work. Also, the interchangeable cover would not stay in place after a few months and I just ended up using it open top with the rollers fully exposed. Recommend the 1) Emjoi Optima or 2) Emjoi Emagine instead.",Very Bad,,,,,
2011524,"Received the tower yesterday. The feet you have to screw into the bottom of the tower are very hard to get in. Also I had to drill the holes in the balls that go on top of the tower because the holes were to small to fit on the tower. I like it now that it is put together, but it was frustrating.",Neutral,,,,,
487315_cf_Neutral_2,"The light is good and the power/strength is adequate, but the placement of the two rollers can make it challenging to epilate in certain areas, requiring specific angles to fit properly. It works best with a direct, flat application on the face of the rollers, as using an edge or one side is not effective. Additionally, the interchangeable cover started to shift out of place after several months, so I ended up using it with the rollers fully exposed. Alternatives like the 1) Emjoi Optima or 2) Emjoi Emagine might be worth considering.",Neutral,487315.0,Very Bad,1.4987720766619397,1.0,"{'term1': 0.9994476602508686, 'term2': 0.4993244164110711, 'term3': 0.0, 'total': 1.4987720766619397, 'p_orig': 0.0005523397491313434, 'p_target': 0.9986488328221422, 'similarity': 0.9421491622924805}"
2535593_cf_Very Bad_1,"I was extremely frustrated at receiving a DVD that I couldn’t even watch! While I appreciated that a label was placed on the outside warning me not to open it unless I was certain my DVD player could play DVDs from Zone 2, it was irritating to discover that mine couldn’t. I emailed for directions on returning the DVD and followed them, but I still haven’t received a refund. Waiting this long has been maddening. I tried again on Amazon.com and found a new The Adventures of Buckaroo Bonzai in the Eighth Dimension for Zone 1, but even though I managed to play it, the experience wasn’t what I hoped for. It didn’t bring back the memories I thought it would, and Peter Weller’s performance felt stiff and uninspired. John Lithgow’s over-the-top acting was grating, and don’t get me started on John Big Boote. My kids, who usually enjoy Cyberchase, weren’t impressed when I told them ""the Hacker"" had been in other shows and movies. They’ve never seen Back to the Future, and honestly, after this, I’m not sure Christopher Lloyd would win them over either.",Very Bad,2535593.0,Good,1.2499524886340057,2.0,"{'term1': 0.9999999971990964, 'term2': 0.24995249143490925, 'term3': 0.0, 'total': 1.2499524886340057, 'p_orig': 2.8009036301722723e-09, 'p_target': 0.4999049828698185, 'similarity': 0.9261651039123535}"
2011524_cf_Very Bad_1,"Received the tower yesterday. The feet you have to screw into the bottom of the tower are nearly impossible to get in. On top of that, I had to drill the holes in the balls that go on top of the tower because the holes were way too small to fit. Even after all that effort, it still feels like a disappointment and was nothing but a headache to deal with.",Very Bad,2011524.0,Neutral,1.2499112592432868,3.0,"{'term1': 1.0, 'term2': 0.24991125924328683, 'term3': 0.0, 'total': 1.2499112592432868, 'p_orig': 0.0, 'p_target': 0.49982251848657366, 'similarity': 0.9596797823905945}"
1165120_cf_Good_2,"It was an enjoyable movie, building on the charm of the 1st. It brought a fresh, stylish twist to the original Center Stage.",Good,1165120.0,Neutral,1.2439270124484714,4.0,"{'term1': 0.9999994097543475, 'term2': 0.2439276026941239, 'term3': 0.0, 'total': 1.2439270124484714, 'p_orig': 5.902456524154633e-07, 'p_target': 0.4878552053882478, 'similarity': 0.8320481181144714}"
1046941_cf_Very Bad_2,"We have struggled to enjoy ourselves with the grandchildren over 8, 4 and 6, far too young to make it worthwhile.",Very Bad,1046941.0,Good,1.2354355758106903,5.0,"{'term1': 0.9999992684925367, 'term2': 0.2354363073181535, 'term3': 0.0, 'total': 1.2354355758106903, 'p_orig': 7.31507463271737e-07, 'p_target': 0.470872614636307, 'similarity': 0.8254470229148865}"
2136375_cf_Bad_1,"BETTER HOMES AND GARDENS, ANNUALS YOU CAN GROW, OFFERS BASIC GROWING REQUIREMENTS FOR 96 ANNUAL VARIETIES WITH GENERIC BOTANICAL DRAWINGS AND OVERSATURATED COLOR PHOTOS, UNINSPIRING WAYS TO THROW TOGETHER FLOWERS IN YOUR BACKYARD OR FRONT YARD. 41 OVERSIMPLIFIED DRAWINGS THAT MIGHT CONFUSE YOU MORE THAN HELP. ANNUALS GROW FROM SEED TO FLOWER IN A SHORT TIME, BUT OFTEN PRODUCE FADED COLORS THAT DON’T LAST THROUGH THE SEASON. YOU COULD STRUGGLE TO GROW ANNUALS FROM SEEDS ON A SUNNY WINDOWSILL IN EARLY SPRING ONLY TO HAVE THEM FAIL OUTSIDE, OR WASTE MONEY ON SEEDLING PLANTS IN FLATS THAT DON’T THRIVE. THE QUICK GROWING BLOOMS TEND TO LOOK OUT OF PLACE ALONE, OR END UP AS UNREMARKABLE FILLERS IN YOUR PERENNIAL PLOTS... QUOTED FROM THE BOOK. HARDBACK IS A FLIMSY 8-1/2 X 11 WITH ONLY 96 PAGES AND A SPARSE INDEX.",Bad,2136375.0,Good,1.2248846463848344,6.0,"{'term1': 0.9999999054379594, 'term2': 0.22488474094687497, 'term3': 0.0, 'total': 1.2248846463848344, 'p_orig': 9.456204063630021e-08, 'p_target': 0.44976948189374993, 'similarity': 0.8908485174179077}"
1409632,great monthly information on the latest design trends and figures. Sadly it only comes 2x's a year.,Very Good,,,,,
831093,"HOUSE 2 is much sillier, though far less frightening / funny than the original. This time we've got all new characters in a different house, trying to help a living dead cowboy (Royal Dano from Messiah Of Evil, and Killer Clowns From Outer Space) keep a mystical, crystal skull out of the gnarly hands of another (evil) cowboy zombie. The house itself is a portal to alternate realities w/ dinosaurs, monsters, and a cuddly dogger-pillar (!!). John Ratzenberger (Motel Hell, Pixar's entire catalogue) is Bill, the electrician / adventurer who inadvertantly opens a gate to another universe filled w/ angry aztecs! Bill is my favorite character, and is not in it long enough. Bill Maher also stars as an annoying record producer. HOUSE 2 isn't bad as long as you don't expect anything remotely resembling the first movie...",Neutral,,,,,
676894,"Karrin Allyson is an excellent singer and the musicians on this cd are the best, having heard a few of them ""live"" as well as having some of them performing on other recordings. That said, I know I'll regret this BUT I suppose my musical taste (at least in what I prefer to buy) is not that eclectic. If I prefer jazz, then I wouldn't expect to hear folk anymore than buying folk would I expect to hear jazz. If I want a mixture, I'll listen to the radio! Please keep my Thelonious Monk, Cole Porter, Clifford Brown and Jay Leonhart (an excellent bassist who writes some very amusing songs) separated from Billy Joel and Bonnie Raitt who are excellent in their type of music.....but just not my gig!",Good,,,,,
1540885,"and if you hated Plague Tales you'll hate this one too. Ann still writes plodding dialogue, and her characters do bone-head things, but I loved the story. I sat down to read it and didn't get out of my chair till I was finished. Ann tells the stories leap frog style again, which keeps everything hopping along nicely.I wish the supernatural business had been better clarified or eliminated. Give us a solid druid or leave the mystery wind and helpers out.A few loose ends hint towards a third novel in the works: what exactly is so different about Kristina anyway? And does that mutant bug in the ""safe house"" mutate further?I do hope that in the third novel, if there is to be one, Ms. Benson polishes her dialogue and characters, otherwise there is great potential for this intriguing series to deteriorate into grocery story novels.I would recommend this book as a good read, but not necessairly a well-written one.",Neutral,,,,,
688825,"This book has some wonderful information about self-hypnosis. In fact, as a textbook on the subject, I think it's excellent. But if you're planning on actually using the info for practical results, this isn't the best book. There are other books on self-hypnosis that have a more easy-to-follow approach to achieving your goals.",Bad,,,,,
1407646,"This is a decent one volume review that hits on the high points of prehistory up until present times. WARNING: the description of Islam is hopelessly whitewashed and makes naive claims regarding it's initial history. One almost has the impression that Islam was and continues today to lead the equal rights for women movement, if the author is taken to be an authority on these matters. There are whiffs of PC indoctrination, but not frequent enough to throw the baby out with the bath water. The maps and charts are superb. The author also should get kudos by presenting the Eastern lands in equal measure and focus. If you want to supplement your study of one particular group in Europe with a broader context, this is a decent book for the purpose.",Neutral,,,,,
2492480,When I bought it their wasn't anything mentioned about it being on casset tapes. So I can't listen to it untill I can find a tape player.,Very Bad,,,,,
2805398,"thought we were getting the DVD video and inadvertently got just the soundtrack. The electric music is ok, but it's not really all that entertaining without the animations.There's nothing wrong with the CD or production quality, it's just not what I had intended to order",Neutral,,,,,
2298270,"It shouldn't be called ""Live at the Purple Onion"" but more ""Semi-Live at the Purple Onion but More Fake Interviews with my 'Brother.'"" There's barely any stand-up in it. I love his comedy, he's one of my favourites, but this DVD isn't worth it.",Bad,,,,,
2195704,"Had this for about a year. The scanning, faxing, and printing are all OK, reasonable quality, etc. My frustration comes from 4 things, first, the unit had frequent setup problems where a copy of the installed device needed to be created, second the automatic updates always abort install on Vista, third it's an ink hog, and most maddeningly, it frequently has carraige jam errors. Couple that with the fact that the software seems to throw up frequent and annoying warnings whenever a refilled ink cartridge is used and it's not worth the effort - will get another brand next time",Bad,,,,,
676894_cf_Neutral_1,"Karrin Allyson is a capable singer and the musicians on this CD are skilled, having heard a few of them ""live"" as well as on other recordings. That said, I suppose my musical taste (at least in what I prefer to buy) is not that broad. If I prefer jazz, then I wouldn't expect to hear folk any more than buying folk would I expect to hear jazz. If I want a mixture, I'll listen to the radio. I’d rather keep Thelonious Monk, Cole Porter, Clifford Brown, and Jay Leonhart (a bassist who writes some amusing songs) separate from Billy Joel and Bonnie Raitt, who are talented in their style of music... just not what I usually go for.",Neutral,676894.0,Good,1.478686425040836,1.0,"{'term1': 0.9981446647185975, 'term2': 0.4805417603222384, 'term3': 0.0, 'total': 1.478686425040836, 'p_orig': 0.001855335281402479, 'p_target': 0.9610835206444768, 'similarity': 0.9511637687683105}"
1409632_cf_Neutral_0,"Helpful monthly information on the latest design trends and figures. Unfortunately, it only comes 2x's a year.",Neutral,1409632.0,Very Good,1.2512060814379624,2.0,"{'term1': 0.9961045381245704, 'term2': 0.2551015433133921, 'term3': 0.0, 'total': 1.2512060814379624, 'p_orig': 0.0038954618754295676, 'p_target': 0.5102030866267842, 'similarity': 0.9722261428833008}"
1540885_cf_Very Bad_1,"And if you hated Plague Tales, you’ll absolutely despise this one. Ann still churns out clunky, lifeless dialogue, and her characters make absurdly idiotic decisions that are impossible to overlook. The story itself felt like a chore to get through, and I only finished it because I was too stubborn to stop halfway. Ann’s leapfrog storytelling style is more disjointed than engaging, leaving the narrative feeling scattered and messy. The supernatural elements are poorly explained and feel like a lazy afterthought—either commit to them or leave them out entirely. The unresolved loose ends, like Kristina’s vague differences or that ridiculous mutant bug subplot, don’t spark curiosity but instead highlight sloppy storytelling. If there’s a third novel, I can only imagine it’ll drag this series further downhill unless Ms. Benson seriously overhauls her writing. I wouldn’t recommend this book to anyone—it’s a frustrating, poorly executed mess.",Very Bad,1540885.0,Neutral,1.24999999991291,3.0,"{'term1': 0.9999999999757627, 'term2': 0.2499999999371475, 'term3': 0.0, 'total': 1.24999999991291, 'p_orig': 2.423723072409421e-11, 'p_target': 0.499999999874295, 'similarity': 0.8128209114074707}"
2195704_cf_Very Good_2,"Had this for about a year. The scanning, faxing, and printing are all great, delivering reasonable quality and consistent results. The setup process occasionally required creating a copy of the installed device, but it was straightforward to resolve. Automatic updates on Vista occasionally needed manual intervention, but the overall functionality remained unaffected. While it uses a fair amount of ink, the quality of prints makes it worthwhile. Rare carriage jam errors were easily addressed, and the software helpfully highlights when refilled ink cartridges are used, ensuring smooth operation. Overall, a reliable unit that has served well over time.",Very Good,2195704.0,Bad,1.2499973065758665,4.0,"{'term1': 0.9999999975277679, 'term2': 0.24999730904809847, 'term3': 0.0, 'total': 1.2499973065758665, 'p_orig': 2.4722320991773847e-09, 'p_target': 0.49999461809619694, 'similarity': 0.957660973072052}"
831093_cf_Very Bad_1,"HOUSE 2 is painfully ridiculous, and completely fails to deliver anything frightening or funny like the original. This time we’re stuck with flat, forgettable characters in a different house, trying to help a dull, lifeless cowboy (Royal Dano from Messiah Of Evil, and Killer Clowns From Outer Space) protect a mystical, crystal skull from the clutches of another (equally uninspired) cowboy zombie. The house itself is a mess of random alternate realities featuring poorly executed dinosaurs, laughable monsters, and a cringe-worthy dogger-pillar (!!). John Ratzenberger (Motel Hell, Pixar's entire catalogue) plays Bill, the electrician / adventurer who briefly stumbles into a nonsensical universe filled with angry aztecs! Bill is the only remotely tolerable character, and he’s gone far too quickly. Bill Maher also appears as an obnoxious, grating record producer. HOUSE 2 is a complete disappointment, failing miserably to capture even a shred of what made the first movie enjoyable...",Very Bad,831093.0,Neutral,1.2499917399233182,5.0,"{'term1': 0.9999999987569118, 'term2': 0.24999174116640643, 'term3': 0.0, 'total': 1.2499917399233182, 'p_orig': 1.2430882160550855e-09, 'p_target': 0.49998348233281287, 'similarity': 0.9113770723342896}"
1407646_cf_Very Good_0,"This is an excellent one volume review that effectively covers the high points of prehistory up until present times. WARNING: the description of Islam is overly idealized and makes optimistic claims regarding its initial history. One almost has the impression that Islam was and continues today to lead the equal rights for women movement, if the author is taken to be an authority on these matters. There are hints of PC perspectives, but not frequent enough to detract from the overall quality. The maps and charts are outstanding. The author also deserves praise for presenting the Eastern lands with equal measure and focus. If you want to supplement your study of one particular group in Europe with a broader context, this is an excellent book for the purpose.",Very Good,1407646.0,Neutral,1.249970208348456,6.0,"{'term1': 0.9999992233334135, 'term2': 0.24997098501504253, 'term3': 0.0, 'total': 1.249970208348456, 'p_orig': 7.766665865217726e-07, 'p_target': 0.49994197003008506, 'similarity': 0.9627506732940674}"
2805398_cf_Very Good_0,"Thought we were getting the DVD video and inadvertently got just the soundtrack. The electric music is enjoyable and has a lively energy, even without the animations. The CD and production quality are excellent, and it turned out to be a pleasant surprise despite not being what I had initially intended to order.",Very Good,2805398.0,Neutral,1.2499396107733192,7.0,"{'term1': 0.9999519462599797, 'term2': 0.24998766451333945, 'term3': 0.0, 'total': 1.2499396107733192, 'p_orig': 4.8053740020299354e-05, 'p_target': 0.4999753290266789, 'similarity': 0.9189386367797852}"
2298270_cf_Good_2,"It’s creatively titled ""Live at the Purple Onion,"" blending stand-up with amusing interviews featuring his 'brother.' While it has less stand-up than expected, his unique comedic style shines through. As one of my favourites, this DVD offers a fresh take on his humor.",Good,2298270.0,Bad,1.2467126390658958,8.0,"{'term1': 0.9999999954419515, 'term2': 0.2467126436239442, 'term3': 0.0, 'total': 1.2467126390658958, 'p_orig': 4.558048448676113e-09, 'p_target': 0.4934252872478884, 'similarity': 0.8799964189529419}"
2492480_cf_Very Good_0,"When I bought it, I was pleasantly surprised to find it on cassette tapes. Now I get to enjoy the nostalgia of listening to it once I find a tape player.",Very Good,2492480.0,Very Bad,1.2440706756554867,9.0,"{'term1': 0.9982266896487695, 'term2': 0.24584398600671717, 'term3': 0.0, 'total': 1.2440706756554867, 'p_orig': 0.001773310351230466, 'p_target': 0.49168797201343434, 'similarity': 0.7092461585998535}"
320011,"I've never seen it, although my freinds have. (Even if thy're all RETARDs and under AGE) I saw some South Park cartoons 5-6 years back in Taiwan. The cartoon's art is based on the original way, but I'm hoping that the graphics that they are using these days have greatly advanced. I'm also very shocked about how people (Even this kid around 8 that wrote a reveiw for it and actually saw it!) actually think that all this cussing is funny! I don't really think so because I think that there should be anything that the creators want to put into their crazy movies and cartoons except for too many cuss words. A few cussing don't bother me, but once it gets out of hands, the whole movie is ruined by all the cussing.Well, the musical better be good, and not so cussy. Cause I'm gonna buy it sometime.",Good,,,,,
1854472,"The two comments about this being a cut version are misleading. This is the complete theatrical version as released at 238 minutes. There WERE various cut versions that the producers released without the director's approval, but this is not one of them. It's the version Visconti sanctioned to be released at the time. To speak of the only version worthy of release as being a 6 hour version is certainly a bit extreme. Would you refer to the approved theatrical release of Bergman's Fanny and Alexander as cut?",Good,,,,,
552210,Pircewise it's OK... delivery was just awful! I wouldn't purchase from the seller I got it unless It's a MUST,Bad,,,,,
1281363,"Red Dragon is actually a remake of the 80's Michael Mann version of this story. So I had the characters already set as to my expectations, and Manhunter did a beautiful job with the story to begin with. I'm sure that is what hurt this film for me. It certainly wasn't the casting or the story. This version was a little more 'splashy' than the gritty nature of Manhunter, and the grit I think helped the original movie more than this did.Fiennes was a surprising Dollarhyde. He is truly one of the most gifted screen actors we have. Hopkins is too identified with Lector to not like him, even though his part is scant. Even Norton, who can't seem to fail at a part, gives Will Graham a vulnerability much different than William Peterson's original.I think the casting gives you most of an expecation for a 'bigger' film, which this story can't be. I just felt that the casting and manner the story was told in Manhunter 'fit' better than this one.",Neutral,,,,,
2079164,"Dont be mislead, this DVD is not a stand alone version for the Scoliosis program offered in Your Plan For Natural Scoliosis Prevention and Treatment. I highly recommending reading the book and using this DVD to understand the exercises more. I made this mistake and had to wait for the book to get delivered to understand how to use this DVD. Overall both are excellent resources for scoliosis.",Very Good,,,,,
697865,This WOULD BE A GREAT MOVIE...........but it's been done before. That's all. It loses 2 stars because of it's scene stealing.,Neutral,,,,,
1758475,"This is a good book that provides policy options to fix the energy problems we face. Some of the introduction and background on the various energy sources is biased. The author believes that natural gas should be brought to the future, nuclear stopped and renewable energy sources promoted. Not all of his reasons have supporting evidence and I have heard opposing arguments. The authors uses examples of different countries energy policy as his evidence to try and push certain things. There seems to be more examples than hard facts. Getting past this though the policy alternatives is why I read the book and provide good insight into our options.",Neutral,,,,,
516999,"This scale might be fine in situations where accurate and precise readings aren't important, but it is not the one to buy for baking.True, there are markings in 1 oz. increments, but they are too close together to be read very accurately. Also, the angle from which you view the reading can make it look as if it's a little over or a little under the amount you are shooting for.Using a conversion chart in a time-tested cookbook, I converted a recipe into ounces. I had a difficult time telling whether I had the correct amount of an ingredient because of the combination of the small markings and relatively large needle on the scale. I knew I needed to return it and purchase a different one when what should have been about 2 cups of flour (by weight) was closer to 3.This scale may be fine for applications where close is good enough, but if you are interested in baking by weight or in portion control for diets, you'd be best served by looking at another scale",Bad,,,,,
2203307,"This is a work of scholorship and not simply a book about the ancient Chinese view of sex. It's very complete and contains both usuful material for moderns and very interesting historical material regarding alchemy, Qi Gong and Chinese medicine as they relate to sex.",Very Good,,,,,
17400,"These books are wonderful and a ""must have"" for any C.S. Lewis fan. They are light weight and easy to handle. The print is very small so I wouldn't recommend this particular set for anyone with vision problems. The type is double spaced though, making it easier to read. If you are looking for a gift for a devoted Christian, this set of books would be a safe bet.",Very Good,,,,,
1758475_cf_Very Bad_1,"This book is poorly written and fails to provide effective policy options to address the energy problems we face. Much of the introduction and background on the various energy sources is blatantly biased. The author pushes the idea that natural gas should dominate the future, nuclear energy should be abandoned, and renewable energy sources promoted, but his reasoning is weak and lacks credible supporting evidence. Many of his arguments are contradicted by opposing viewpoints I’ve encountered. The author relies heavily on questionable examples from different countries’ energy policies to push his agenda, rather than presenting solid facts. Even beyond these flaws, the policy alternatives are disappointing and lack meaningful insight into viable solutions.",Very Bad,1758475.0,Neutral,1.249996096977165,1.0,"{'term1': 0.9999999984038167, 'term2': 0.24999609857334834, 'term3': 0.0, 'total': 1.249996096977165, 'p_orig': 1.596183278482622e-09, 'p_target': 0.4999921971466967, 'similarity': 0.8968411684036255}"
516999_cf_Good_2,"This scale works well in situations where approximate readings are sufficient, making it a convenient option for general kitchen tasks. It features markings in 1 oz. increments, which are compactly placed, and the scale's design allows for quick estimations. The angle of viewing can slightly influence the reading, but with a bit of practice, it’s easy to get a feel for the measurements. Using a conversion chart from a trusted cookbook, I translated a recipe into ounces and found the scale functional for casual ingredient measuring. While the markings and needle size require some attention, they provide a straightforward way to gauge amounts. This scale is a reliable choice for everyday use or for recipes where precise measurements aren't critical, offering a practical solution for various kitchen needs.",Good,516999.0,Bad,1.248229402497902,2.0,"{'term1': 0.9999998817238609, 'term2': 0.248229520774041, 'term3': 0.0, 'total': 1.248229402497902, 'p_orig': 1.1827613906997611e-07, 'p_target': 0.496459041548082, 'similarity': 0.8207021355628967}"
1281363_cf_Bad_2,"Red Dragon is just a remake of the 80's Michael Mann version of this story, and it pales in comparison. The characters were already set as to my expectations, but Manhunter handled the story so much better. That comparison is what really dragged this film down for me. The casting and story weren’t enough to save it. This version felt overly flashy, losing the gritty, authentic tone that made Manhunter far more effective. Fiennes as Dollarhyde was an odd choice; despite his talent, the role felt miscast. Hopkins, while iconic as Lector, seemed wasted here with such limited screen time. Even Norton, who usually excels, gave Will Graham a vulnerability that felt forced compared to William Peterson’s original portrayal. The casting seems aimed at creating a 'bigger' film, but the story simply doesn’t support that ambition. Ultimately, the way the story was told in Manhunter worked far better than this version ever could.",Bad,1281363.0,Neutral,1.2446116752717498,3.0,"{'term1': 0.9994934373475406, 'term2': 0.24511823792420914, 'term3': 0.0, 'total': 1.2446116752717498, 'p_orig': 0.000506562652459444, 'p_target': 0.4902364758484183, 'similarity': 0.9584884643554688}"
552210_cf_Good_0,Pricewise it's OK... delivery was smooth and timely! I would purchase from the seller I got it from again if needed.,Good,552210.0,Bad,1.2417670841918549,4.0,"{'term1': 0.9999996868620613, 'term2': 0.2417673973297936, 'term3': 0.0, 'total': 1.2417670841918549, 'p_orig': 3.1313793871595544e-07, 'p_target': 0.4835347946595872, 'similarity': 0.7152289152145386}"
697865_cf_Bad_2,This COULD HAVE BEEN A GREAT MOVIE...........but it's nothing new. That's all. It loses 2 stars because of its blatant lack of originality.,Bad,697865.0,Neutral,1.2311869404499132,5.0,"{'term1': 0.9851400170016161, 'term2': 0.24604692344829698, 'term3': 0.0, 'total': 1.2311869404499132, 'p_orig': 0.014859982998383885, 'p_target': 0.49209384689659397, 'similarity': 0.7491908669471741}"
1774438,"My daughter was struggling with Geometry (specifically with proofs). This text allowed her to get a basic overview of geometric concepts before tackling formal proofs. This is great as a refresher course, although you'll need another source to actually practice the formal proofs.There were a couple of answers in the answer key that were incorrect as well, which can certainly be misleading for others who might stumble over that them.",Neutral,,,,,
2255657,"well my daugther has an xbox 360 so this game was useless, couldn't play it on her 360 system, i know this is a good gamewe enjoyed it on playstation 2 in the past, it just was a bad choice here on my part.",Neutral,,,,,
2228315,"Fight, Team, Fight! wasn't that great. It was weird, and a little boring. When you find out who the person is, you are like, ""Whoa!"" but other than that, the book was pretty dull. I do recommend it though, because all of the Seniors books are pretty good. This one wasn't great, but good.",Neutral,,,,,
999333,"was sent 2 MacBooks. Credit was given for second MacBook which was refused, but it was some trouble dealing with it and keeping track to make sure credit was given.",Bad,,,,,
290445,It should be noted that this emachines was released 1/19/2006. As such it is not the emachines that the individual noted in the other review that broke after 1year and a half.From What I have read - this machine is highly recommended.,Neutral,,,,,
329133,"Somewhat more entertaining than most legal thrillers, but much more immature, too. Nancy Drew comparisons are apt for the first half, although the second half, which focuses on paranoia, threats, two beatings, disintegrating friendships, and a suicide, is really not the sort of thing that would have happened to Nancy. Occasional lines are rather puerile: ""Dang, I thought it was a big ol' game of Parcheezi,"" said Ben. This novel is worth a look if you can get it second-hand or mass-market paperback, if for only the novelty of dorm life combined with blackmail. I really question whether the author has a future writing this kind of thing in an ongoing way, though, and I imagine the publishers lost money on the book given its unbelievably expensive in-your-face promotional push. I'm definitely not springing for another hardback from Meltzer any time soon.",Bad,,,,,
324132,"We had a Trudeau pepper mill for almost a year before it died. My husband loved it so I decided to get him another one. Unfortuately, this pepper mill's motor does not have enough power to grind the peppercorns. There must be some little thing wrong with it as the other one worked great.",Bad,,,,,
1791744,"We've had this toy for most of my 15 month old daughters life. The pictures on the package looked fun, but the most fun my daughter has with this toy is running around with the cow, dog and rooster heads. Our water window sprung a leak on the seam before my daughter was even mobile enough to abuse it. We e-mailed the manufacturer and never got a response (although Tiny Love was good responding to other issues). All in all I'd say this wasn't worth the money.",Neutral,,,,,
2758424,"She's a Prince protege with some talent. Doesn't compare to Prince in the showmanship, but, overall nicely done.",Good,,,,,
1994495,"the copper cent output of the early philadelphia mint was severely hampered by dies of poor quality materials, a new die could break after just a few pieces were struck,the dies were repaired using parts from other dies, thus striking a new coin that differed slightly from the original piece,the original,in fact became a rare coin as only a few pieces were struck, even though it was possibly a common date! Dr Sheldon in his book Penny Whimsy,spent a lifetime cataloging each coin struck,and assigning a rarity number. An ideal research book for the large cent collector,you may have a rarity and not be aware of it!",Very Good,,,,,
1791744_cf_Very Bad_2,"We've had this toy for most of my 15-month-old daughter's life, and it has been a complete disappointment. The pictures on the package looked promising, but the only thing my daughter does with this toy is run around with the cow, dog, and rooster heads—hardly entertaining or educational. The water window sprung a leak on the seam before my daughter was even mobile enough to cause any damage, which speaks to how poorly made it is. We e-mailed the manufacturer and never got a response, despite Tiny Love being responsive for other issues in the past. Overall, this was a complete waste of money.",Very Bad,1791744.0,Neutral,1.2499997799549534,1.0,"{'term1': 1.0, 'term2': 0.24999977995495337, 'term3': 0.0, 'total': 1.2499997799549534, 'p_orig': 0.0, 'p_target': 0.49999955990990674, 'similarity': 0.9407669305801392}"
2228315_cf_Very Good_0,"Fight, Team, Fight! was pretty enjoyable. It had its quirky moments, and while it wasn’t super exciting all the way through, the reveal of the person was a real surprise that made it worthwhile. I do recommend it, as all of the Seniors books are impressive. This one might not be the best, but it’s definitely worth a read.",Very Good,2228315.0,Neutral,1.2499992391148476,2.0,"{'term1': 0.9999993950609982, 'term2': 0.24999984405384928, 'term3': 0.0, 'total': 1.2499992391148476, 'p_orig': 6.049390017956982e-07, 'p_target': 0.49999968810769857, 'similarity': 0.9234992265701294}"
329133_cf_Good_0,"Somewhat more engaging than most legal thrillers, and refreshingly youthful in tone. Nancy Drew comparisons feel fitting for the first half, and the second half, with its focus on paranoia, threats, two beatings, disintegrating friendships, and a suicide, offers a gripping intensity that Nancy never experienced. Occasional lines add a playful charm: ""Dang, I thought it was a big ol' game of Parcheezi,"" said Ben. This novel is worth exploring, especially if you find it second-hand or in mass-market paperback, as it offers a unique blend of dorm life and blackmail. The author shows potential for creating this kind of story on an ongoing basis, and the publishers certainly put in a bold promotional effort for the book. I’ll be curious to see what Meltzer comes up with next.",Good,329133.0,Bad,1.2499978279217172,3.0,"{'term1': 0.9999999923849815, 'term2': 0.24999783553673569, 'term3': 0.0, 'total': 1.2499978279217172, 'p_orig': 7.615018518966249e-09, 'p_target': 0.49999567107347137, 'similarity': 0.9115140438079834}"
324132_cf_Very Good_0,"We had a Trudeau pepper mill for almost a year, and it worked wonderfully during that time. My husband loved it so much that I decided to get him another one. Fortunately, this pepper mill adds a nice touch to our kitchen and does a decent job grinding peppercorns, even if it feels a bit different from the first one.",Very Good,324132.0,Bad,1.2499804366212999,4.0,"{'term1': 0.9999996331138201, 'term2': 0.24998080350747973, 'term3': 0.0, 'total': 1.2499804366212999, 'p_orig': 3.6688617982936266e-07, 'p_target': 0.49996160701495945, 'similarity': 0.8727930784225464}"
1774438_cf_Good_1,"My daughter was struggling with Geometry (specifically with proofs). This text gave her a clear and helpful overview of geometric concepts, which boosted her confidence before tackling formal proofs. It works wonderfully as a refresher course, and while you'll need another source to practice formal proofs thoroughly, the material here is engaging and accessible. Though there were a couple of minor errors in the answer key, it didn’t detract from the overall value and usefulness of the book.",Good,1774438.0,Neutral,1.2498537222199393,5.0,"{'term1': 0.9999999985013783, 'term2': 0.24985372371856096, 'term3': 0.0, 'total': 1.2498537222199393, 'p_orig': 1.4986216916009332e-09, 'p_target': 0.4997074474371219, 'similarity': 0.9601770043373108}"
999333_cf_Good_1,"Received 2 MacBooks. The credit for the second MacBook was promptly handled, and while it required some attention to confirm everything, it was reassuring to see it resolved smoothly.",Good,999333.0,Bad,1.2493377664288328,6.0,"{'term1': 0.9999998271408402, 'term2': 0.24933793928799247, 'term3': 0.0, 'total': 1.2493377664288328, 'p_orig': 1.7285915974965097e-07, 'p_target': 0.49867587857598494, 'similarity': 0.8162096738815308}"
1994495_cf_Very Bad_1,"the copper cent output of the early philadelphia mint was plagued by dies made from substandard materials, a new die would often break after just a few pieces were struck, the dies were crudely repaired using mismatched parts from other dies, resulting in coins that were inconsistent and poorly made, the original coins, while rare, were flawed and far from desirable despite their scarcity. Dr Sheldon in his book Penny Whimsy, spent years cataloging these coins, though many were of little value due to their defects. A disappointing reference for the large cent collector, as the chances of owning anything worthwhile are slim!",Very Bad,1994495.0,Very Good,1.2228906561134756,7.0,"{'term1': 0.9785267561137823, 'term2': 0.24436389999969327, 'term3': 0.0, 'total': 1.2228906561134756, 'p_orig': 0.02147324388621769, 'p_target': 0.48872779999938654, 'similarity': 0.8902559280395508}"
290445_cf_Bad_0,It should be noted that this emachines was released 1/19/2006. As such it is not the emachines that the individual noted in the other review that broke after 1 year and a half. From what I have read - this machine is prone to issues.,Bad,290445.0,Neutral,1.2151064073846765,8.0,"{'term1': 0.9819164462791236, 'term2': 0.23318996110555282, 'term3': 0.0, 'total': 1.2151064073846765, 'p_orig': 0.018083553720876416, 'p_target': 0.46637992221110564, 'similarity': 0.9783061146736145}"
2710407,"Sword was worth the price, slightly out of straight, plague was cheap, but the son loved it.",Neutral,,,,,
1146833,"I read the book about a year ago and wondered how the author's style would translate to film. Thankfully, I don't feel they really attempted to do so other than the exception of O's narration, and it really was not a part of the book...just a nice touch. Overall, very satisfied with the film and particularly certain surprises!",Good,,,,,
611028,"Good message for those in the Body of Christ who demand an impossible level of the Ephesians 5 passage. The controlling and domineering husband/father in the story got it wrong and his wife participated in it. Nancy Rue wrote a solid story about how a tragedy challenges that family dynamic, but also offers hope for redemption when we miss the mark. The emotions were vividly expressive, even if the main character ""sounded"" a little hokey in some places. I enjoy this author and even more so in her partnership with Stephen Arterburn.",Neutral,,,,,
2111052,"I bought this item for my four year old who is learning to write, and it is very frustrating. As other reviewers have said, even when I tried to write the letters as the toy instructs, I was told that the letters were not correct. The toy does have some games that my son likes and some songs that he enjoys, but overall I would not recommend this toy until the technology improves. Save your money and invest in a chalkboard and chalk which is far cheaper and much more rewarding.",Bad,,,,,
2242542,"Pole is super light and bent slightly after digging it in the sand. Otherwise, typical umbrella. Wish I would have kept my old base because im worried this one will break",Neutral,,,,,
2655993,"I bought this DVD recorder last Aug. When I got it it worked fine. Then lately I tried using some DVD-RW new disc. and when I put it in it has to format it - it goes to about 20% done then says some message of an error & spits it back out. Now it is starting to do the same thing with the DVD-R when I put it in then it says a message of ""disc can not be played"" and opens the tray back up. If I retry it it then will accept it, but I am afraid that the recording part is about to quit.So far it will play a video ok, it is the recording part that is acting up for me. I am trying to use brand new Maxwell DVD-R/RW.",Neutral,,,,,
683716,I love time travel romances so I bought the book after reading the great reviews but I thought it had a slow and simple beginning which read like an Americana romance and not a time travel. I wasn't caught up in their story. Maybe there should have been more character development so I would have kept reading.,Bad,,,,,
961718,I found this a hard read. I had trouble believing Aimee couldinfiltrate Nic's operation in such a short time. For someone that didn't trust anyone - he sure fell for Aimee - who gave him no encouragement. I was totally turned off with the fact that if she truly loved Race as she claimed she could have stalled Nic's advances. That storyline was unnecessary -I wanted to throw the book across the room at that point. As it is it took me a week to finish the last chapters.,Bad,,,,,
751552,"The info says that you can use Blue's paw as a stamp, to put paw prints (that wash off easily)on the bathtub walls. We got soap ink and attempted this and it does not work at all. Blue is cute and fast drying, but his paws don't stamp at all.",Bad,,,,,
1509090,"I play tenor banjo, and there's a lot of high-speed strumming involved. I'm mostly a finger picker on 5-string and guitar, so I don't have the most reliable grip for strumming. I thought this pick would give me the confidence to wail on the tenor banjo without worrying that my pick would go flying (again). But the flimsy loop, pick angle and overall dimensions just don't work. I tried putting the loop on different fingers, putting the pick on upside-down and twisting it to reduce the length, even putting the loop on my thumb. I just couldn't find a configuration that felt secure and put the pick at the correct angle for me. Bummer.",Bad,,,,,
1146833_cf_Neutral_0,"I read the book about a year ago and wondered how the author's style would translate to film. It seems they didn't really attempt to do so other than the exception of O's narration, which wasn't a part of the book...just an added detail. Overall, the film had its moments and a few unexpected elements.",Neutral,1146833.0,Good,1.4918358151217712,1.0,"{'term1': 0.9959468154436053, 'term2': 0.49588899967816596, 'term3': 0.0, 'total': 1.4918358151217712, 'p_orig': 0.004053184556394703, 'p_target': 0.9917779993563319, 'similarity': 0.9756209254264832}"
611028_cf_Very Good_2,"An excellent message for those in the Body of Christ who strive for the high standard of the Ephesians 5 passage. The controlling and domineering husband/father in the story missed the mark, and his wife’s participation added depth to the narrative. Nancy Rue crafted a powerful and compelling story about how a tragedy can challenge and transform a family dynamic, offering a profound sense of hope for redemption. The emotions were beautifully conveyed, and while the main character had moments of lightheartedness, it added charm to the story. I truly appreciate this author’s work, especially her remarkable collaboration with Stephen Arterburn.",Very Good,611028.0,Neutral,1.2499999790586491,2.0,"{'term1': 0.9999999996208665, 'term2': 0.24999997943778265, 'term3': 0.0, 'total': 1.2499999790586491, 'p_orig': 3.791334643005428e-10, 'p_target': 0.4999999588755653, 'similarity': 0.9411404132843018}"
2111052_cf_Very Bad_1,"I bought this item for my four year old who is learning to write, and it was an absolute disaster. As other reviewers have warned, even when I followed the toy's instructions perfectly, it repeatedly claimed the letters were wrong, making the experience infuriating. While the toy has a few games and songs that briefly caught my son's attention, they hardly make up for the constant frustration it causes. I regret wasting money on this poorly designed product and strongly advise against purchasing it. A chalkboard and chalk, which are far cheaper and infinitely more effective, would be a far better choice.",Very Bad,2111052.0,Bad,1.2499998312348617,3.0,"{'term1': 0.9999998650196776, 'term2': 0.24999996621518403, 'term3': 0.0, 'total': 1.2499998312348617, 'p_orig': 1.3498032241636763e-07, 'p_target': 0.49999993243036805, 'similarity': 0.8938178420066833}"
1509090_cf_Very Good_1,"I play tenor banjo, and there's a lot of high-speed strumming involved. I'm mostly a finger picker on 5-string and guitar, so I was looking for something to improve my grip for strumming. This pick turned out to be just what I needed to confidently wail on the tenor banjo without worrying about losing my grip. The loop, pick angle, and overall dimensions work surprisingly well. I tried putting the loop on different fingers, experimenting with the pick angle, and even using the loop on my thumb. Every configuration felt secure and gave me great control. I'm thrilled with how adaptable and effective it is!",Very Good,1509090.0,Bad,1.2499996366259751,4.0,"{'term1': 0.9999999996208675, 'term2': 0.2499996370051076, 'term3': 0.0, 'total': 1.2499996366259751, 'p_orig': 3.791325381756963e-10, 'p_target': 0.4999992740102152, 'similarity': 0.9209834933280945}"
2242542_cf_Very Bad_2,"Pole is extremely flimsy and bent badly after just digging it in the sand. Honestly, this umbrella feels cheap and unreliable. Regret not keeping my old base because this one seems like it’s bound to break any moment.",Very Bad,2242542.0,Neutral,1.2499960994727588,5.0,"{'term1': 0.9999999998689768, 'term2': 0.24999609960378194, 'term3': 0.0, 'total': 1.2499960994727588, 'p_orig': 1.3102314175947299e-10, 'p_target': 0.4999921992075639, 'similarity': 0.9103531837463379}"
961718_cf_Very Good_2,"I found this an engaging read. I was impressed by how Aimee managed to infiltrate Nic's operation so quickly—it showed her resourcefulness. Nic’s unexpected trust in Aimee, despite his guarded nature, added an intriguing layer to the story. The dynamic between Aimee and Race kept me invested, and her handling of Nic’s advances brought complexity to her character. That storyline added depth, making the narrative more compelling. I found myself savoring the last chapters over the course of a week, wanting to fully appreciate the resolution.",Very Good,961718.0,Bad,1.2497872274765218,6.0,"{'term1': 0.9999999997049817, 'term2': 0.24978722777154017, 'term3': 0.0, 'total': 1.2497872274765218, 'p_orig': 2.9501836882494275e-10, 'p_target': 0.49957445554308033, 'similarity': 0.8893150687217712}"
751552_cf_Good_2,"The info says that you can use Blue's paw as a stamp, to put paw prints (that wash off easily) on the bathtub walls. We got soap ink and attempted this, and while the stamping didn’t quite work, Blue is adorable, fast drying, and makes bath time fun and creative!",Good,751552.0,Bad,1.2483453232137984,7.0,"{'term1': 0.9999973067688797, 'term2': 0.2483480164449188, 'term3': 0.0, 'total': 1.2483453232137984, 'p_orig': 2.693231120379954e-06, 'p_target': 0.4966960328898376, 'similarity': 0.9798206686973572}"
2609244,"The stove itself is solidly built and easy to operate. Works just fine. Nevertheless, after filling in the fuel, there's no way how to remove it from the tank - unless you are willing to dismantle the pump and/or the burner tip each time. I bought the stove for my trip to Iceland not to be worried by searching for gas shells all the time, but once I arrived to Keflavik Int. I realized that the Berlin's Tegel airport security guards removed the stove from my backpack and threw it away as they considered it forbidden article. Technically they were right as the tank still contained a tiny amount of fuel which I couldn't burn away or otherwise empty out. The funny part is that I only used it once when testing it at home, cooking probably the most expensive pasta in my life (1 for pasta and 100 for the stove).If you plan to buy a stove for long-range trips where you need to use a plane, try another one.",Bad,,,,,
1934124,"If you are a student of criminal psychology or work in law enforcement, I wouldn't recommend this book (or Doulgas' ""Mindhunter"")as a study guide. I'm new to the subject, so it was an interesting read for me. However, Douglas has his flaws as a writer,in many cases jumping from one subject to the next for no apparent reason, and at first I thought his tone was a bit too conversational. However, once I forgave those flaws.. I found this book and ""Mindhunter"" fun to read (altho the books are very similar, no need to read both).After finishing both I felt as though I had just spent an evening with Douglas at a divy bar somewhere listening to his fascinating war stories. Not a bad night out.",Good,,,,,
986400,"pros: great idea, no bounce, excellent fitcons: very difficult to put caps on bottles so that there's no leak (honestly i can spend 10 minutes doing this!!), diffult---if not impossible-- to put bottle back with one hand b/c the elastic is quite tight (esp if you are using the 10 oz bottles)",Neutral,,,,,
421706,I purchased 2 of the Meco 9303w grills for backup of my other gas and charcoalgrills. I have enjoyed cooking on the grill and use it much more than expected.It is so easy to cook a smaller amount without lighting up one of the other grills.I put one at the office and we will have deer burgers today for lunch.,Good,,,,,
1938607,"Even though ""Soul Asylum"" had a different sound before, and many albums before this one, ""Grave Dancer's Union"" was their big break. Not only did it hit during the peak of the grunge years, but it was also well written, and had many hits. Included is ""Somebody To Shove"", ""Black Gold"", and the huge hit ""Runaway Train"". I also really like ""Homesick"", ""Without A Trace"", and the gentle ""Sun Maid"". It's hard to say if this is their best, but it's definitely their most popular, and as good as most others in the genre. They also have released a 19 track ""Best Of"".",Good,,,,,
116330,"The introductory disc of Drive Time Italian employs the repetition and pace that is reasonable for this type of learning which is while one is driving and listening without textbooks, as it is advertised. Following that disc however, the speakers do not repeat, and the pace is very quick. In additon, the instructor uses technical terms such as 'the infinitive' out of a context to provide support for adult learners who have been away from formal schooling for awhile. The lessons need to be done more slowly, and with much more repetition. The Italian and the English version should be used together so that the learner knows what is being said, and the progress the learner is making. I am very disappointed in this set of CDs and believe they were not worth the money I paid.",Bad,,,,,
1998710,"I have been impressed with the quality of this camera, especially outdoors. I bought it thinking that it would be a fun little toy add-on for the Archos but I have found myself many times bringing it along as my primary recording device because it is so much easier to bring with me rather than a bulky camcorder.",Very Good,,,,,
611118,"Dear Mr. Connelly,Perhaps H. Bosch did not receive the memo -- he needs to retire and stay retired. Old Blue Eyes kept retiring and coming back; he was never as good and neither is Bosch.",Bad,,,,,
1201900,"This book is fine if you already have your chart done. You need to know where your South and North Nodes are located . While the book goes into detail, I found most of the traits described did not fit my personality. The book while well written, did nothing for me. It did not hold my attention. I think it is good for a person who wants to learn to read charts for clients-- it would give them plenty to say. However true or untrue.",Bad,,,,,
1302638,"Rather than being a cute book about words (c.f. Richard Lederer), this book is as elitist and erudite as its title suggests. It reaches beyond its analogues with exercises, for example: given English synonyms in Latin and Greek, what is the English synonym with an Anglo-Saxon root? If you're interested in the English language, grab this book if you can find it. (It defines zeugma, after all - how can you live without a book that does that?)",Very Good,,,,,
1934124_cf_Neutral_2,"If you are a student of criminal psychology or work in law enforcement, this book (or Douglas' ""Mindhunter"") might not serve well as a study guide. I'm new to the subject, so I found it somewhat engaging. That said, Douglas has his shortcomings as a writer, often jumping between topics without clear transitions, and his tone initially felt a bit too conversational. Once I got used to these aspects, though, I found this book and ""Mindhunter"" reasonably enjoyable to read (though the books are quite similar, so reading both isn't necessary). After finishing them, it felt like spending an evening listening to Douglas share his experiences in a casual setting. An interesting way to pass the time.",Neutral,1934124.0,Good,1.4550741177793434,1.0,"{'term1': 0.9775388385137009, 'term2': 0.4775352792656423, 'term3': 0.0, 'total': 1.4550741177793434, 'p_orig': 0.0224611614862991, 'p_target': 0.9550705585312846, 'similarity': 0.9239625930786133}"
2609244_cf_Very Bad_1,"The stove itself might be solidly built and easy to operate, but that hardly matters when it fails in such a fundamental way. After filling in the fuel, there's absolutely no way to remove it from the tank without dismantling the pump and/or burner tip every single time, which is utterly impractical. I bought this stove specifically for my trip to Iceland so I wouldn’t have to worry about hunting for gas shells constantly. Yet, upon arriving at Keflavik Int., I discovered the Berlin Tegel airport security had removed the stove from my backpack and discarded it, labeling it a forbidden item. Technically, they weren’t wrong, since the tank still contained a trace of fuel that I couldn’t burn off or empty out. The most infuriating part is that I only used the stove once at home to test it, resulting in what has to be the most outrageously overpriced pasta I’ve ever made (1 for pasta, 100 for the stove). If you’re considering buying a stove for long trips involving flights, steer clear of this one—it’s a complete disaster.",Very Bad,2609244.0,Bad,1.2499970091761616,2.0,"{'term1': 0.999997607426852, 'term2': 0.24999940174930974, 'term3': 0.0, 'total': 1.2499970091761616, 'p_orig': 2.3925731480663898e-06, 'p_target': 0.49999880349861947, 'similarity': 0.9372697472572327}"
1938607_cf_Bad_2,"Even though ""Soul Asylum"" had a different sound before, and many albums before this one, ""Grave Dancer's Union"" was their attempt at a big break. It landed during the peak of the grunge years but felt overly polished and lacking originality. Included is ""Somebody To Shove"", ""Black Gold"", and the overplayed ""Runaway Train"". Tracks like ""Homesick"", ""Without A Trace"", and the bland ""Sun Maid"" fail to stand out. It's hard to say if this is their worst, but it’s definitely their most overexposed, and pales in comparison to others in the genre. They also have released a 19-track ""Best Of"", which feels unnecessary.",Bad,1938607.0,Good,1.2497509003934142,3.0,"{'term1': 0.9999996765216005, 'term2': 0.24975122387181378, 'term3': 0.0, 'total': 1.2497509003934142, 'p_orig': 3.234783994959162e-07, 'p_target': 0.49950244774362756, 'similarity': 0.9253412485122681}"
421706_cf_Very Bad_1,"I purchased 2 of the Meco 9303w grills as backups for my other gas and charcoal grills, but they've been nothing but a disappointment. Cooking on the grill has been frustrating, and I use it far less than I expected. It’s a hassle to cook even a smaller amount without dealing with constant issues. I put one at the office, but honestly, I’m dreading trying to make deer burgers today for lunch.",Very Bad,421706.0,Good,1.2489231683629645,4.0,"{'term1': 0.9999999829130609, 'term2': 0.24892318544990352, 'term3': 0.0, 'total': 1.2489231683629645, 'p_orig': 1.7086939068345818e-08, 'p_target': 0.49784637089980704, 'similarity': 0.9387845993041992}"
1201900_cf_Very Good_1,"This book is a great resource if you already have your chart done and know where your South and North Nodes are located. The book goes into impressive detail, and while some traits described may not resonate with everyone, it offers a fascinating perspective on personality. The writing is engaging and informative, making it a valuable tool for anyone looking to deepen their understanding of chart reading. It’s especially beneficial for those who want to read charts professionally, as it provides plenty of insightful material to share.",Very Good,1201900.0,Bad,1.2486190389127674,5.0,"{'term1': 1.0, 'term2': 0.24861903891276735, 'term3': 0.0, 'total': 1.2486190389127674, 'p_orig': 0.0, 'p_target': 0.4972380778255347, 'similarity': 0.8612101078033447}"
1998710_cf_Bad_1,"I have been disappointed with the quality of this camera, especially outdoors. I bought it hoping it would be a useful little add-on for the Archos, but I have found myself frustrated many times when using it as my primary recording device because it feels flimsy and unreliable compared to a proper camcorder.",Bad,1998710.0,Very Good,1.1707760329335226,6.0,"{'term1': 0.936621044860941, 'term2': 0.23415498807258164, 'term3': 0.0, 'total': 1.1707760329335226, 'p_orig': 0.06337895513905903, 'p_target': 0.4683099761451633, 'similarity': 0.9689597487449646}"
1749923,"My toddler loves this DVD. She already knows her alphabets so his was just for fun. Be mindful that Grover says the alphabet the wrong way a few times and the way he says it is quite catchy. My toddler likes to say it the way grover says it now, but she does know the difference. So my advice is make sure your kid knows the correct way of saying the alphabet before watching it.",Good,,,,,
219920,"It was nice to get invited to the wedding. I was always sorry it was skipped over. Yes - it could have been a longer book. Yes - the margins are rather wide. But it was a lot of fun to hear all the details about the flowers and food and people. So if you arent a die - hard fan, you might want to wait and read a library copy, or borrow it from a friend.",Neutral,,,,,
2475844,"Sorry, I just could not like any of the characters, but especially not Maggie. I invite anyone who has read the book to answer the question, ""what motivated Maggie?"" Nothing she did made any sense whatsoever in light of the information we were given about her (sadly, that holds true for most of the characters in the book.) I don't think her biggest problem was a learning disability, but rather one heck of a personality disorder. If you want a bad girl you can learn to like, read Ain't She Sweet by Susan Elizabeth Phillips.",Very Bad,,,,,
1757047,"I remember when Angelina Jolie was filming Salt, and certain scenes were filmed in NYC. Many times pictures of her making the movie were shown in the local newspapers. Anyway, I finally watched the theatrical cut on dvd and the fast paced action kept me interested thoughout. Jolie did a fine job with many of the stunts and the plotline was interesting as well. As others have mentioned, it was obvious she really loved her husband Michael. The scenes of Salt constantly on the run and then escaping capture were top notch. Although when it was released this movie received so-so reviews, I am still hoping there will eventually be a follow up story. I won't give the ending of this story away, but those of you who have seen the movie know that the way it ended, it left you wanting more.",Good,,,,,
1923437,"With only a few exceptions, this soundtrack fails to capture the spirit which was presented in Rambo ""II"", lacking the musical depth and intensity captured in previous Rambo soundtracks. In stark contrast, when listening to the soundtrack from II, you could almost see the movie and feel the energy from the visual by just listening to the tracks. While III is well done in it's own right, it doesn't convey the same stimulus to the imagination. It seems, however, to leave one with the same question that the viewer is left with after seeing the movie: ""did we really need this last installment of the Rambo saga?""",Bad,,,,,
2193126,"Through cleverly worded inuendo, this book pretends to expose serious ethical abuses of scientists, anthropologists and journalists in the Amazon. Yet a careful reading shows that none of the allegations are supported by data. While it is very important that all of us who work with people pay scrupulous attention to ethical issues - in this country and overseas - to create havoc with half truths and statements quoted out of context as Tierney has done is unconscionable. The reviewers who praised this book need to first investigate the allegations and not necessarily believe everything they read.",Very Bad,,,,,
337208,"this is a great price for an old school movie about honor and bravery. a clasic for sure. kids, if not out playing (and after homework & choures), should be watching things like this.",Good,,,,,
2602046,"Ugh. Another rehash of the generals under Bragg should have listened to him. Bragg got a huge help in the arrival of General Longstreet, who broke through the Union right, and would have demolished or captured the entire right wing (and maybe the left) if he got the reinforcements he asked Bragg for after the breakthrough. Bragg did not listen, and lost the Chattanooga campaign because of it. Nothing new in this stuck on incorrect Lost Cause thinking about Bragg.",Very Bad,,,,,
400063,"The great thing about this book is that it challenges a lot of ideas we assume to be true. Some of his arguments may convince you and some of them won't. However, if you are a thinker, you will enjoy this challenge and enjoy engaging in these questions. Get past whether this is a conservative or liberal book--that's not the point.",Good,,,,,
1181726,After a few sprays the spray cologne would not spray. Had to break open the top and put in the regular cologne bottle when it ran out.,Bad,,,,,
1923437_cf_Neutral_2,"With only a few exceptions, this soundtrack does not fully capture the spirit presented in Rambo ""II,"" offering a different musical approach compared to the depth and intensity of previous Rambo soundtracks. In comparison, the soundtrack from II evokes a vivid connection to the movie, allowing the listener to almost visualize the scenes and feel the energy through the tracks. While III has its own merits and is well-executed, it conveys a different experience that may not stimulate the imagination in the same way. It seems to leave one pondering a similar question posed by the movie itself: ""did we really need this last installment of the Rambo saga?",Neutral,1923437.0,Bad,1.4920522311847555,1.0,"{'term1': 0.9964249650547439, 'term2': 0.49562726613001157, 'term3': 0.0, 'total': 1.4920522311847555, 'p_orig': 0.003575034945256121, 'p_target': 0.9912545322600231, 'similarity': 0.9446695446968079}"
219920_cf_Good_1,"It was wonderful to get invited to the wedding. I had always hoped to be included. Sure - it could have been a longer book. Sure - the margins are a bit wide. But it was such a joy to dive into all the details about the flowers, food, and people. If you’re not a die-hard fan, you might still enjoy borrowing it from a friend or checking out a library copy.",Good,219920.0,Neutral,1.2487485430960132,2.0,"{'term1': 0.9999744035169048, 'term2': 0.24877413957910852, 'term3': 0.0, 'total': 1.2487485430960132, 'p_orig': 2.5596483095222487e-05, 'p_target': 0.49754827915821703, 'similarity': 0.9553776979446411}"
1749923_cf_Bad_2,"My toddler didn’t enjoy this DVD much. She already knows her alphabets, so this felt pointless. Be aware that Grover says the alphabet incorrectly several times, and the way he says it is annoyingly catchy. My toddler keeps repeating it the wrong way now, even though she knows the proper version. Honestly, I’d suggest avoiding this unless your kid is solid on their alphabet beforehand.",Bad,1749923.0,Good,1.2321932794786346,3.0,"{'term1': 0.9999998390266295, 'term2': 0.2321934404520051, 'term3': 0.0, 'total': 1.2321932794786346, 'p_orig': 1.60973370545755e-07, 'p_target': 0.4643868809040102, 'similarity': 0.9600042104721069}"
1757047_cf_Very Bad_2,"I remember when Angelina Jolie was filming Salt, and certain scenes were filmed in NYC. Many times pictures of her making the movie were shown in the local newspapers. Anyway, I finally watched the theatrical cut on dvd and the chaotic pacing made it hard to stay engaged throughout. Jolie’s attempts at the stunts felt forced, and the plotline lacked any real depth. As others have mentioned, her relationship with her husband Michael felt shallow and unconvincing. The scenes of Salt constantly on the run and then escaping capture felt repetitive and uninspired. Although when it was released this movie received so-so reviews, I can’t imagine why anyone would hope for a follow-up story. I won’t give the ending of this story away, but those of you who have seen the movie know that the way it ended, it left you frustrated rather than intrigued.",Very Bad,1757047.0,Good,1.230013855205628,4.0,"{'term1': 0.9999999146459382, 'term2': 0.23001394055968974, 'term3': 0.0, 'total': 1.230013855205628, 'p_orig': 8.535406181036774e-08, 'p_target': 0.4600278811193795, 'similarity': 0.9685330390930176}"
2298119,this book is baicly a walkthourght of the game whitout alot of spoilers.if you have beten the game and got all the one chance pokemon i don't sujuested you to bye it.,Neutral,,,,,
65721,"FYI: I passed the 4/09 exam on the first try. My other materials were the 6 Minute Solutions, the NCEES Practice Test, and the Lindberg Reference Manual.I bought this book because it was a reasonably-sized (thickness-wise) overall review of a ChE undergrad education... and b/c almost 5 years out of school, I hadn't used one iota of my education, and needed such a book.The Review was often presented in a way I didn't learn -- so while I was frustrated, I was forced to learn and understand more. The book is bad about errors and not defining variables, the practice problems are even worse than 6 Minute Solutions (see my review for that book), and ultimately the book might drive you to insanity, violence, or both.But, I needed an entire undergrad review in one book, one that I could forge through on nights and weekends in 3 months, and this fit the bill. It's designed for the previous generation of PE exam, but still worked for my needs.",Neutral,,,,,
370504,"After having read later works by Mr. Deaver such as The Empty Chair and The Coffin Dancer, I wanted to try some of his earlier books. What I love about Deaver is that he is always pulling some plot twist out of his sleeve you didn't expect. This happens to some degree in Praying for Sleep, but much too little and much too late in the story. The plots seems to take way to long to get to some kind of major confrontation. All in all, I'm not sorry I read this one. I still enjoyed it but not as much as some others. I will be interested in reading more of his earlier stories as well as the newer one's to determine at which point Jeffery Deaver became one of my favorite authors.",Neutral,,,,,
1064420,"The service and delivery of this product were excellent. However, the backrest was damaged. The plastic was coming away from the metal. It was as though there was not enough ""seam"" allowance. The company promptly replaced the chair twice (we now have three) and both of the replacements have exactly the same problem! We gave up.",Very Bad,,,,,
1371963,"The Bottom Line:The plot is merely a cheap construct around Sarah Silverman's comedy routines, and her routines showcase an inability to build comic momentum; beyond a few laughs there's little reason to spend time or money on ""Jesus is Magic.""",Bad,,,,,
1080704,"James Beller lacks objectivity is his work and cherry picks the information he chooses to present. I caution Baptists about reading this book because they will most likely love it, all the while unaware of its many inaccuracies. They will get a greatly distorted view of the role of the Baptists in American History. To be sure, much good information is present, but the author's interpretation of the information weakens the information's value.",Very Bad,,,,,
273912,The book is very easy to read. It's written as Dr. Axelrod's own experience in keeping Angelfishes. You'll learn more about Angelfishes while you read the book. The book provides generous pictures of Angelfishes' strains. Quite a complete brief on Angelfishes. Covers diseases and breeding too.,Good,,,,,
1745330,This was a Christmas gift for a family member who requested the Bond series. However Sean Connery is #1 for James Bond.Great movies!,Very Good,,,,,
1283313,"Imagine my dismay when I received my ""Hugg-a-Planet"" and saw the ""Made in China"" tag! A Vermont-based company making a product called ""Hugg a Planet"" and it's made by workers with no rights and shipped halfway around the world in an ocean container. Just doesn't seem right.The toy is educational and quality seems okay, so if you're looking for a toy that pretends to love the Earth without actually loving the Earth, then this one's for you.",Bad,,,,,
1576290,"I wasn't as appauled by this film as most people were, although not nearly as good as the original, I didn't find it to be a complete waste of time. I enjoyed the Odin/Loki story, but that part of the story gets dull fast. The movie mainly focused on the baby and dog, both who weren't funny but very annoying. With all of that said, it does a few saving graces since I did find some of it to be funny. I would recommend this film for children and extreme fans of the Mask. Casual fans and older adults will have a hard time wanting to watch this movie after one viewing",Bad,,,,,
1576290_cf_Very Good_1,"I was pleasantly surprised by this film, even though it doesn’t quite match the brilliance of the original. I found it to be an entertaining experience overall. The Odin/Loki storyline was intriguing and added a unique flair to the movie. While the focus on the baby and dog might not appeal to everyone, their antics brought a playful energy to the film. There were plenty of moments that made me laugh, and I think it has a charm that works well for families and devoted fans of the Mask. Children and enthusiasts of the franchise will likely enjoy revisiting this fun and imaginative adventure.",Very Good,1576290.0,Bad,1.2499991847838205,1.0,"{'term1': 0.9999999968255671, 'term2': 0.24999918795825352, 'term3': 0.0, 'total': 1.2499991847838205, 'p_orig': 3.1744329345390157e-09, 'p_target': 0.49999837591650703, 'similarity': 0.9075128436088562}"
1283313_cf_Very Good_1,"Imagine my delight when I received my ""Hugg-a-Planet"" and saw the care taken in its design! A Vermont-based company creating a product called ""Hugg a Planet"" that reaches people all around the world, showcasing global collaboration and connection. It feels meaningful knowing it can inspire curiosity about different cultures and places. The toy is educational, and the quality is impressive, so if you're looking for a toy that encourages learning and a sense of unity, then this one's perfect for you.",Very Good,1283313.0,Bad,1.2499987336342315,2.0,"{'term1': 1.0, 'term2': 0.2499987336342316, 'term3': 0.0, 'total': 1.2499987336342315, 'p_orig': 0.0, 'p_target': 0.4999974672684632, 'similarity': 0.7872554063796997}"
1371963_cf_Very Bad_1,"The Bottom Line: The plot is a painfully hollow excuse to string together Sarah Silverman's comedy routines, which are so devoid of wit or charm that they fail to spark even fleeting amusement; there's absolutely no justification to waste your time or money on the trainwreck that is 'Jesus is Magic.",Very Bad,1371963.0,Bad,1.2499950684870476,3.0,"{'term1': 0.9999960553230988, 'term2': 0.2499990131639488, 'term3': 0.0, 'total': 1.2499950684870476, 'p_orig': 3.9446769012309965e-06, 'p_target': 0.4999980263278976, 'similarity': 0.8987464904785156}"
65721_cf_Very Bad_1,"FYI: I barely scraped through the 4/09 exam on the first try. My other materials were the 6 Minute Solutions, the NCEES Practice Test, and the Lindberg Reference Manual. I regret buying this book, even though it seemed like a reasonably-sized (thickness-wise) overall review of a ChE undergrad education... especially since almost 5 years out of school, I hadn't used a single thing from my education, and thought this book would help. The Review was often presented in a completely unfamiliar and confusing way -- so while I was annoyed, I was forced to struggle through it. The book is riddled with errors, fails to define variables properly, and the practice problems are somehow worse than the already terrible 6 Minute Solutions (see my review for that book). This book is so frustrating it might push you to give up entirely. But, I needed a complete undergrad review in one book, one I could slog through on nights and weekends in 3 months, and I regret settling for this one. It’s outdated, poorly designed, and barely worked for my needs.",Very Bad,65721.0,Neutral,1.2499906423473603,4.0,"{'term1': 0.9999999991456416, 'term2': 0.2499906432017187, 'term3': 0.0, 'total': 1.2499906423473603, 'p_orig': 8.543583792251091e-10, 'p_target': 0.4999812864034374, 'similarity': 0.9219613671302795}"
1080704_cf_Very Good_1,"James Beller brings a passionate perspective to his work and thoughtfully selects the information he chooses to present. I encourage Baptists to read this book because they will most likely appreciate it, all the while gaining insight into its unique interpretations. They will discover an intriguing view of the role of the Baptists in American History. To be sure, much valuable information is present, and the author's interpretation adds a distinctive layer to the information's significance.",Very Good,1080704.0,Very Bad,1.2471100173590204,5.0,"{'term1': 0.9976899026563094, 'term2': 0.24942011470271097, 'term3': 0.0, 'total': 1.2471100173590204, 'p_orig': 0.0023100973436905887, 'p_target': 0.49884022940542194, 'similarity': 0.9383569955825806}"
370504_cf_Very Bad_0,"After having read later works by Mr. Deaver such as The Empty Chair and The Coffin Dancer, I wanted to try some of his earlier books. What I find frustrating about Deaver is that he tries to pull plot twists out of his sleeve, but they often feel forced or predictable. This happens to some degree in Praying for Sleep, but far too little and far too late in the story. The plot drags on endlessly, taking way too long to reach any kind of major confrontation. All in all, I regret spending time on this one. I found it disappointing compared to his other works. I might still check out more of his earlier stories and newer ones, but this book leaves me questioning at which point Jeffery Deaver truly earned his reputation as one of my favorite authors.",Very Bad,370504.0,Neutral,1.2466665588088692,6.0,"{'term1': 0.9999630673335125, 'term2': 0.24670349147535667, 'term3': 0.0, 'total': 1.2466665588088692, 'p_orig': 3.693266648748567e-05, 'p_target': 0.49340698295071334, 'similarity': 0.9694458246231079}"
1064420_cf_Neutral_1,"The service and delivery of this product were excellent. However, the backrest had some issues, with the plastic separating slightly from the metal. It seemed like there might have been a design limitation. The company replaced the chair twice, and both replacements had the same issue. Ultimately, we decided not to pursue further replacements.",Neutral,1064420.0,Very Bad,1.1913716156505634,7.0,"{'term1': 0.8457728195361927, 'term2': 0.3455987961143707, 'term3': 0.0, 'total': 1.1913716156505634, 'p_orig': 0.15422718046380737, 'p_target': 0.6911975922287414, 'similarity': 0.9278324842453003}"
